행정동,주말집중도,2030주말집중도,주말_총인구,평일_총인구,업종점수,2030비중,구역유형
가락1동,0.9921314334363062,1.0263435351263654,716752.9517307692,722437.499281978,0.0382000320125877,0.1396336594858623,주거형
가락2동,1.0048798972093134,1.0143277072880912,614430.0314961539,611446.236711978,0.2898913587838491,0.1975329800345728,주거형
가락본동,0.9353391917831616,0.9264362050640375,887327.4870115385,948669.2045052747,0.5292603131555075,0.2427373083258884,혼합형
가리봉동,0.940658526515163,0.937225084081111,242814.96335384616,258132.9531486813,0.2452795886620165,0.2112112352931242,혼합형
가산동,0.5729822416257867,0.5620266000619264,967968.6360615385,1689351.8956451647,0.7894507056456838,0.2921142223944198,오피스형
가양1동,0.781732116592227,0.7613682828488658,910226.6849115385,1164371.6122083517,0.5462368459966332,0.3619516458428414,오피스형
가양2동,0.9933592775588114,1.0235481455361823,382078.04914615385,384632.28539538465,0.1788129039880867,0.2898966219812542,주거형
가양3동,0.9049505169659585,0.8512462493148532,270783.32399615383,299224.4536242857,0.2115368169994286,0.2930484197709821,혼합형
가회동,0.7601050763070757,0.867176638107477,121360.80644230769,159663.19687263737,0.9253144194605112,0.4226457997027877,오피스형
갈현1동,1.0396749765251772,1.1184708340996712,438005.0213807692,421290.33714428573,0.4550111028746162,0.3386039401381421,주거형
갈현2동,1.0367363010272106,1.120270911396461,500545.73765384615,482809.1166074725,0.3708261802049293,0.2184603049433717,주거형
강일동,1.008099641651068,1.0076200030045988,1230074.4341000002,1220191.321648901,0.4290101760094317,0.2207330790896554,주거형
개봉1동,1.066774245468364,1.103758303267981,736193.2825576924,690111.6011049451,0.2886689715181515,0.1854873825621716,주거형
개봉2동,1.0922343733432411,1.1158207720556086,598734.9983884615,548174.4696935165,0.349640024382864,0.2308009129058039,주거형
개봉3동,1.0604510892464085,1.109120145287484,422630.8866115385,398538.78306813183,0.281589256733801,0.1635292145188777,주거형
개포1동,1.0506442790769808,1.0858513469710733,592830.1774076924,564253.9432361538,0.5417773338880335,0.190521849024913,주거형
개포2동,1.0433929597473233,1.1015689184658142,816724.7110692308,782758.5028626374,0.3940485902792712,0.1751057074605132,주거형
개포4동,0.9572233368082795,0.9154096023155773,370424.12763846153,386977.7442676923,0.3416830229638782,0.1820487283340642,주거형
거여1동,1.0351955840806635,1.0633779432071742,278481.11535769235,269013.04414373625,0.3559992577409427,0.2233801213725403,주거형
거여2동,1.0424614853374257,1.0507039246254675,448809.64186538465,430528.7515923077,0.3585522143746756,0.2010110141576085,주거형
고덕1동,1.0083506801522693,1.0425894066483967,597585.5185807692,592636.5998885714,0.4127039512573981,0.1740776890260398,주거형
고덕2동,0.9746900005003877,0.957790978095255,499603.73923846154,512577.064484066,0.3495045707791647,0.2150049827240867,주거형
고척1동,1.0270030317399579,1.0266661676537707,591037.9041153847,575497.7208918681,0.2617082494089815,0.1881343482033783,주거형
고척2동,1.051239666777423,1.097716744403563,385295.11054230767,366515.00387483515,0.2592399210435486,0.1551091053795361,주거형
공덕동,0.96065455588982,0.9698895230193436,825276.1449730769,859076.9074203297,0.5011280910738455,0.2457529707154686,주거형
공릉1동,1.048015425691721,1.0715291696186364,971859.9125076922,927333.595177033,0.4862591673179823,0.2343896892894984,주거형
공릉2동,0.9617854645440211,0.8921619469626865,1032398.0630192307,1073418.2425065935,0.4785991585310041,0.285143375853227,주거형
공항동,0.9374196019364434,0.9318244954240402,835163.9879153846,890917.9903963736,0.4059477254774444,0.2241839116116547,혼합형
광장동,1.0151212842843758,1.0576699789350943,835324.7374,822881.7091436263,0.4532725116049387,0.1922401778394602,주거형
광희동,0.722004371830322,0.8034354726622902,455669.37342307693,631117.1943016484,0.3278298099040466,0.2707403825446098,오피스형
교남동,0.9456909383877012,0.9461302131170689,192379.04201923078,203426.96985890108,0.4241206655199808,0.1908830734883279,혼합형
구로1동,0.996307168487558,1.0515074903033539,375754.13872692303,377146.8786050549,0.1710986616128899,0.1494689229475785,주거형
구로2동,0.9337694355200955,0.9055576382817296,783933.7905730769,839536.7857981318,0.1109609452463454,0.0938658114903156,혼합형
구로3동,0.6401576705603608,0.5830828542352812,670548.0866269231,1047473.3295626374,0.5212522991204441,0.3763601358143476,오피스형
구로4동,1.030306027530539,0.9958557749983632,432996.0181730769,420259.6186017582,0.3330161862184182,0.1710434122067988,주거형
구로5동,1.00383491994587,1.0538768283789186,796833.7930999999,793789.6732492307,0.4259386913153833,0.3073336292478756,주거형
구산동,1.025689965570946,1.0695540882387016,624105.3753192308,608473.7067421979,0.3598038154165637,0.2100617762120074,주거형
구의1동,1.0020263640844889,1.0554408903871912,528950.9735961538,527881.2939013187,0.4561562398495818,0.2851458538759864,주거형
구의2동,1.0576333444260646,1.092250698082187,477445.4387192308,451428.1260471429,0.4334306364390998,0.2171167499664022,주거형
구의3동,0.9960660129610989,0.9926380076771798,678908.6025230768,681589.9686254945,0.2183185245312263,0.2100296939477097,주거형
군자동,0.9434298586554598,0.9226715337894111,519161.74861923076,550291.8355362637,0.5073047536263259,0.3508528956308865,혼합형
금호1가동,1.0995715507985149,1.1071101074774958,347144.56003461545,315708.93206769234,0.620634479786795,0.1872257014405234,주거형
금호2·3가동,1.0655094683646553,1.094098651326512,500794.5216423077,470004.7597051648,0.5109658134136709,0.1775210819737308,주거형
금호4가동,1.0484280897399674,1.0900791058297807,298141.8423538462,284370.33047043957,0.2939393985070471,0.2217021483851046,주거형
길동,1.0275568034811884,1.0673038001102282,1394425.503976923,1357030.0924025276,0.4298466864644891,0.2283437201462581,주거형
길음1동,1.0349598962792164,1.0117261975362344,859872.5415615385,830826.9186592308,0.2396917684555372,0.1545965119060139,주거형
길음2동,1.106641108672727,1.105605526216667,485002.6185115385,438265.4997275824,0.3086472552827844,0.1907679690366371,상권형
낙성대동,1.0438643797918818,1.0640568774366057,573755.2731730769,549645.4178151649,0.6500782964936651,0.5127531739204086,주거형
난곡동,1.0665398484241355,1.119992003769525,414233.07347692305,388389.68285054946,0.2720204743553677,0.2125377458017726,주거형
난향동,1.0817368507514384,1.0843176618285455,249120.79412307692,230297.03938626373,0.2341516019150382,0.1299094060869029,주거형
남가좌1동,1.0624624434231518,1.0523557945782978,210552.28090769233,198173.85754296702,0.2149810617540175,0.1187527780657987,주거형
남가좌2동,1.0127768848587302,0.9882556635565051,484024.48895,477918.1833494506,0.4175015822978419,0.2597306494849679,주거형
남영동,0.7738694657040047,0.8112107975884127,319905.8291038461,413384.7415892308,0.7389211559459136,0.3832124801821016,오피스형
남현동,1.0292092845888978,1.0502963338012234,574630.5178192308,558322.3222172528,0.5750544724717711,0.4204836244098603,주거형
내곡동,0.9054648630948243,0.8042689493248011,563110.7125307692,621902.3349024176,0.7317756376979709,0.1764546089162127,혼합형
노량진1동,1.0249575783982223,1.0018935192152687,857238.3521115384,836364.7141876923,0.0717331366351573,0.2444476048377279,주거형
노량진2동,0.9636427317656794,0.982246716577742,371745.9137269231,385771.5120683516,0.0287186751555569,0.2467033767001041,주거형
녹번동,1.0298541503687093,1.0482569439745346,753096.1000615385,731264.810450989,0.3772513111438298,0.1432051251024317,주거형
논현1동,0.7722502144248908,0.7402604544194009,813572.5405576923,1053508.9862857144,0.3286823977834051,0.3755198083185737,오피스형
논현2동,0.7095271272284925,0.5951576883857279,870322.3760653846,1226623.1165325274,0.5798658755169553,0.319290965538128,오피스형
능동,0.9839884489172014,0.9878289467808201,360187.38237307686,366048.38478483516,0.5849527890011136,0.3772584643411919,주거형
다산동,0.9148918878674209,0.9294202705389335,336828.03896153846,368161.5756225275,0.4994273331325396,0.2891837952848431,혼합형
답십리1동,1.0146374022656348,1.0402306029498232,552661.7683346154,544688.9372504395,0.425888202836265,0.173044199006695,주거형
답십리2동,1.0400547629341619,1.0579844813442152,483697.11468846153,465068.8905302199,0.4360290492803998,0.2097954249240213,주거형
당산1동,0.9075838800433836,0.9344029740001539,540015.3783961538,595003.2721717582,0.228896441668611,0.2303434263924985,혼합형
당산2동,0.9443936057376888,0.9835519422178557,907844.7390653845,961299.1167557143,0.5461334938122417,0.3638519320706859,혼합형
대림1동,1.0712945038784938,1.0996594686339418,382389.8549576923,356941.8619934066,0.3165294538133461,0.1926483756118642,주거형
대림2동,1.0757163306541364,1.045751062520346,434517.4858884616,403933.14994505496,0.4626282156166647,0.1764649274631321,주거형
대림3동,1.0319901818079649,1.037354817564013,557461.7332076924,540181.2372197802,0.1754870006724825,0.1373880007393879,주거형
대방동,1.000756834389892,1.0527619627243665,995869.4638384616,995116.3255813187,0.3782023819380505,0.2311214246137437,주거형
대조동,1.0327744588117844,1.0719292263420148,1335571.3651653845,1293187.8337715385,0.4065394455639866,0.2482039967369769,주거형
대치1동,1.0065554265631758,0.9484165168142025,682696.6327923076,678250.4120248351,0.150855062403349,0.0844430410897188,주거형
대치2동,0.8373483299654223,0.6174145270577347,1083095.9442461538,1293483.136570989,0.2780595348556115,0.132608040517295,혼합형
대치4동,0.9398935155298248,0.8083801513388228,988027.2385384615,1051211.889659121,0.4280884749448397,0.1811716045963915,혼합형
대학동,0.8369869490217104,0.7361380098010915,676444.2252384615,808189.692837033,0.5485298409861867,0.457730403041569,혼합형
대흥동,0.899531968811488,0.8929888847323837,470144.22960384615,522654.27567296696,0.2966642793514329,0.3302739810689919,혼합형
도곡1동,0.8957691942217281,0.8103429009585827,857349.0164923077,957109.2888913186,0.2981875513956587,0.2187172069728436,혼합형
도곡2동,0.9187375026608331,0.8317474870220332,642479.6232307693,699307.0614512088,0.4537174972450916,0.178672053114007,혼합형
도림동,1.09462117160347,1.1077899176495876,392841.5304346154,358883.54859714286,0.292687182531176,0.1936617327069053,주거형
도봉1동,1.097097352450512,1.0769972347842809,440409.17274230765,401431.2601872528,0.4104528187276294,0.1203849915056311,주거형
도봉2동,1.0318306583305668,1.009835896595647,451502.96234615386,437574.6724531868,0.4529614441096549,0.1785573103779769,주거형
도화동,1.0014793939225495,0.9818790291491857,415235.8988192308,414622.5087995605,0.5558394386738025,0.2336845309731354,주거형
독산1동,0.9763647415433592,1.0342908341129,950014.0049576922,973011.380415055,0.1163524353171574,0.1667938783407414,주거형
독산2동,1.1015373993200663,1.1453884836896853,334602.5172,303759.5613245055,0.3512379922644755,0.1880035706665996,상권형
독산3동,1.0406663231612896,1.092307115517023,420825.3492576923,404380.67408516485,0.3497269301640855,0.1779018332852238,주거형
독산4동,1.0921387742504463,1.1346554529112935,284191.3714846154,260215.4398186813,0.4999008413732346,0.261183560101751,주거형
돈암1동,1.0258252813714492,1.0685911480642305,277282.6904846154,270302.063635934,0.0766395967704178,0.103263913716905,주거형
돈암2동,1.0586419615961244,1.0732478412248139,339387.8918615385,320587.9836369231,0.2420416388297719,0.171224005410476,주거형
동선동,1.0094645963292128,1.0315170406560508,572771.4247461539,567401.2014180219,0.6113430535460073,0.4377965914128044,주거형
동화동,1.0051585808196288,0.9941463587241591,304886.70221923076,303321.9912131868,0.6720599330827107,0.2937121359425452,주거형
둔촌2동,0.9710803182662043,0.9876775747711148,604466.0825653847,622467.64886,0.5491577274615626,0.1879582083509283,주거형
등촌1동,0.985920112485514,0.997596537596586,516830.14247692307,524210.97402505495,0.445486086996605,0.2858778440240941,주거형
등촌2동,1.046549724974411,1.1046874991202025,363819.44285,347637.0345029671,0.4126254216281295,0.2443460415499445,주거형
등촌3동,0.9644261951208623,0.9674741628755414,908214.0033076922,941714.3664309891,0.3386838088180881,0.2199166702511965,주거형
마장동,0.9679717905075409,1.0095311262487188,459381.49251153844,474581.4878248352,0.5422119750811015,0.2193284385115098,주거형
마천1동,1.0966576351712172,1.098320086880944,298141.1772076923,271863.4947187912,0.1192326922052502,0.0846783943043626,주거형
마천2동,1.0764012861236072,1.096976889512407,345761.0545961539,321219.4736791209,0.3028931357824964,0.1218803794662596,주거형
망우3동,1.0407223784045703,1.098240023382592,256053.74871923076,246034.63328208792,0.4732777120208316,0.2100795994801353,주거형
망우본동,1.0436187260755192,1.0954299775485734,1002959.5704192307,961040.2203023077,0.4066280728587734,0.1847155080400676,주거형
망원1동,1.1177589148720097,1.1763893039752245,517046.6517038462,462574.39312219777,0.4243344188031239,0.3611780864627752,상권형
망원2동,1.090293995195394,1.113915687556415,413638.72561923077,379382.74212461535,0.3227829000001549,0.265187091106176,주거형
면목2동,1.0411119137229503,1.0920618847290762,462995.7245846153,444712.73307109886,0.3298994490086234,0.1720223518725039,주거형
면목3·8동,1.0173070645578375,1.0447102863668438,487637.57896538463,479341.583239011,0.4565027590292289,0.2548007697409942,주거형
면목4동,1.0411321777349016,1.094655674858741,379961.77495,364950.5635073626,0.3045016118526983,0.1956836508333387,주거형
면목5동,1.0846630281225333,1.1201120512633636,296993.2772807692,273811.561360989,0.3182649262565453,0.2174891495841796,주거형
면목7동,1.069929431641112,1.101356722779398,390301.31902692304,364791.6465184615,0.3195441708529414,0.191719714571504,주거형
면목본동,1.0638725389231756,1.0883742602654465,667475.4089884616,627401.6713168131,0.4119894716089795,0.208774633359825,주거형
명동,0.5124499052497337,0.5285938328303833,547588.836523077,1068570.4708174723,0.6769286470867382,0.3368868779935541,오피스형
명일1동,1.0758880870622927,1.1427131299620967,663256.8259423077,616473.8079341758,0.3514742814329705,0.1837185011584406,주거형
명일2동,0.9716228938951752,1.0296695245252674,361676.10622692306,372239.1768446154,0.2643945507967472,0.1477897140362681,주거형
목1동,0.9919112044764536,0.9772777562653726,942907.3812538462,950596.562473077,0.3930722911072182,0.2233410136166364,주거형
목2동,1.0766130788448165,1.0948687307379006,553881.6070807693,514466.7271505495,0.4387232903829962,0.3234461627354764,주거형
목3동,1.0539376953796429,1.1052365381215987,453371.3720961538,430169.0451757143,0.2831183881633758,0.2285862580911473,주거형
목4동,1.0340043576802933,1.076095489805519,440089.0854961538,425616.2773660439,0.2615052766696514,0.167162557219896,주거형
목5동,1.0276284895310666,1.0335656620778912,967212.3293653846,941208.169312967,0.1544997006153175,0.0846809046186253,주거형
무악동,0.9796880475167944,0.9594438362457054,142628.02420384617,145585.14270472527,0.2869526162942208,0.1562476061816472,주거형
묵1동,1.048359107373461,1.0993805916347086,600886.1968423077,573168.2899648352,0.2959161667877149,0.1738604138494731,주거형
묵2동,1.0692756976784648,1.1072502213552464,438557.27884230774,410144.24978934065,0.3579260159266509,0.2341302749940171,주거형
문래동,0.8920395216954573,0.8963038321136919,862085.4641153847,966420.7057517583,0.3014693786825994,0.2385437708111268,혼합형
문정1동,0.9436123572895496,0.9093569854493346,471046.03875,499194.4362651648,0.4838251553239737,0.2481582398136127,혼합형
문정2동,0.794810377002222,0.7089104107731847,824940.47655,1037908.5382118681,0.3752919822652878,0.2637413301514149,오피스형
미성동,1.0463678580461322,1.1183080897301165,479705.5498307692,458448.2848379121,0.3305308788482879,0.1765407270029388,주거형
미아동,1.0065603058981976,1.0367985761675809,510403.4697653846,507076.89025142853,0.4128834862771709,0.1929830149391249,주거형
반포1동,0.9226536431715874,0.8938493685218294,728106.9227653847,789144.3643603296,0.2443771194237582,0.3246343162343154,혼합형
반포2동,1.0234031625291107,1.1315031885951918,574160.6895384616,561030.7946670329,0.1130331972745247,0.089992944247627,주거형
반포3동,1.0486917501861086,1.0787479098311274,659740.0361769231,629107.6820808791,0.4354822427034211,0.1444661055832214,주거형
반포4동,0.9372028783310912,0.9689849138477883,1048001.0057961538,1118222.137412088,0.323595823116151,0.1511965171679097,혼합형
반포본동,0.8298052269412942,0.9110226672427401,103842.18918846153,125140.43755934066,0.6135497905224219,0.1034653507300476,혼합형
발산1동,0.9112402598356866,0.9197396809562755,737385.9825538462,809211.3738332967,0.105262657796851,0.1354576744774508,혼합형
방배1동,0.8976709148478921,0.8111722613503579,419419.7556461538,467231.0851435165,0.2748905514196922,0.2716403206978786,혼합형
방배2동,0.9369172990181331,0.9704590588326371,420530.7193076924,448845.07922780217,0.6787313244619518,0.3294309493801715,혼합형
방배3동,0.9621096154772196,0.9309965372635269,485911.34690769226,505047.8023407692,0.2343641961155438,0.1634702796068536,주거형
방배4동,0.9226914491712606,0.8822936283121534,583122.5846807692,631980.0462056043,0.3291512219364567,0.2081222693142835,혼합형
방배본동,0.9793425231867833,0.9600631973445228,413712.10579615383,422438.62183164834,0.35929762556644,0.2009405541543518,주거형
방이1동,0.9981226286914056,1.043244064989302,423535.08416538464,424331.71234747255,0.377258820648813,0.1949850043367723,주거형
방이2동,0.9945055296102194,1.0778391145389408,850703.5534269231,855403.5428645056,0.666996396256406,0.4503683945223277,주거형
방학1동,1.0408777816721593,1.0538204323981304,576865.1615115386,554210.274893956,0.4344227215934669,0.1969452595540539,주거형
방학2동,1.0747162619244914,1.1111346012655299,265244.7586269231,246804.4525091209,0.1247342122487084,0.1452257163296326,주거형
방학3동,1.056153177443363,1.105302161458523,502603.9361384615,475881.66837230773,0.4293289876515485,0.1539933734921495,주거형
방화1동,1.002014609696088,1.0120086249580809,816816.4039769231,815174.146237912,0.3425719732372398,0.2261617295709846,주거형
방화2동,1.0639201715053626,1.0715471070029818,681875.0074538463,640908.0546795605,0.4962381129179243,0.2156110936842667,주거형
방화3동,1.0402992332706766,1.075070046711677,342171.8136038462,328916.7219013187,0.4670817208105058,0.1907155675129624,주거형
보광동,1.003554242119196,1.0039027216750465,176262.3686769231,175638.10831461538,0.5003380931948154,0.2518674570393819,주거형
보라매동,0.989048221431503,1.012734581663414,375292.1649923077,379447.79320175824,0.4369655131391079,0.3081999816724843,주거형
보문동,1.003206124428046,1.041206037716503,359360.7930230769,358212.3197542857,0.4335230157369868,0.2574866772005191,주거형
부암동,0.9884283592699131,0.9415475811076681,297744.2036923077,301229.92819857143,0.5863807441938274,0.217662456918996,주거형
북가좌1동,1.0483150192597117,1.085946652587818,329908.2366192307,314703.33874659345,0.2274356724074613,0.1285861305213254,주거형
북가좌2동,1.0524975190040335,1.06755377242243,717795.6501692308,681992.7241714286,0.329630140339284,0.2702602291311601,주거형
북아현동,0.6952326018198416,0.6508777001760517,873543.2894576923,1256476.303284835,0.3350016109412589,0.2067468911088779,오피스형
불광1동,1.0785438653504547,1.1228990213322565,640672.1634769231,594015.8616253847,0.3911154015657855,0.2195261319593199,주거형
불광2동,1.0644955665548252,1.1265281894216794,547617.0174538462,514438.0443275824,0.3295694031796713,0.1762269435009522,주거형
사근동,0.8300943592287802,0.8224741837531733,459528.4115884615,553585.7538116483,0.6987895246157019,0.5808595658883278,혼합형
사당1동,1.014634994994031,1.0649426443319383,545384.5472846155,537517.9744197803,0.6100779262432325,0.4080630994993272,주거형
사당2동,1.0405921529905118,1.0747062651401766,792405.9317038462,761495.2019641758,0.4821090347700992,0.2707182943189382,주거형
사당3동,1.0738041866131882,1.0887031931758886,453306.4593807692,422150.02048978023,0.4035953002536231,0.2303435515046491,주거형
사당4동,1.0916496068765253,1.1298032266994742,350224.14174999995,320821.02127263736,0.165937762423794,0.1926891249556538,주거형
사당5동,1.056017627109934,1.0904769303666169,290518.14065769233,275107.28343879123,0.3565909389316073,0.2396308433770544,주거형
사직동,0.7184166036096653,0.6826723646378431,445158.2136923077,619637.9808813187,0.7830555942598041,0.3173744110138005,오피스형
삼각산동,1.0367788171170913,1.0738788533474781,457149.10752307693,440932.14480813185,0.3053602364995558,0.166689719896907,주거형
삼선동,0.98096321351845,0.9868056040809418,586174.7561653845,597550.1915743956,0.3535791386318266,0.24857688679855,주거형
삼성1동,0.7619936676830265,0.7034053745462223,797134.3233730769,1046116.7292858241,0.7049366292318825,0.3211635766470669,오피스형
삼성2동,0.7524761893485883,0.6326742640000409,771891.0853115385,1025801.3426042857,0.5018793086082479,0.2775029725037271,오피스형
삼성동,1.044804832881393,1.0598215735353835,463890.5583153846,443997.33205296705,0.2124717178442852,0.1454147395501046,주거형
삼양동,1.0467734214039337,1.08376799172444,539502.7596115385,515395.9286508791,0.2079388436254083,0.1681808528056682,주거형
삼전동,1.0306178008234073,1.065778184879936,678099.2504923078,657954.1416328572,0.2950653928728566,0.2222705247826902,주거형
삼청동,0.8865341911528192,0.9940739526946881,131949.07943461539,148836.98874945054,0.9068808508616796,0.4256310796485085,혼합형
상계10동,1.106115694042202,1.1627556746417065,308510.2488,278913.1828268132,0.2521585324989412,0.2596879661229121,상권형
상계1동,1.070249644132047,1.0910654357900327,858859.0235115385,802484.755048022,0.5083893514401728,0.1974492769751641,주거형
상계2동,1.085145201726231,1.1074736666067382,716215.7728115385,660018.375119011,0.5384142413661659,0.3450798335524264,주거형
상계3·4동,1.0820442244157138,1.0898376685445466,522521.66317692306,482902.31710175826,0.411162515158458,0.1453868761156247,주거형
상계5동,1.0700675912078677,1.111959158257387,392883.7532461538,367157.8846740659,0.3199593510983283,0.1688457752322782,주거형
상계6·7동,0.9989132751518464,1.0295467673269125,1070108.5128153847,1071272.6914683518,0.2622797461234424,0.2951245703043078,주거형
상계8동,1.0125809691140548,1.0738271249537223,408925.2313846154,403844.4764989011,0.2941443210168839,0.2137900590133619,주거형
상계9동,1.0245240772988697,1.1094286096833657,396378.89191923075,386890.753181978,0.1945256011448027,0.1769107441728428,주거형
상도1동,1.0072723821902636,0.9684575752311029,1004406.2915576922,997154.6021878023,0.3745492767311618,0.2623519872328269,주거형
상도2동,1.0115555968257566,1.0474231643215164,478214.24512307695,472751.3214535165,0.3326550757570054,0.2205852780502699,주거형
상도3동,1.0919264254787058,1.1261077556750088,415417.0111230769,380444.1411342857,0.2703529873996761,0.1935024298448234,주거형
상도4동,1.0864468012973183,1.132899826382611,515102.4623230769,474116.5989057142,0.3510638259898814,0.2133823444232414,주거형
상봉1동,1.0067872183221271,1.0833274557781147,383273.91113846155,380690.08442241757,0.4509267954466099,0.2353384163819072,주거형
상봉2동,1.0759071011855224,1.1406875617417853,625480.9771923077,581352.2157285714,0.5548832830539199,0.399897470173487,주거형
상암동,0.8089842350231783,0.6994021761680429,962815.4197423076,1190153.501217143,0.641604818972007,0.324695225743995,혼합형
상일동,0.9964713351153296,1.0203196109824781,963558.1059692308,966970.2198284615,0.5637924450273911,0.2049604780057113,주거형
서강동,1.000801106416938,0.9739992124967105,611393.5176923077,610904.1184828572,0.6492555132443246,0.504326575026758,주거형
서교동,1.0550067008371502,1.1262072664796312,1799891.5500615383,1706047.5053223078,0.665769167271514,0.5827131093171165,주거형
서림동,1.083820281396681,1.0867413193256599,436473.98489615385,402718.0450375824,0.4262790694339196,0.3054001418924597,주거형
서빙고동,1.0753783162453459,1.0970150302781891,362028.5472307692,336652.26624131866,0.4909501186080776,0.1858936524764067,주거형
서원동,1.1011389564659992,1.129770103207739,543220.4768307693,493325.99999384617,0.6658274353197249,0.5648345004391595,상권형
서초1동,0.8010627858352917,0.7073102428626734,648851.2692576924,809988.0318134066,0.4840290518286973,0.2204868926705341,혼합형
서초2동,0.6866836878463427,0.6251980083206736,826759.3996346154,1203988.698533956,0.4651775825763978,0.3048329392727696,오피스형
서초3동,0.7547097838936336,0.7117636640277981,1241465.7665346153,1644957.827537033,0.5803789148594642,0.2245241839402004,오피스형
서초4동,0.8448160625414453,0.7793504559404713,862187.0522307693,1020561.8601013187,0.3632132939162684,0.430556839599123,혼합형
석관동,1.0251354999261746,1.0368477587811291,655655.7932884616,639579.6393117582,0.5576177740958688,0.2415048311002084,주거형
석촌동,1.0287621457829363,1.062917306082218,648469.4019038461,630339.4857227473,0.4231818576995901,0.260026520143535,주거형
성내1동,0.9317816234882439,0.9133869806020363,527162.6619884616,565757.7362547253,0.478810643502843,0.2222875205558991,혼합형
성내2동,1.0545602598461603,1.0928662217567042,597358.8512115385,566453.0268746155,0.4224959593201177,0.3030986993456788,주거형
성내3동,1.0121200492328484,1.0364956284633053,668260.0206346153,660257.6652257142,0.3869844597302461,0.1917897720157118,주거형
성북동,1.01202676056412,1.0513626006002534,476130.9160653846,470472.6541025274,0.5525205507481276,0.1749915678385838,주거형
성산1동,1.0191347632822252,1.0337201720994613,472441.34863846155,463571.02677659335,0.3563060248817855,0.2717552278551394,주거형
성산2동,1.1013535357024995,1.192980315284711,907895.8887346154,824345.5523620879,0.3947476447692494,0.2519636959661663,상권형
성수1가1동,0.8996349210261414,0.8511081096346913,393667.4172769231,437585.74514637364,0.5403462222077349,0.289527288869431,혼합형
성수1가2동,0.7719460324719545,0.7486143173087685,395911.09990384616,512874.06534890115,0.6710467681447817,0.3369247328483133,오피스형
성수2가1동,0.9211379984127167,0.9111606864167515,423698.3948576923,459972.76801934064,0.6030068810127482,0.4113395338778122,혼합형
성수2가3동,0.6958490525042871,0.6852120228471257,631149.6385038462,907020.9066641759,0.5718909407533578,0.3835773182870606,오피스형
성현동,1.0761165061685223,1.133363892204556,499860.09577307693,464503.69723703293,0.2104177664925884,0.1719906696423402,주거형
세곡동,1.011748745836132,1.037979523485507,1122147.0744,1109116.348320879,0.2908838432226339,0.2238447942470246,주거형
소공동,0.44276482969026515,0.4573472936713619,360007.25900384615,813089.1047865934,0.6472219038757249,0.2222349465864267,오피스형
송정동,0.9731900882890981,0.9891342668455462,217135.11353846153,223116.85676967032,0.3916661008943775,0.2480215596375141,주거형
송중동,1.0299180750484995,1.0775003962620153,816820.2968038461,793092.4959884615,0.4971999103417455,0.2906208661583278,주거형
송천동,1.0139689199721031,1.0679873150992352,621698.4922538463,613133.6769878023,0.298902499092586,0.1788294533252327,주거형
송파1동,1.0321511819558848,1.1106349971907636,676548.222773077,655473.960210989,0.4185666639683885,0.3387686491606974,주거형
송파2동,1.0059649046064314,1.0790010373434806,428146.1453807692,425607.43761560443,0.2820417622229725,0.1758340513682657,주거형
수궁동,1.0249503008285374,1.056363614772878,509849.15333846153,497437.9274061538,0.3569158047349633,0.1879353345781028,주거형
수색동,1.0187077798914206,0.994658154876061,395299.05982307694,388039.6985534066,0.3696903336711257,0.138388456804386,주거형
수서동,0.8646291116468914,0.8605166830078756,496370.92314230767,574085.369618022,0.5038108895430067,0.279167282858276,혼합형
숭인1동,1.0418863428078577,1.1025212566191858,178989.63005384614,171793.81540934066,0.3805012271028413,0.2368101298081495,주거형
숭인2동,1.0325909298952218,1.0627272715170188,313577.5558153846,303680.3314234066,0.5470466669702027,0.2411842019637895,주거형
시흥1동,0.9940037886221855,1.0310975534501055,641098.26055,644965.6106830769,0.3291165835467259,0.1673802115086042,주거형
시흥2동,1.0462491680556154,1.1079725268773755,361451.90632692305,345474.02030307695,0.0798772877067562,0.1449823241111033,주거형
시흥3동,0.93791897888514,1.0055068786137782,214932.8834923077,229159.32861043955,0.3472433975118423,0.1776122926671915,혼합형
시흥4동,1.1000144099792208,1.1595690735829078,259480.68883846153,235888.4451735165,0.3863961061847684,0.2007204500525779,상권형
시흥5동,1.065179511609613,1.1074115904817223,274605.0978576923,257801.70841131866,0.3316186929597616,0.1752042782208631,주거형
신길1동,1.0310242135167877,1.079710476472563,431939.11395384616,418941.7748789011,0.3847034247643828,0.233890146122642,주거형
신길3동,1.0413730935107126,1.085686514813008,319439.45831153844,306748.3309316483,0.2844856481001854,0.1910485218414589,주거형
신길4동,1.0774882918723978,1.0959163072448599,174947.73056923074,162366.24740043955,0.3435200135890098,0.2347608791661762,주거형
신길5동,1.0469604160063382,1.09316661352807,242271.8350923077,231404.96181934065,0.2107944663170972,0.1402897815501443,주거형
신길6동,1.028935597226896,1.0708721099503742,478404.0287923077,464950.41096999997,0.3867151420502526,0.2506517737686172,주거형
신길7동,1.0284277993685724,1.0744943868152699,404881.2254692308,393689.49936769233,0.4493617485878258,0.255721558629267,주거형
신내1동,1.0197317486966222,1.0257858238790845,791645.9696730769,776327.667236923,0.3779121802654248,0.176881172559809,주거형
신내2동,1.0144946239416706,1.027901704551928,378150.1746269231,372747.34207824175,0.2275258310648881,0.1890885852466234,주거형
신당5동,1.0485515395792664,1.125593237752713,176576.50853846152,168400.4093964835,0.5462722620258704,0.260940752583554,주거형
신당동,0.7279210959190997,0.797360683876442,375981.9364807692,516514.68626010994,0.8034706358467995,0.2492477353302252,오피스형
신대방1동,1.0489453771358543,1.0770867263159356,474166.09380384616,452040.7870031868,0.4858289242191265,0.2795462371128008,주거형
신대방2동,0.9462329525896654,0.9658278041730737,549349.1359115385,580564.3677997802,0.6179317841763606,0.2943300351561214,혼합형
신도림동,1.0396201239127993,1.0964774645334623,821789.0240423076,790470.485459011,0.3861816712123747,0.2982821182307236,주거형
신림동,1.0865720318407535,1.1311578371606708,705328.5157384615,649131.8523481318,0.5283738882684652,0.4964221965697106,주거형
신사1동,1.0854850171645305,1.1083737516473755,578409.7489423077,532858.3442387913,0.4072008044266558,0.2359196525615839,주거형
신사2동,1.035059353089291,1.1147318952492624,314448.11077307694,303797.1782338462,0.2148039346215889,0.1460869561059828,주거형
신사동,0.9380617722007444,0.9583557702619382,1241606.7519423077,1323587.4104851647,0.3976068045040782,0.3873398378568771,혼합형
신수동,1.0133671402831999,1.0261346942906897,389619.6664115385,384480.26477615384,0.4036818687619811,0.1954610794030198,주거형
신원동,1.093850426878845,1.13630421901264,393456.2076153846,359698.3627259341,0.369413439254056,0.2152642786599681,주거형
신월1동,1.076824137858149,1.1344244241133523,370712.5511076923,344264.7114551648,0.2986450846644057,0.1689899975684604,주거형
신월2동,1.0616355888704443,1.117651759068989,297272.5466346154,280013.7351752747,0.2484123281484509,0.1359764142969564,주거형
신월3동,1.0137826190862163,1.0563153188925232,314466.7303423077,310191.4793387912,0.372282088657879,0.2042697522258704,주거형
신월4동,1.0529228482665973,1.0846388999066334,287919.2694423077,273447.64140725276,0.4752028917148647,0.1860424950113683,주거형
신월5동,1.0036923395959867,1.1125826506521206,258990.2162153846,258037.4543056044,0.385657187585305,0.1773793289498243,주거형
신월6동,1.0239211021907653,1.0766685681849382,103074.41475769231,100666.36436846154,0.2328944364947876,0.174024609982518,주거형
신월7동,1.0550226196446413,1.1267052439490697,364879.742076923,345850.16025516484,0.3007103489678353,0.171844159158141,주거형
신정1동,1.0602822724816856,1.0922084214984156,388820.7948038461,366714.41642967035,0.3879985425214096,0.1707095719426166,주거형
신정2동,1.0520355997163564,1.0815164177620606,351960.25433076924,334551.6581621978,0.2830557770456391,0.1446084963340597,주거형
신정3동,1.028626573548073,1.0868034525807995,972694.6078961538,945624.6152974725,0.2157317148650892,0.2099315252822128,주거형
신정4동,1.0135195552586433,1.050881628328891,821184.9119346153,810230.9498360439,0.435251693899681,0.2352455945131042,주거형
신정6동,1.0170907064455033,1.0430528312362572,463167.1275423077,455384.2883502197,0.1370539782780132,0.0822533766860637,주거형
신정7동,1.0227994547183392,1.0846340846734754,519478.17310384614,507898.36727758247,0.2641002725383345,0.1408696173551758,주거형
신촌동,0.8160569867248935,0.8445789531397568,1114759.6353653846,1366031.6050221978,0.6259062769016698,0.4828407301305082,혼합형
쌍문1동,1.021275182678687,0.9800624912794561,395317.1841884615,387081.945094945,0.3559647895176357,0.2281112390017322,주거형
쌍문2동,1.0078333938627375,1.04968938460536,425494.21007307695,422187.0526062638,0.3033841542095692,0.1907184897976084,주거형
쌍문3동,1.0251771653452162,1.0596392072630727,394631.6479769231,384939.95117813186,0.466503511223336,0.1933638689365555,주거형
쌍문4동,1.029192687541807,1.108180050466219,272282.35116923077,264559.1583239561,0.1805586604407695,0.1377926521738683,주거형
아현동,0.9078679593146025,0.8985862403483409,612758.6451192307,674942.4724514285,0.2144976301075729,0.2652963234196556,혼합형
안암동,0.8161268345386894,0.792244362030049,480674.96277307696,588970.9079897802,0.7225874961056479,0.457378231160235,혼합형
암사1동,1.0661485254436702,1.0828082808541177,705922.1451230769,662123.6425096703,0.3862848397785315,0.2087089759111258,주거형
암사2동,1.0397545493478306,1.07947917210442,349685.25545,336315.19637912087,0.4288446967678802,0.2679017026536969,주거형
암사3동,1.0036675210035355,1.0652210520497276,339650.01965384616,338408.897912967,0.2432659481039148,0.1719597364037432,주거형
압구정동,0.888574623721409,0.9103102985061781,903275.6518384615,1016544.5059138462,0.5679043616375825,0.4006227524210722,혼합형
약수동,1.0348317064269867,1.0402507574848467,323030.5369307692,312157.5565616484,0.3681463686634326,0.2607820510276051,주거형
양재1동,0.8037074043369292,0.6827077372179825,1089273.8904961539,1355311.503438022,0.4010474993723611,0.2909801589378252,혼합형
양재2동,0.8358667952489839,0.7698313128120974,779585.2049730769,932666.7950015385,0.4794078968829492,0.2011391902548606,혼합형
양평1동,0.8921140767481588,0.8965718915681096,434792.24357692304,487372.9211423077,0.3997710114375834,0.2710722960865985,혼합형
양평2동,0.8752504095169567,0.9010962274725528,582175.5307884616,665153.1087083516,0.4751137371991623,0.2560499440409562,혼합형
여의동,0.6195512729101097,0.5553834968146135,1681592.1085692307,2714209.7548610987,0.6819274428852159,0.2758756959202006,오피스형
역삼1동,0.6515642921591114,0.637301802996318,1773519.836930769,2721941.4235451645,0.5267036893417956,0.4270633645964672,오피스형
역삼2동,0.7830302746711336,0.6418905964263468,1086603.6605653847,1387690.483642857,0.4273574025450503,0.2598458009224745,오피스형
역촌동,1.073002719364518,1.0929605153956201,981467.6818884615,914692.6323446153,0.5194286512399029,0.2228667856156675,주거형
연남동,1.0746632662345155,1.1491255451728284,422983.7160884616,393596.51472087915,0.8816629092642724,0.6354008100971866,주거형
연희동,0.9993280156211446,1.0258302595115225,876829.4766192308,877419.0885404395,0.5072994946321198,0.3004455408011452,주거형
염리동,0.9433326732793043,0.9612767686972825,376157.2269615385,398753.5231382417,0.591175516320043,0.2782548003346914,혼합형
염창동,1.0087248385553147,1.0466647990734,722172.6821230769,715926.3403857143,0.326877831978254,0.2853287570388577,주거형
영등포동,0.9997171500599619,1.0968802923869296,1176064.6537884616,1176397.3977218682,0.3322510879640198,0.3204644651481462,주거형
영등포본동,1.044449643031674,1.1239683923334682,456230.2779692308,436814.0494020879,0.2953407143762529,0.3879124008784115,주거형
오금동,1.0098191182322556,1.0473126453604042,891324.6047,882657.6845369231,0.2987336831861429,0.1515089089883065,주거형
오류1동,1.0789043054876264,1.126727398538754,434409.7783538461,402639.7671640659,0.4736492458695236,0.3106676948447606,주거형
오류2동,1.0389379261211709,1.0757342316414784,1240507.3423884616,1194014.8792332967,0.3158442178979914,0.1828135167423216,주거형
오륜동,1.1637343009137466,1.4532606257005916,515212.62873076927,442723.59105186816,0.9019531816406452,0.29639738177026,상권형
옥수동,1.008822405942465,1.0190815390571264,628390.0588115385,622894.6295304395,0.3114316552447475,0.2543553279764571,주거형
왕십리2동,1.0640263831932326,1.0996349955247071,347947.4981076923,327010.2166672527,0.4037438853127357,0.2461268224677991,주거형
왕십리도선동,0.997986258857836,1.0241180767425255,688535.7632423077,689925.0937886813,0.5581645372474093,0.2806284590710026,주거형
용강동,0.9104504602319892,0.84164291356793,547722.8502807692,601595.445556923,0.5257795578422023,0.1731252301081945,혼합형
용답동,0.9762383150467914,1.0072920268134162,434859.4875653846,445443.9872548351,0.4218653206154258,0.2326518440459449,주거형
용문동,1.041684127984908,1.0585692952517762,202212.0068423077,194120.2725565934,0.2079626382333241,0.1350069617426478,주거형
용산2가동,1.0676124114883243,1.2404110530687005,299572.34772307693,280600.2857398901,0.6516165030744542,0.5071578795583916,주거형
용신동,0.9441246184024188,0.9601765189387784,948916.1793346154,1005075.1360983517,0.3550016831061197,0.1720315459851026,혼합형
우이동,1.1552018984761756,1.1254579405135388,468730.22528846154,405756.1071417582,0.6598398200515426,0.1758874398614592,상권형
우장산동,1.0043579624951313,0.9954295531867929,808373.2672307693,804865.6927282417,0.3498084425226604,0.1778897016104917,주거형
원효로1동,0.9250773587105224,0.9679393678147827,414441.7901038462,448007.71114054945,0.1688024976240921,0.1905689638427269,혼합형
원효로2동,0.9704467016371979,0.99396133867382,342336.8219692308,352762.105730989,0.087201274638726,0.1010495736092319,주거형
월계1동,0.9902811092248216,0.9444968623635871,479546.32835769234,484252.72772604396,0.5910225807391586,0.2859452034284858,주거형
월계2동,0.9978275865759436,1.0153571493911597,430732.7750230769,431670.54190307687,0.2741023565994402,0.1500763644974586,주거형
월계3동,1.0949104468282824,1.126074959905532,577056.1027038461,527034.9774956044,0.4220965551991524,0.1262290857915948,주거형
월곡1동,0.9709066458716519,0.8968199144864453,613718.9393269231,632109.1136171429,0.3212993273792926,0.1731112585994712,주거형
월곡2동,1.0027549150074966,0.9813019701375808,516379.24094999995,514960.5683519781,0.5217671361013013,0.2395207852216343,주거형
위례동,1.0386939714859724,1.0574981195579711,1122000.0585346154,1080202.7250908792,0.7312896978163937,0.322442088118915,주거형
은천동,1.050996272342859,1.1021202548380022,673711.1042038461,641021.4021996703,0.3993140615798677,0.2786364735443185,주거형
을지로동,0.5173892766683099,0.7328896798005293,225264.43174615383,435386.742448022,0.2842377007755839,0.1980821427515545,오피스형
응봉동,1.031062979113267,1.0962265105420106,258164.15119615383,250386.40357175824,0.241259438117279,0.1697356510426357,주거형
응암1동,1.043997284488245,1.0494531558338207,531070.8125884616,508689.8409403297,0.4545819438603209,0.2357421407682183,주거형
응암2동,1.0834861556408861,1.119115195786466,407906.14927692304,376475.6449847253,0.2299928569378535,0.156299858071309,주거형
응암3동,1.030434043848331,1.074263135782595,583550.7395769231,566315.4697389011,0.4827701261526627,0.2268296533134119,주거형
이문1동,0.9354912166952586,0.9095533032829458,502530.4006384616,537183.4515065935,0.6406695592486583,0.4165696040000079,혼합형
이문2동,1.0352481757985337,1.0560354093591056,327036.40116153844,315901.4512720879,0.3766747632397605,0.2138731598571833,주거형
이촌1동,1.0228415758355753,1.0814880250951109,584187.5448384616,571141.7668579121,0.4369181189059086,0.143273118718419,주거형
이촌2동,1.1057476657757683,1.2313647337130498,198532.6391807692,179546.06220351646,0.1397041018528844,0.1368552245823387,상권형
이태원1동,1.2251230307924255,1.572713503836477,318539.1165692308,260005.81865087914,0.7999068558177869,0.5501220329602208,상권형
이태원2동,1.0537090897068235,1.1361811846214478,265149.47546538466,251634.41983703297,0.8127902961690779,0.4595827494016651,주거형
이화동,0.767391051357039,0.8525759078565455,508769.8440423077,662986.4176062638,0.7524535310134735,0.3970451469900823,오피스형
인수동,1.0441018460774285,1.0629848879509596,657636.0994,629858.1904348352,0.3725777089087735,0.1913697753428105,주거형
인헌동,1.0554926010101147,1.106305439792026,564929.2748923077,535228.0767782417,0.312976590092565,0.310940882932663,주거형
일원1동,0.9568008691491382,0.9338601761600417,334019.1419769231,349099.9566858242,0.45917589457515,0.2315602991901963,주거형
일원2동,0.9441228520401184,0.9616974680324286,433778.4737846154,459451.30217670335,0.4939735206018167,0.2407458731110556,혼합형
일원본동,0.9249666660786052,0.8535151438850587,530145.9998230769,573151.4650907692,0.7579243883325824,0.2259931754962399,혼합형
자양1동,0.9778259963994176,1.0005295188951597,571859.0808115385,584827.03765011,0.3399642239598756,0.2289425120564711,주거형
자양2동,1.0287365625064344,1.0815973534099261,516391.14053846156,501966.3530576923,0.4182391521612276,0.2360439039481212,주거형
자양3동,1.0319323421804876,1.0704161745677447,651529.3649846155,631368.2964989011,0.5408573601936005,0.3496357296048153,주거형
자양4동,1.0512190203981393,1.0867382059763029,652015.3326346154,620246.8943034066,0.6258835477397888,0.4123961312038379,주거형
잠실2동,1.066026942916329,1.2470727117871236,811586.7654115384,761319.1869159341,0.1725112073450405,0.2079148282908345,주거형
잠실3동,1.0863573321490911,1.071400045935818,1184481.7189461538,1090324.2274831869,0.234336976722406,0.2990097059719638,주거형
잠실4동,1.04053374330948,1.071260650293954,516587.75255,496464.2001007692,0.1678178760681859,0.1976268182278847,주거형
잠실6동,0.880185527463693,0.9503232665393576,891350.5638653846,1012684.8670573626,0.8816472801555122,0.5050793950739504,혼합형
잠실7동,1.010635944818765,1.0997680803353858,241922.82425,239376.82554263738,0.0527514059821243,0.1406215995673948,주거형
잠실본동,1.058246345534638,1.107776348694152,919839.2438846154,869210.8862609889,0.4563984470035734,0.32977838143921,주거형
잠원동,0.8924724333984853,0.8442191552057715,671194.0793192307,752061.4129932967,0.4117438591171805,0.2536758375069762,혼합형
장안1동,0.9639254715449506,0.9778856432359929,801290.3655653847,831278.3396843957,0.2904463963761571,0.1725106967653956,주거형
장안2동,1.0261209025785953,1.0708207891448893,683442.6714923077,666044.9755724176,0.2943603436904569,0.1750716416990458,주거형
장위1동,1.0640302250932503,1.1051662570811684,532277.7776076923,500246.8586463736,0.5271253213143422,0.2543561551573045,주거형
장위2동,1.0289257388856332,1.0114301974255366,257928.1111423077,250677.09106164836,0.4310678418780238,0.1555255151798111,주거형
장위3동,1.0088017312041242,1.0293565587404976,178138.36337307692,176584.1174364835,0.1478331723114755,0.1503204399513667,주거형
장지동,1.0114093030847842,1.046882450949289,733785.9139653847,725508.3690918682,0.2923102422373898,0.1890120413195882,주거형
장충동,0.9121591192083794,0.9229727692771652,254346.72966538463,278840.30791263736,0.7273607222436534,0.240066535266382,혼합형
전농1동,1.038715948865956,1.0646771785614486,831143.1221846153,800164.0131664835,0.3256759797273512,0.311851676353284,주거형
전농2동,0.9577762273996235,0.8657724603932179,346012.0193153846,361266.0341913187,0.334779797944969,0.1884357012212902,주거형
정릉1동,1.0740567509124208,1.0982880006911389,321142.8881153846,298999.9251367033,0.3684594974162339,0.2069336894442993,주거형
정릉2동,1.057814865062018,1.065323712877545,495564.2592,468479.197606044,0.3740779107517482,0.1933674446698399,주거형
정릉3동,0.911568910197519,0.8331555556461848,329452.2672230769,361412.35570626374,0.615214161869969,0.2734516873161701,혼합형
정릉4동,1.0697027414363989,1.0030247805700543,437476.44910384616,408970.11118846154,0.3234515043830934,0.1833052720610453,주거형
제기동,0.966409330910772,0.9660908634772092,728561.2183461539,753884.7101771429,0.0276729923393671,0.0939529189103072,주거형
조원동,0.9143077808673724,0.9490776622053287,650224.78385,711166.1931096704,0.307870174389221,0.2337906700342439,혼합형
종로1·2·3·4가동,0.647287697114966,0.7359769593877841,1053876.5650384615,1628142.4314654947,0.3967154644352673,0.3042381663852661,오피스형
종로5·6가동,0.7060754679667992,0.783096336524539,279716.26649615384,396156.3305713187,0.4052075921544299,0.2131566326172083,오피스형
종암동,1.0275758587676194,1.0220204590970527,902827.8776961539,878599.7354773625,0.3770511917194603,0.1753314697091904,주거형
중계1동,1.0197719053055883,1.061416202766424,606238.7555615385,594484.6611359341,0.1841134193313029,0.1072520177057743,주거형
중계2·3동,1.0302466786083115,1.0894258998599111,713335.7726384614,692393.178691978,0.4489398114129891,0.180045017681125,주거형
중계4동,1.0192868729009301,1.0853289507455608,363332.14941923076,356457.2046191209,0.3969776126545101,0.1768986585689679,주거형
중계본동,1.0696292420174,1.0800710878034976,501872.68531153846,469202.4727792308,0.2206178043231738,0.1079600328218096,주거형
중곡1동,1.0427554089523803,1.080672527724219,357656.2687653846,342991.52581208793,0.2819987563176072,0.2413674283827978,주거형
중곡2동,1.029625943876925,1.0709549695826943,429433.50529615383,417077.19958879123,0.4022978024592326,0.2480093843421987,주거형
중곡3동,1.0411570846792857,1.072507719470649,368852.8185076923,354272.0151794505,0.4267520296294906,0.2653526031474779,주거형
중곡4동,1.0381142487165984,1.0993145058658391,576384.7578615384,555222.8558408791,0.4269169373891225,0.2674024464021839,주거형
중림동,0.8234354150792838,0.8117209531530157,164188.7484576923,199394.81038945055,0.4208113426597485,0.2069824421589803,혼합형
중앙동,1.0703035006512158,1.1029605170601644,362531.0476769231,338717.98742725275,0.4088013240024878,0.336942516384231,주거형
중화1동,0.9997024341439308,1.067818450410732,380252.74734999996,380365.93126395607,0.1170519364679112,0.1257167248315476,주거형
중화2동,1.0630162205984257,1.0939040575478955,592330.6436153846,557216.9381215384,0.4130235512050999,0.2219651244595267,주거형
증산동,1.0313130274147548,1.0713191519630967,346011.50913846155,335505.806618022,0.3123875977711847,0.1655313370071863,주거형
진관동,1.0571273242204813,1.090792204939569,1389011.1931884615,1313948.8133207692,0.5900141926613371,0.1861613639119325,주거형
창1동,1.0352069577107041,1.0809808376473258,446613.89478846156,431424.7421367032,0.3719442167206252,0.2600012985343901,주거형
창2동,1.0768334751192008,1.0953428590877603,809009.6091346154,751285.7167121978,0.3657577257195059,0.17688856579368,주거형
창3동,1.0780739297515565,1.1048967515519925,229199.20731153846,212600.63988780222,0.3292967836907515,0.140973977855252,주거형
창4동,1.0477039856259087,1.0700039780704589,709584.3504653845,677275.6047515385,0.5794095764330291,0.2127041640794009,주거형
창5동,1.0322740952978402,1.0518493534520246,438981.7734961539,425256.98891,0.3641769325072102,0.2194664842057717,주거형
창신1동,0.9048363233421928,1.0249253942865053,156324.06648461538,172765.02108934065,0.2126318870704147,0.1969277697310815,혼합형
창신2동,1.0209771989350036,1.0664437655920689,192774.07039230768,188813.29631395606,0.4802936833304468,0.2088843966196036,주거형
창신3동,1.0457494307326105,1.0699573185038653,128724.3571923077,123092.92590494505,0.7349376844310568,0.2545516850213716,주거형
천연동,0.9697407106944276,0.9438202285007381,321601.3847538461,331636.46860153845,0.3988805266125538,0.1673879638890206,주거형
천호1동,1.0204537427468823,1.0629652914687737,789005.5798423076,773190.9314364835,0.3616793961363552,0.1965161682554119,주거형
천호2동,1.0391869602008708,1.0623082784703433,1079697.0983730769,1038982.5312707692,0.4341024387472211,0.2423390409075422,주거형
천호3동,1.0548622855903451,1.107051114265075,666062.102376923,631420.9081843956,0.4820954766079952,0.3648644691040644,주거형
청구동,0.9785223094888754,0.9908721483837376,246159.70378076922,251562.68936714288,0.5656230885880303,0.2387921628196862,주거형
청담동,0.8350367108283788,0.7907491801693445,829836.2385192309,993772.1632573627,0.433064093729688,0.3292396085497041,혼합형
청량리동,1.0231366750112403,1.017915446335842,472067.27687692305,461392.1955947253,0.4078109351662885,0.1876321392530286,주거형
청룡동,1.044447819621063,1.0956394322447063,947840.8843076923,907504.2970089011,0.4618643194098434,0.3589225761432636,주거형
청림동,1.0557610046178458,1.063541080844894,274497.9859115385,260000.11812417582,0.2353183899697644,0.1893868312899332,주거형
청운효자동,0.9748472617354799,1.0420651348896812,372650.62465,382265.6525562637,0.5926112314951049,0.3668302058774036,주거형
청파동,0.9633458857985076,0.9790486682174433,514328.1606307693,533897.7081990109,0.5081381534964816,0.3189275887730746,주거형
충현동,0.7966236695679451,0.7815718237431597,862819.4769230769,1083095.4563414287,0.7567261966502098,0.2593852435619785,오피스형
평창동,1.075043087930917,1.0504838491036368,433440.0819307692,403183.9158791209,0.5777605546429101,0.1315649168090643,주거형
풍납1동,1.069093028937679,1.0944007212952613,358335.9070807692,335177.47977164836,0.2949421196477831,0.1220437633338881,주거형
풍납2동,0.8221310737639477,0.8110338334006713,634453.4876653845,771718.1699028572,0.2477326948328295,0.171524290602424,혼합형
필동,0.6572895035031051,0.6639191018241019,236746.6159769231,360186.21127395605,0.8080438644965694,0.3330218913993036,오피스형
하계1동,0.9773942647306978,0.9725982875572302,574004.2276115385,587280.1266842857,0.7882894187350991,0.1312468105430084,주거형
하계2동,1.0578763428571025,1.0823062458309454,378821.3497307693,358096.05942,0.0253694371500218,0.2088774406961637,주거형
한강로동,0.9411500003887279,1.0010345530864442,1195836.869907692,1270612.4097261538,0.0989404695754222,0.2177885918161285,혼합형
한남동,0.9288312938993779,1.0558763760730974,615260.4864153846,662402.8394138461,0.7279784263071057,0.4420416542316375,혼합형
합정동,0.9932535712135206,1.0322884070579006,473377.98751923075,476593.2902117583,0.5238993567554279,0.4136849764710807,주거형
행당1동,0.9816435101580073,0.9631742169223914,621074.5205807693,632688.4598674725,0.4156856612510254,0.3097043820540486,주거형
행당2동,1.0356304353970351,1.0658019099503748,441691.46521923074,426495.2536373626,0.3010598250256676,0.2026653605250128,주거형
행운동,1.0493128099175626,1.0976860406702056,579360.2992461538,552133.0662985714,0.3810115068322204,0.3220687080234543,주거형
혜화동,0.9864950209890178,1.0161319155476396,686223.4048076924,695617.707345055,0.7388517336549345,0.4820254943714859,주거형
홍은1동,1.0994654876055359,1.108169027908116,353555.11855384614,321570.0015503297,0.2762601268738008,0.1201797480232447,주거형
홍은2동,1.0386497809564523,1.0633488742609283,547416.8397192308,527046.6039237363,0.4264886827495408,0.1925522281070352,주거형
홍제1동,1.0774210302737388,1.110814447094057,606906.0281499999,563295.1382021977,0.3899131794485763,0.2197559280579738,주거형
홍제2동,1.0558926551298107,1.067678620532245,224009.78408076923,212152.04310065936,0.2897038229770401,0.3008441216677676,주거형
홍제3동,1.0454566322417336,1.0767853033572434,353819.7365307692,338435.59418824175,0.1732822656535952,0.1291831236744989,주거형
화곡1동,1.0635701439131529,1.105590039525053,1145122.7283153846,1076678.1437679122,0.5069469006292124,0.3446098282858258,주거형
화곡2동,1.0881486581007744,1.1143076675381636,289520.1892769231,266066.76130285714,0.2055586580526461,0.1681088035373979,주거형
화곡3동,1.0546001386965893,1.079952473061699,466714.3582615385,442551.0116453846,0.40658060588981,0.3013351773603103,주거형
화곡4동,1.0675813170364328,1.1129671166364523,437085.33927307697,409416.43722879124,0.3235606503453971,0.1908299787215466,주거형
화곡6동,1.051537934746994,1.1024705479994446,525763.7751538461,499995.0622612088,0.582711973081891,0.3151647392705469,주거형
화곡8동,1.0036172942066974,0.9878483880033126,826120.7001923076,823143.1492472527,0.2972916220121043,0.25309075229701,주거형
화곡본동,1.085548654458009,1.1148601786518835,657717.1904346154,605884.5798698901,0.3834912097469077,0.2669515000190104,주거형
화양동,1.0124760565661062,1.0429286214126252,923733.5523538461,912351.0095505494,0.7515947932781856,0.6023384842527191,주거형
황학동,1.0532115629480665,1.108544244164323,299578.5740769231,284442.92164659343,0.3367839832789453,0.2402501546961823,주거형
회기동,0.8567476884446973,0.8931065602369077,374390.01505000005,436989.8163713187,0.6807408533945333,0.4717814353362286,혼합형
회현동,0.5225068850782348,0.49395532533514797,388798.54531153844,744102.2432715384,0.4991081957880255,0.1541284067091981,오피스형
효창동,0.9575761932497895,0.9919765186641107,217099.18052692307,226717.39550054944,0.2526634232182399,0.1628933621929348,주거형
후암동,1.0280809151121564,1.052669861638799,308302.5417269231,299881.5921928572,0.5018607913326941,0.2626818912056238,주거형
휘경1동,1.0087263580909571,1.0356087448348492,396281.39386538457,392853.2160251649,0.4881909944345833,0.3183129933723483,주거형
휘경2동,1.0054475384880612,1.0330928017235186,414353.0326192308,412108.0581114286,0.274294976630476,0.2337282778268305,주거형
흑석동,0.9308869463196318,0.8311533842283533,715619.6612692308,768750.3451396704,0.3926069498371367,0.2619425868548902,혼합형
