행정동,연도,총매출,20대매출_전체,트렌드시간_매출,트렌드시간_매출비중,20대_전체비중,금요일매출,토요일매출,일요일매출,야간비중
가양1동,2020,344404612314,75090889610,97370441824.95671,0.28272107382865796,0.21803102201644808,56010007783,43800123162,26255750677,0.48767299036596723
가양1동,2021,379102450465,59119676650,101632497682.29651,0.26808715574809916,0.15594643763838748,62125218893,50284230264,24045551955,0.4394787809169853
가양1동,2022,393809524726,53696488277,103476449243.94852,0.26275760931872866,0.1363514209422951,65240676959,47201152611,26500254844,0.4563876890434537
가양1동,2023,431858109362,53631150705,114276036240.20169,0.2646147745356129,0.12418697146669606,69224329592,55587659751,26766595984,0.46113527849738495
가양1동,2024,451995484035,52421948758,119945839065.13818,0.26536955191315637,0.11597892149281018,74101276482,57701732236,28666016423,0.45313781354758
구로3동,2020,448576539269,87422791448,98793870772.48349,0.22023860394811978,0.19488935286375902,74714790106,43710765650,27759976472,0.3656990618821172
구로3동,2021,509166125859,89080930678,97000168003.46985,0.1905078972797406,0.17495455049707803,88634071069,40709826203,24821633319,0.35504076594848094
구로3동,2022,562422476895,95933616559,119646663231.84769,0.21273449790340582,0.17057215971990763,103503804059,50170176377,29815439086,0.383184445532454
구로3동,2023,614033329054,94864620057,126311390281.32202,0.2057077104852297,0.15449425229596506,107700052756,51787714336,35271423512,0.36445898984144426
구로3동,2024,615094895800,81355405757,127736750408.34058,0.20766998926597266,0.1322648038741862,107639435195,52293379713,36195691179,0.3646217526619248
군자동,2020,154795682431,26921164438,47146440393.354515,0.3045720633349705,0.17391418168268408,23224094991,23056477252,14999744832,0.39141324184547277
군자동,2021,149438410575,21939940307,47753743902.30094,0.3195546828861268,0.14681593723180564,29641794131,21618084501,14198250323,0.4027222180123218
군자동,2022,162311823985,21441624734,50651254671.74086,0.312061397797007,0.1321014341874534,30787573694,23257518037,15426100115,0.38871645549883505
군자동,2023,180842651310,21723606765,51910491039.14696,0.28704783226254593,0.12012435455705331,31744870295,24084776535,15714692765,0.3815111426382018
군자동,2024,164608900041,19186140850,47124150911.94556,0.2862794836743827,0.11655591432310894,26303508121,22454951450,14253229438,0.3959916668160977
대학동,2020,108161970485,31801121771,34001898320.774017,0.31436093636523965,0.2940138907270574,16923917744,15657696487,11331435361,0.4143701581898931
대학동,2021,130886175714,35406534023,43422443284.43411,0.3317572925296305,0.2705139318942818,20120819658,19575103293,14911332462,0.4441174704272634
대학동,2022,129951119460,32469015067,43602593446.91498,0.3355307259229591,0.24985560110541583,20091429505,20061938594,14608773161,0.4445617814149148
대학동,2023,133980275729,31985342339,45276442869.93945,0.3379336445128645,0.2387317249868652,20699548102,20753246475,15328252026,0.4442099085269901
대학동,2024,122381545608,25685258247,41303500493.995316,0.33749778439875605,0.20987852473503138,19203123005,18704747308,14072827915,0.4439863905873739
방배2동,2020,139579907339,19008607939,47478825540.592834,0.34015515875992264,0.136184414371572,23102020401,21975582869,14263990474,0.4865051628604019
방배2동,2021,141242140213,22470464829,46779248730.465004,0.33119895138886757,0.15909178942710334,25231648827,21527123672,12536087753,0.5039717139633684
방배2동,2022,165557038124,23928950642,60103466467.063126,0.36303782157570635,0.14453599142114112,29995382189,27656358175,16037159721,0.5470824964877771
방배2동,2023,187293491591,25107583629,68660680337.375336,0.3665940538249578,0.13405475767320518,33239673551,32944231335,17608477089,0.544769848163282
방배2동,2024,187146877763,21351323795,66465690147.10472,0.35515254617966896,0.11408859207386295,34427722177,31868769647,16649297780,0.5213131042429209
사직동,2020,240598466830,35495310258,57828687906.07404,0.24035351790888235,0.14752924540903234,40494879845,26227983651,14708568248,0.41714251460261476
사직동,2021,323870360054,49456940463,82297400453.34186,0.25410599611406287,0.15270597919103768,57625146619,35233428188,23942616731,0.40123725302103347
사직동,2022,388415836236,54857044369,109673725283.3598,0.28236162136479537,0.14123276975676416,66588761511,48626464569,32779239886,0.4245163926601956
사직동,2023,406826216993,50499142008,110492395327.28987,0.27159605431522876,0.12412951746634585,70527762557,48782160147,32295470742,0.41706646250853463
사직동,2024,414597056463,47927278215,107983902521.8694,0.26045506314757505,0.1155996586755246,69788290617,48232925775,31674650248,0.4023071241700563
삼성1동,2020,1217979444163,164393291976,352305157779.0658,0.2892537796655273,0.13497213993539248,196341380502,155319752724,121028262178,0.38686263019471895
삼성1동,2021,1097974390342,176148667946,351207266272.02954,0.3198683588263243,0.16043057970699365,185506373474,157483421622,120973120644,0.3921737169651804
삼성1동,2022,1204314100468,182595111861,397597459756.76685,0.33014431999281524,0.15161751555515543,191881549206,178515290150,138268646331,0.4211635960318786
삼성1동,2023,1161204830032,147829484911,381816026134.9041,0.3288102290483774,0.1273069841665455,187905137322,167488980612,135093444373,0.4216680942263275
삼성1동,2024,1025006756578,108267387153,324332002793.3347,0.31641938037181516,0.10562602290979256,170166553664,143691822556,109158012385,0.42007178445582705
상계2동,2020,298873245416,69810509958,101715102401.46523,0.34032856390303035,0.23357898717508535,47189272163,50804587094,30410865560,0.4344133487936802
상계2동,2021,347904615486,75627452262,125070792563.46225,0.35949736507159163,0.21737984750893113,59010101496,61370667735,37106245370,0.4506665602035088
상계2동,2022,366316839727,73708296139,135014046799.00905,0.36857177218396275,0.20121459934501396,59388570230,66090706030,41326238379,0.464687098597104
상계2동,2023,364193177082,63135634940,132999865462.64601,0.3651904369221623,0.17335754460272243,60697763597,65195447950,40062800544,0.45704512530041796
상계2동,2024,354486979157,55264680965,125869275430.08505,0.3550744676981164,0.155900453936063,59444459707,63819676481,35849487291,0.4407494287478535
성수1가2동,2020,176890274063,22682309686,46394819038.25748,0.2622802145794281,0.12822813354860668,27327189635,24682847958,12441387447,0.33924394557514015
성수1가2동,2021,228230740979,32158803928,64937853833.069016,0.28452720065017045,0.14090478692771277,35326267313,33722780214,19777294870,0.3237754684843234
성수1가2동,2022,236268762839,37064058943,71379372150.2529,0.30211091509753557,0.15687244685941182,38594320180,34808231917,22589742895,0.3622656720741572
성수1가2동,2023,253345437732,33481706969,70929012300.01859,0.2799695661977952,0.1321583181790644,40788906833,33502056931,22996315582,0.3537883436322831
성수1가2동,2024,252279842873,32392179877,69425304000.34589,0.2751916411938437,0.12839781216015153,44950584177,31622666739,22358628849,0.34357747947240613
성수2가1동,2020,215956570856,32038851282,53474488540.599495,0.24761686263418362,0.14835784414896794,35277306548,26756627092,15231118666,0.3256128062659795
성수2가1동,2021,221235093592,31858367086,53736114091.07231,0.24289145640777962,0.14400232155190057,37451259923,26860947448,14785727473,0.32280460510349357
성수2가1동,2022,332284983669,72360663995,104692266932.1383,0.3150677041621168,0.21776687949004894,54554946314,49917899186,34176861058,0.3775552553857528
성수2가1동,2023,333161511367,79771594724,115925294363.75264,0.3479552421529661,0.2394382064023181,54607081555,56172910632,39717792234,0.3668863254956024
성수2가1동,2024,321803506257,60398864245,108355625322.61403,0.3367136256000848,0.187688645619554,47173052565,52918606972,39034028483,0.34771949186481543
성수2가3동,2020,358221712167,61215645624,81399222312.22762,0.2272314031994799,0.17088759152449634,60741490041,37971311919,24454608488,0.31236148294058635
성수2가3동,2021,404611288010,63914005613,91593055691.6029,0.22637296191632492,0.1579639706231339,77848175078,42057530193,24381324660,0.32311869627514894
성수2가3동,2022,480268056253,82440158275,114936641252.63202,0.23931768885350277,0.17165446921077637,87886618742,54116657458,32427707656,0.3230557341383265
성수2가3동,2023,471906119718,81934963442,122562216908.73013,0.2597173712898032,0.17362555817449965,85498615479,59134222906,35419110133,0.32759458983999123
성수2가3동,2024,482163508799,85023258780,128032774702.66518,0.26553808483262537,0.17633698367547707,80683447401,64338247369,37075843719,0.32991505038659596
신촌동,2020,392770646451,160490486565,122247446801.33734,0.3112438465194427,0.40861120354884245,61052810314,55249591445,39196465930,0.45536625232077504
신촌동,2021,424008384312,140832717982,130760316401.13773,0.30839087442412405,0.3321460687870984,70494882430,63232424155,38573579420,0.4107292874044973
신촌동,2022,500983476024,166082002711,156790845320.48865,0.3129661013270175,0.33151193733791673,81071132587,74932593828,47781985923,0.4203255151631232
신촌동,2023,537128686048,172053073889,167772527990.139,0.31235071287022304,0.3203200245269057,83792172700,80266891848,51950634792,0.4243236594119132
신촌동,2024,515701376300,151562804658,154932909345.46088,0.3004314443701066,0.2938964517516259,80825273566,75810428637,45879588683,0.41129328190043846
역삼1동,2020,1699678788347,393531242643,392295386043.0589,0.23080560205412728,0.23153271391103467,292852875887,202872726028,87079644137,0.3494690484704303
역삼1동,2021,1954601325569,403476415450,461166844679.97766,0.23593908315074344,0.20642389328808258,359241937675,238778848257,98271013381,0.34549692011255145
역삼1동,2022,2113047499121,421695152304,515143747363.3585,0.24379184451729152,0.19956728491878184,385784533635,263375226899,111704934915,0.363061692052891
역삼1동,2023,2164973320356,403445731704,522127889502.35144,0.2411705883823523,0.18635136419956386,391325935221,261293583993,117126699060,0.36723251263219503
역삼1동,2024,2098356410393,360487026065,511646855041.6637,0.24383219767028882,0.17179494592984068,380013589887,259887171209,111488071411,0.36912262128145085
청운효자동,2020,69549223298,14269033198,18107413549.35479,0.26035392906933436,0.2051645226411943,11304836679,9135255225,5528083617,0.304654972482048
청운효자동,2021,97863597046,20794869733,29916256509.800957,0.30569340809881596,0.21248830372774402,16623981588,14865221759,9606439099,0.3275145381375501
청운효자동,2022,101807398817,20850737899,31378313848.05237,0.30821250923476845,0.20480572277933795,16281824041,15701683612,10393839288,0.324459405454176
청운효자동,2023,102968503893,20035812101,31523313519.899704,0.3061452029317357,0.19458194829964964,17383632110,15734643066,10329768505,0.31402539551900954
청운효자동,2024,105784347917,20390937606,33030306230.87947,0.3122419042257135,0.19275949615910132,18177696989,16534526600,10683296667,0.3197590413899417
합정동,2020,232691865051,68792906084,79066017238.29643,0.33978848904308373,0.2956394976202644,36561888537,37024488808,24629992228,0.47622092017145823
합정동,2021,204507683743,48298149819,71727540627.48688,0.3507327417468832,0.23616789812012712,36292387864,32825659230,21910602887,0.4681774749613888
합정동,2022,247617609453,53653229006,88591980148.46777,0.3577773824089975,0.21667776021472276,39797346509,42215505464,27482280874,0.47476014025696234
합정동,2023,246006359870,50029706357,88424157816.5115,0.35943850339169486,0.20336753238183672,40209041784,40987008174,28375249275,0.47406999823349727
합정동,2024,276047540380,47503972930,90299104813.74979,0.3271143249073922,0.17208620248746734,56011010261,40341602400,27289257851,0.4047105106142587
휘경1동,2020,69422716201,17487651813,23098457875.541473,0.332721897666239,0.25190100258203524,10271283703,11036614963,7939870800,0.40131031638601733
휘경1동,2021,66184070341,15785733491,21823486858.039684,0.32973926725265756,0.23851258179902218,10201074504,9747333220,7572160394,0.4415214536736889
휘경1동,2022,73724024153,17140623776,24204346064.948917,0.3283101586359077,0.23249712658695815,12199030480,10705967236,8224822888,0.432293037515955
휘경1동,2023,81449453570,15650546395,25703090851.776695,0.3155710655527814,0.19215041610499536,12469391592,11748279770,8717463764,0.42001626776536766
휘경1동,2024,78014811230,13139091858,23924555390.065514,0.30666683688475693,0.16841791514772597,11811435983,11092707432,8218487537,0.3905842124281456
