행정동,YQ,연도,분기,총매출,20대매출,20대비중,QoQ_총매출,QoQ_20대매출
가양1동,1,2020,1,84221817213,18386428317,0.2183095654478704,,
가양1동,2,2020,2,87206835598,18523944325,0.21241390308427643,0.03544234123387269,0.007479212690419734
가양1동,3,2020,3,87153905070,19429077092,0.22292835962307156,-0.0006069538888441306,0.04886285291726056
가양1동,4,2020,4,85822054433,18751439876,0.2184920880755537,-0.015281594507214447,-0.034877478368698256
가양1동,5,2021,1,87746144069,13378821040,0.1524718969927549,0.022419524313556316,-0.2865176685912224
가양1동,6,2021,2,98807021891,14017564570,0.14186810108965356,0.1260554288665059,0.04774288616988631
가양1동,7,2021,3,88750731507,15360320433,0.17307260652593598,-0.10177708215002879,0.09579095257914694
가양1동,8,2021,4,103798552998,16362970607,0.15764160611482977,0.16955152070845902,0.06527534229337517
가양1동,9,2022,1,85898804270,11798060377,0.1373483656409924,-0.17244699671627306,-0.2789780865368757
가양1동,10,2022,2,100088197066,13148432421,0.1313684610816766,0.1651873144985747,0.11445712268370101
가양1동,11,2022,3,99022883623,14021209766,0.14159565196446472,-0.010643746957471056,0.06637881361477316
가양1동,12,2022,4,108799639767,14728785713,0.13537531690860788,0.09873229082301904,0.050464685915747376
가양1동,13,2023,1,106565397131,12917570385,0.12121730629991022,-0.020535386337535155,-0.1229711235734372
가양1동,14,2023,2,105922013729,12691931239,0.11982335675256449,-0.006037451361524893,-0.01746761498292393
가양1동,15,2023,3,107920537833,14657149202,0.13581427128060633,0.018867882450886997,0.15483994720687133
가양1동,16,2023,4,111450160669,13364499879,0.11991458602461533,0.03270575653970398,-0.08819241076045092
가양1동,17,2024,1,115473301042,14198632294,0.12296030481397312,0.036098111917025166,0.06241403887553587
가양1동,18,2024,2,112996166609,11243096426,0.09949980396153105,-0.021452010210559536,-0.2081563777976656
가양1동,19,2024,3,111286765402,15884375453,0.14273373294318548,-0.015127957507753642,0.4128114579064628
가양1동,20,2024,4,112239250982,11095844585,0.09885886165419493,0.008558839647817562,-0.3014617025496974
구로3동,1,2020,1,105139872211,19817637739,0.18848831867732316,,
구로3동,2,2020,2,104642918137,22048430515,0.21070160224444315,-0.004726599562558831,0.11256602857412834
구로3동,3,2020,3,108390799860,22867611326,0.2109737298325718,0.0358159136779157,0.03715370173140875
구로3동,4,2020,4,130402949061,22689111868,0.1739923217333564,0.20308134296851188,-0.007805776276993526
구로3동,5,2021,1,110767255099,18460930287,0.16666414880914265,-0.15057706979322072,-0.18635289056700777
구로3동,6,2021,2,125355058831,22770326385,0.18164664910490994,0.13169779930866676,0.23343331191898997
구로3동,7,2021,3,126912291951,20924976732,0.16487746309143164,0.012422578989009336,-0.08104186219375531
구로3동,8,2021,4,146131519978,26924697274,0.1842497585603263,0.15143708880791795,0.2867253148637814
구로3동,9,2022,1,105875463936,19203516529,0.18137834598399696,-0.27547825443860796,-0.2867694543201422
구로3동,10,2022,2,135050135689,24738284367,0.18317852285590086,0.2755564950405849,0.2882163706653271
구로3동,11,2022,3,151373282504,25343336656,0.16742278582305506,0.12086731147453067,0.02445813460722923
구로3동,12,2022,4,170123594766,26648479007,0.1566418758294768,0.12386804297187992,0.0514984419263913
구로3동,13,2023,1,146030167535,22388645009,0.15331520456986375,-0.14162307858671697,-0.1598528004874511
구로3동,14,2023,2,143732115521,22428324636,0.15604254174303242,-0.015736830634322296,0.0017723103378541882
구로3동,15,2023,3,150920050246,25846732758,0.17126109298181236,0.050009246012592046,0.15241477807544612
구로3동,16,2023,4,173350995752,24200917654,0.13960645307525318,0.14862800184228342,-0.06367594385756914
구로3동,17,2024,1,157556211522,18917332972,0.12006719880643056,-0.09111447073887247,-0.21832166686979793
구로3동,18,2024,2,147123384621,20168702617,0.13708699449075326,-0.06621653821336793,0.06614936930338877
구로3동,19,2024,3,150679568042,21332708903,0.14157665289466306,0.024171435629767313,0.057713493431098106
구로3동,20,2024,4,159735731615,20936661265,0.13107061928674912,0.06010213389034735,-0.018565276440082323
군자동,1,2020,1,41956713294,6160613334,0.14683260080052543,,
군자동,2,2020,2,37806228777,6562322494,0.17357781260616742,-0.0989230135334156,0.06520603359133004
군자동,3,2020,3,38101378935,6692485083,0.1756494192616286,0.007806918794808659,0.019834835779407145
군자동,4,2020,4,36931361425,7505743527,0.20323495363805155,-0.03070800959713349,0.12151815564980617
군자동,5,2021,1,33265511592,4947429085,0.14872547717527976,-0.0992611615589798,-0.340847569970532
군자동,6,2021,2,42505289895,5580070862,0.131279444882845,0.27775849102594496,0.12787283377503944
군자동,7,2021,3,34409533309,5458767853,0.15864114761394424,-0.1904646834781928,-0.021738614436972004
군자동,8,2021,4,39258075779,5953672507,0.15165472043295483,0.1409069523396249,0.09066233760573139
군자동,9,2022,1,33023095580,4529551022,0.13716312606209038,-0.15882032104933752,-0.2392005074725888
군자동,10,2022,2,42411048654,5382374465,0.12690972366448103,0.28428446543593244,0.18827990652005955
군자동,11,2022,3,41813742823,5245148721,0.12544078494008581,-0.014083731715123893,-0.025495391465669814
군자동,12,2022,4,45063936928,6284550526,0.13945853279621384,0.07773028400634363,0.19816441063692758
군자동,13,2023,1,44715387801,4987563900,0.11154021345395689,-0.007734546752026783,-0.20637699078624605
군자동,14,2023,2,46237519327,5720099489,0.12371121055492693,0.034040441128992294,0.1468724218250117
군자동,15,2023,3,44671279031,5049970624,0.11304737033599445,-0.03387379597342299,-0.11715335830935925
군자동,16,2023,4,45218465151,5965972752,0.13193664871369618,0.012249170649899499,0.18138761513714496
군자동,17,2024,1,41399265306,4273445115,0.10322514381386012,-0.08446106766884676,-0.28369684330733935
군자동,18,2024,2,43143074927,5175505475,0.11996144187119683,0.042121752840557525,0.2110850463092937
군자동,19,2024,3,38840135842,4619668629,0.11894058887416391,-0.09973649519142447,-0.10739759598070953
군자동,20,2024,4,41226423966,5117521631,0.12413207692281268,0.061438717251332875,0.10776811974666844
대학동,1,2020,1,26144642161,7653832219,0.29274954967321115,,
대학동,2,2020,2,29210799633,8475592802,0.2901527143551716,0.11727670446275185,0.10736589978547584
대학동,3,2020,3,27715809675,8466892404,0.3054896286012976,-0.05117935752471092,-0.0010265238318134529
대학동,4,2020,4,25090719016,7204804346,0.28715017458868347,-0.0947145578564087,-0.14906154439895258
대학동,5,2021,1,31200306342,8358100385,0.2678852025804895,0.24349989022251628,0.16007319333248682
대학동,6,2021,2,35306631377,9692546080,0.2745248046041025,0.13161168964140302,0.15965896956620496
대학동,7,2021,3,31960609440,8572695130,0.2682268980537938,-0.09477035351437457,-0.115537335675994
대학동,8,2021,4,32418628555,8783192428,0.2709304131449863,0.014330737837144225,0.02455438981649638
대학동,9,2022,1,30370460434,7435382099,0.24482283089379916,-0.06317874050486649,-0.153453353100099
대학동,10,2022,2,34292600626,8699084694,0.2536723530791222,0.12914325749270272,0.1699579898079424
대학동,11,2022,3,32267397745,8009463619,0.24822155422313558,-0.059056555759277374,-0.07927513057501911
대학동,12,2022,4,33020660655,8325084655,0.2521174467700849,0.023344395973695198,0.039406014062076
대학동,13,2023,1,31521629384,7398746032,0.23471965683840934,-0.045396768001157994,-0.11127077517988315
대학동,14,2023,2,35970914932,8751644714,0.2432978068682504,0.141150239849543,0.18285513195731218
대학동,15,2023,3,33956105643,7954077629,0.23424587355881668,-0.05601217797236535,-0.09113339390070674
대학동,16,2023,4,32531625770,7880873964,0.2422526934164963,-0.041950625551009146,-0.009203287724161124
대학동,17,2024,1,31204224395,6323844391,0.20265988062864013,-0.040803413404075894,-0.19757067301323994
대학동,18,2024,2,31823784475,6829034499,0.21458901295553726,0.01985500655799899,0.07988654950444052
대학동,19,2024,3,30209340120,6387302756,0.21143469968651538,-0.05073074688110302,-0.0646843624914597
대학동,20,2024,4,29144196618,6145076601,0.21085078039875307,-0.03525874771739301,-0.037923073988071376
방배2동,1,2020,1,35733431230,4694915704,0.1313872063889119,,
방배2동,2,2020,2,35470959385,5011595320,0.14128727857638126,-0.007345274046329009,0.06745160849857079
방배2동,3,2020,3,35638442559,4880719031,0.1369509630764558,0.004721698451461309,-0.02611469614829154
방배2동,4,2020,4,32737074165,4421377884,0.13505720950246075,-0.08141120053708129,-0.09411341732283385
방배2동,5,2021,1,32363169410,4560418572,0.14091384296220572,-0.011421446923309708,0.03144736587731112
방배2동,6,2021,2,36595048082,6211930594,0.16974784621352804,0.13076218272652795,0.3621404474010199
방배2동,7,2021,3,32043260871,4941123016,0.15420162872599047,-0.12438259954736575,-0.20457530211742092
방배2동,8,2021,4,40240661850,6756992647,0.1679145505157739,0.2558229330030162,0.36750140102158513
방배2동,9,2022,1,29928710647,4396444959,0.14689723893737774,-0.2562569979946788,-0.34934886144179045
방배2동,10,2022,2,41812304790,5862705701,0.1402148417898778,0.39706335107994994,0.33351054219350695
방배2동,11,2022,3,45340506179,6608128198,0.14574447342761768,0.08438189204637725,0.1271464977122856
방배2동,12,2022,4,48475516508,7061671784,0.14567501891051743,0.06914369938048948,0.06863419903646362
방배2동,13,2023,1,45655337905,5841250808,0.1279423409406042,-0.0581773812050993,-0.1728232369515066
방배2동,14,2023,2,46146244621,6006507255,0.13016242826109817,0.010752449516888474,0.028291277404776105
방배2동,15,2023,3,46287706066,6206913466,0.1340942119090927,0.003065502862948488,0.033364849569302635
방배2동,16,2023,4,49204202999,7052912100,0.143339626904298,0.0630080248271856,0.13629940849573297
방배2동,17,2024,1,46140549416,5156325116,0.11175257298110887,-0.06226406274810026,-0.26890835404002833
방배2동,18,2024,2,45893560771,4986190017,0.10864683265437007,-0.005352962808768624,-0.032995417312239206
방배2동,19,2024,3,45768854952,5376131207,0.11746265473842873,-0.0027172835775863824,0.07820423783901687
방배2동,20,2024,4,49343912624,5832677455,0.11820460001712733,0.07811114513896689,0.08492096461588461
사직동,1,2020,1,56656503365,7781854069,0.1373514708252769,,
사직동,2,2020,2,63091680882,9083317194,0.1439701251736893,0.11358232744337315,0.16724332189478375
사직동,3,2020,3,59709509694,9512981273,0.1593210415183819,-0.05360724489692481,0.04730255146036466
사직동,4,2020,4,61140772889,9117157722,0.14911747580541776,0.023970439588852033,-0.04160878063782558
사직동,5,2021,1,68038165369,9367787100,0.13768429894008008,0.11281166648845109,0.02748985875227583
사직동,6,2021,2,82363328679,12426334835,0.15087217860548072,0.21054599624061776,0.32649629014305837
사직동,7,2021,3,76784172199,12236922071,0.15936776708728217,-0.06773835600724698,-0.015242850487699688
사직동,8,2021,4,96684693807,15425896457,0.15954848538686855,0.2591747887367233,0.2606026554306067
사직동,9,2022,1,73430316771,11046782099,0.15043898194597916,-0.2405176674854027,-0.2838807047750431
사직동,10,2022,2,106167043161,14268140873,0.13439331498912216,0.4458203073274605,0.291610601633177
사직동,11,2022,3,101626881127,14345989019,0.14116333060612435,-0.04276432590399026,0.005456081958604253
사직동,12,2022,4,107191595177,15196132378,0.1417660811270455,0.054756320259852886,0.059260003466757194
사직동,13,2023,1,96882252207,11469345615,0.11838438262659742,-0.09617678469078395,-0.2452457421597226
사직동,14,2023,2,101827559637,12264023457,0.1204391375057932,0.051044513492871646,0.06928711268066534
사직동,15,2023,3,98985007334,12693882256,0.12824045376051435,-0.02791535330055317,0.03505038949959349
사직동,16,2023,4,109131397815,14071890680,0.12894447392541172,0.10250431610075617,0.10855689348691255
사직동,17,2024,1,96007404837,10896032481,0.11349158431580489,-0.12025863537684955,-0.2256880948850578
사직동,18,2024,2,103997623389,11686840792,0.11237603717428928,0.08322502379442165,0.0725776389138868
사직동,19,2024,3,102279520510,12185312817,0.11913736744403906,-0.016520597519555702,0.04265241855106128
사직동,20,2024,4,112312507727,13159092125,0.11716497468818021,0.0980938037934882,0.07991418214897683
삼성1동,1,2020,1,293921053060,39768561338,0.13530354809215311,,
삼성1동,2,2020,2,308466383973,39489065330,0.12801740280865245,0.04948720332065082,-0.007028064345212637
삼성1동,3,2020,3,305919317149,41486654978,0.13561306087053554,-0.008257194159033365,0.050585893368370494
삼성1동,4,2020,4,309672689981,43649010330,0.14095208180184726,0.012269159290035692,0.052121708851838644
삼성1동,5,2021,1,246013634369,37324232847,0.15171611501424653,-0.20556883984798857,-0.14490082215341715
삼성1동,6,2021,2,291962047521,45511422818,0.1558812976016223,0.18677181559409517,0.21935320156642035
삼성1동,7,2021,3,258371703085,41013355620,0.15873779957438794,-0.11505037973671539,-0.09883380741550873
삼성1동,8,2021,4,301627005367,52299656661,0.1733918241086046,0.16741501397221392,0.27518599418127776
삼성1동,9,2022,1,259530691542,40969689188,0.15786067129316708,-0.13956414072997192,-0.21663559947323308
삼성1동,10,2022,2,310596821254,44687948716,0.1438776756812172,0.19676335545746393,0.09075635187120423
삼성1동,11,2022,3,319563470740,49123344774,0.15372015036714642,0.028869096115659465,0.09925262146597391
삼성1동,12,2022,4,314623116932,47814129183,0.1519727146855968,-0.01545969505388034,-0.026651597056822185
삼성1동,13,2023,1,285753604667,36005659279,0.12600246747878763,-0.09175903076200087,-0.2469661187136798
삼성1동,14,2023,2,300088331611,37464041500,0.12484337961052105,0.05016464083000738,0.040504249893032584
삼성1동,15,2023,3,281551771523,36851308803,0.13088643912151557,-0.061770346046072455,-0.016355221499527728
삼성1동,16,2023,4,293811122231,37508475329,0.12766186332289392,0.04354208336777776,0.017832922285422326
삼성1동,17,2024,1,262886897427,29038025156,0.11045824436367527,-0.10525205638637047,-0.2258276322538495
삼성1동,18,2024,2,276219123844,28872661946,0.10452810632440636,0.05071468584965211,-0.005694712678001479
삼성1동,19,2024,3,248480606592,27579072370,0.11099084450998731,-0.10042214625105339,-0.0448032667863939
삼성1동,20,2024,4,237420128715,22777627681,0.09593806474741806,-0.04451243913437908,-0.1740973961917197
상계2동,1,2020,1,73533236181,17875735828,0.24309736326576703,,
상계2동,2,2020,2,77937648767,18378806573,0.23581422924297749,0.0598968958085655,0.028142659403816328
상계2동,3,2020,3,72286504305,17138594993,0.23709259643662886,-0.07250853151721948,-0.06748052845944708
상계2동,4,2020,4,75115856163,16417372564,0.21856067949721042,0.03914080346259463,-0.04208177095582066
상계2동,5,2021,1,75155551604,15733740039,0.2093490062038558,0.0005284562145422278,-0.04164079984997526
상계2동,6,2021,2,93419102942,20671220128,0.2212740165235144,0.24301000988233,0.31381477492072607
상계2동,7,2021,3,86282746771,18729105699,0.21706663730477033,-0.07639075891609304,-0.09395257836615689
상계2동,8,2021,4,93047214169,20493386396,0.22024717858589754,0.07839884161260335,0.09419994341183102
상계2동,9,2022,1,80313082400,16107960139,0.2005645862124201,-0.13685666876464697,-0.21399226912814995
상계2동,10,2022,2,96943901896,19581240566,0.20198527378242387,0.20707485006203674,0.2156250944891911
상계2동,11,2022,3,93639746430,19506415386,0.20831341529295938,-0.03408316976497039,-0.0038212686141001484
상계2동,12,2022,4,95420109001,18512680048,0.19401235485704577,0.01901289397799588,-0.050944026277284005
상계2동,13,2023,1,89051012603,16085864016,0.18063650873587137,-0.06674794720610988,-0.13108939525275154
상계2동,14,2023,2,91628242817,16010123753,0.17472913657173839,0.028941054555882362,-0.004708498276789097
상계2동,15,2023,3,92151527568,15819019252,0.17166312560936017,0.005710954776739552,-0.01193647868987835
상계2동,16,2023,4,91362394094,15220627919,0.1665962026273081,-0.008563433453858793,-0.03782733451850029
상계2동,17,2024,1,87970947793,13980226814,0.15891867900407491,-0.037120812503125156,-0.08149473934985296
상계2동,18,2024,2,90276314425,14087142527,0.15604472354377463,0.026205999706001126,0.007647637940532803
상계2동,19,2024,3,88152468051,13815947360,0.15672785646803308,-0.023526064256471746,-0.019251254573467658
상계2동,20,2024,4,88087248888,13381364264,0.15191034381166743,-0.000739845003117412,-0.031455178908556536
성수1가2동,1,2020,1,40653884782,4964378012,0.1221132503971192,,
성수1가2동,2,2020,2,48474997675,5781991907,0.11927781710821918,0.19238291580102307,0.16469613978299935
성수1가2동,3,2020,3,41041044665,5955106360,0.14510123727621738,-0.15335643871178384,0.029940279368156464
성수1가2동,4,2020,4,46720346941,5980833407,0.12801346305396222,0.13838103592044626,0.004320165828238798
성수1가2동,5,2021,1,48265202631,6817590772,0.14125271210653048,0.03306601494100403,0.13990648260168137
성수1가2동,6,2021,2,65650285675,9022656713,0.1374351477717313,0.36019911025575646,0.3234377091180445
성수1가2동,7,2021,3,49973649217,7517119787,0.15042167031585982,-0.23879007222614035,-0.16686182062438404
성수1가2동,8,2021,4,64341603456,8801436656,0.13679231140111175,0.28751060737250134,0.17085225530409653
성수1가2동,9,2022,1,52454117711,6925828681,0.13203593889727375,-0.18475582059637752,-0.21310247955047035
성수1가2동,10,2022,2,69641050376,10193299801,0.14636912777686734,0.3276565008621959,0.47178052916091184
성수1가2동,11,2022,3,55606045701,10269726223,0.18468722408749366,-0.2015335007043031,0.007497711584280253
성수1가2동,12,2022,4,58567549051,9675204238,0.16519735578442823,0.05325865762734394,-0.057890733607728784
성수1가2동,13,2023,1,62079374161,8008304847,0.12900105639323667,0.05996196130628473,-0.17228570581002756
성수1가2동,14,2023,2,65631606156,8793028662,0.13397552150559622,0.05722080873089097,0.09798875417360842
성수1가2동,15,2023,3,61344522519,8063260933,0.13144223154565426,-0.06532041325958127,-0.08299389858169892
성수1가2동,16,2023,4,64289934896,8617112527,0.13403517270533338,0.048014268528828064,0.06868828859714649
성수1가2동,17,2024,1,64172433954,7544431255,0.11756498530830214,-0.001827672437218597,-0.12448268125070527
성수1가2동,18,2024,2,70555567076,8740774001,0.12388496561277358,0.09946845909842761,0.15857295342271627
성수1가2동,19,2024,3,56814549777,7929872718,0.13957468199827605,-0.19475454409144854,-0.0927722513941246
성수1가2동,20,2024,4,60737292066,8177101903,0.13463066305482266,0.06904467789319746,0.03117694240398272
성수2가1동,1,2020,1,50578261411,7148897296,0.1413432786451063,,
성수2가1동,2,2020,2,56368125932,8215086731,0.14573993006101205,0.11447337965912752,0.14914040457632005
성수2가1동,3,2020,3,53711931089,8355683483,0.15556475653714139,-0.047122284076009824,0.017114457412780837
성수2가1동,4,2020,4,55298252424,8319183772,0.15044207379670085,0.02953387269527674,-0.00436824959612947
성수2가1동,5,2021,1,46822000526,5137260025,0.10971893484447141,-0.15328245516708627,-0.3824802810234158
성수2가1동,6,2021,2,50593946374,6678409201,0.13200016364866932,0.08055926285989123,0.299994387767047
성수2가1동,7,2021,3,50042464855,6017269146,0.12024326066742061,-0.010900148308719437,-0.09899663753772425
성수2가1동,8,2021,4,73776681837,14025428714,0.19010652640880982,0.4742815337088375,1.3308627840460572
성수2가1동,9,2022,1,72602732384,17269670805,0.2378653011798471,-0.01591220184710518,0.23131143847044333
성수2가1동,10,2022,2,79661072602,15143792858,0.19010279881192302,0.09721865811699804,-0.12309892707303405
성수2가1동,11,2022,3,86119015520,19493410235,0.22635430882826238,0.0810677374414095,0.2872211352720815
성수2가1동,12,2022,4,93902163163,20453790097,0.2178202227513684,0.09037664441475735,0.04926689842476395
성수2가1동,13,2023,1,85895017237,19839438230,0.23097309795350965,-0.08527115517137562,-0.03003608935490676
성수2가1동,14,2023,2,85006644740,21632204855,0.25447663439915696,-0.010342538200426854,0.09036377967038844
성수2가1동,15,2023,3,80772602335,17978577226,0.22258261720273445,-0.04980836989802595,-0.16889760676223964
성수2가1동,16,2023,4,81487247055,20321374413,0.24938103994707347,0.008847612919985481,0.13031048884179364
성수2가1동,17,2024,1,68555658906,12237835044,0.17850948031554756,-0.15869462543349633,-0.397785071261164
성수2가1동,18,2024,2,86114047627,16117731807,0.18716727701400582,0.25611873623846515,0.3170411064579799
성수2가1동,19,2024,3,83550271243,16335971762,0.19552266580305877,-0.029771871775263747,0.01354036396766567
성수2가1동,20,2024,4,83583528481,15707325632,0.18792369642028872,0.00039805062874398445,-0.03848232227373993
성수2가3동,1,2020,1,87343327217,14196837894,0.16254061238964124,,
성수2가3동,2,2020,2,89823915208,15527531514,0.17286634052906513,0.028400429317709808,0.09373169081281052
성수2가3동,3,2020,3,87875255403,16995672704,0.19340680861816056,-0.02169422030299617,0.09455084271935221
성수2가3동,4,2020,4,93179214339,14495603512,0.15556692138724001,0.06035782100064235,-0.1471003375707276
성수2가3동,5,2021,1,84569285557,13335032046,0.15768173939476102,-0.09240181775600498,-0.08006368724415203
성수2가3동,6,2021,2,107000803545,16945513700,0.1583680976084767,0.2652442649865012,0.27075162935832653
성수2가3동,7,2021,3,103005979795,15525258140,0.15072191120261166,-0.03733452102833923,-0.08381307201091226
성수2가3동,8,2021,4,110035219113,18108201727,0.16456732556149947,0.06824108010029528,0.1663704116033462
성수2가3동,9,2022,1,106163884231,15976136168,0.15048560330778615,-0.03518268889912746,-0.11774032513791866
성수2가3동,10,2022,2,125051027474,20470646829,0.16369834972572422,0.1779055408513861,0.28132651185099733
성수2가3동,11,2022,3,121571383063,22720619951,0.1868911858905632,-0.027825796247243684,0.10991216549213023
성수2가3동,12,2022,4,127481761485,23272755327,0.18255752866843122,0.0486165269579697,0.02430107000560522
성수2가3동,13,2023,1,114956734178,19479663024,0.16945212616981203,-0.09824956261271733,-0.1629842384240351
성수2가3동,14,2023,2,116627606020,20744700178,0.17787126809790277,0.014534788709400948,0.06494142904019462
성수2가3동,15,2023,3,112457189426,18986138182,0.16882991900214092,-0.0357584000591149,-0.08477162749572908
성수2가3동,16,2023,4,127864590094,22724462058,0.17772287105674878,0.1370068089611869,0.19689753862342352
성수2가3동,17,2024,1,113526444645,18439925351,0.16242845804483794,-0.11213538821388525,-0.18854293210833817
성수2가3동,18,2024,2,121096808308,19746213114,0.16306138361448053,0.06668370252122946,0.07084018715559282
성수2가3동,19,2024,3,123939615972,25783581806,0.20803341694898372,0.02347549620605638,0.30574817850616265
성수2가3동,20,2024,4,123600639874,21053538509,0.17033519025841803,-0.0027350100719739645,-0.18345175362328014
신촌동,1,2020,1,104180738853,43949773327,0.421860833498345,,
신촌동,2,2020,2,101403549955,41324454700,0.40752473378238346,-0.026657412191313457,-0.05973452030040771
신촌동,3,2020,3,94107755166,39499074758,0.41972178263445115,-0.07194812008295237,-0.044171906326449406
신촌동,4,2020,4,93078602477,35717183780,0.38373141441209135,-0.010935896698254455,-0.09574631813961743
신촌동,5,2021,1,96146696657,31849330438,0.33125766714192356,0.03296240057706212,-0.10829110620322258
신촌동,6,2021,2,107702354327,36795507558,0.34164069845941797,0.12018777630212729,0.15529924968528164
신촌동,7,2021,3,100907291450,32195145783,0.31905668381707414,-0.06309112664676952,-0.12502509355927605
신촌동,8,2021,4,119252041878,39992734203,0.3353630979661908,0.1817980659711782,0.2421976428545125
신촌동,9,2022,1,100322919100,32191734532,0.32088115877003026,-0.1587320642892246,-0.19506042351099917
신촌동,10,2022,2,129022805434,42790850913,0.33165339080221073,0.28607507229123286,0.329249620596368
신촌동,11,2022,3,129584517724,43949425792,0.3391564560637343,0.004353589182242157,0.027075294234170544
신촌동,12,2022,4,142053233766,47149991474,0.33191776226417175,0.09622072343979338,0.07282383385729219
신촌동,13,2023,1,130701812796,40397897958,0.3090844502750182,-0.07990962732111295,-0.14320455433641632
신촌동,14,2023,2,139537374514,45868492867,0.32871833103322395,0.06760091179294192,0.13541781096351957
신촌동,15,2023,3,127737097436,41332150374,0.3235720178682517,-0.0845671428110184,-0.09889887828129762
신촌동,16,2023,4,139152401302,44454532690,0.3194665149437207,0.08936561183190661,0.07554366970376969
신촌동,17,2024,1,129195668996,37285860973,0.28859992957004155,-0.07155271639467498,-0.16125851028488225
신촌동,18,2024,2,134755428929,40698883161,0.3020203600290082,0.0430336401847351,0.09153663342980045
신촌동,19,2024,3,119579490879,35135061045,0.2938217982593055,-0.11261837961271237,-0.13670699743750148
신촌동,20,2024,4,132170787496,38442999479,0.29085851879458186,0.10529645614347749,0.09414921550195365
역삼1동,1,2020,1,424653832349,98970508734,0.23306161676803494,,
역삼1동,2,2020,2,425433150077,100684378884,0.23666321927611172,0.0018351835510095338,0.01731697827891665
역삼1동,3,2020,3,428719108569,103113868438,0.2405161476990811,0.0077237951283422035,0.02412975658119776
역삼1동,4,2020,4,420872697352,90762486587,0.215653063641451,-0.018301986219345645,-0.11978390528938987
역삼1동,5,2021,1,457377634218,90162685049,0.19712963272276174,0.08673629127210614,-0.006608474057451685
역삼1동,6,2021,2,501408509743,101722579698,0.20287366034162152,0.09626809933608071,0.1282115172448295
역삼1동,7,2021,3,461984838081,97983639011,0.21209275918665643,-0.07862585276465861,-0.036756251149945185
역삼1동,8,2021,4,533830343527,113607511692,0.21281576266609126,0.15551485573516444,0.15945389290191603
역삼1동,9,2022,1,485921227216,89301670868,0.1837780814385043,-0.0897459593519282,-0.21394571945115115
역삼1동,10,2022,2,536295264237,107940708144,0.2012710447808444,0.10366708470343888,0.2087199163781721
역삼1동,11,2022,3,540126422349,112567017356,0.20840864786145452,0.007143747796189537,0.042859726340021886
역삼1동,12,2022,4,550704585319,111885755936,0.20316837542071542,0.01958460562620834,-0.0060520517999110846
역삼1동,13,2023,1,564967581951,103392061828,0.18300530000492535,0.025899542172393764,-0.07591398955965845
역삼1동,14,2023,2,528855378327,99221576603,0.18761570869692407,-0.06391907213382741,-0.04033660951590168
역삼1동,15,2023,3,534452767280,103184988526,0.19306661849865836,0.010583969044064556,0.03994506093022676
역삼1동,16,2023,4,536697592798,97647104747,0.18194064228596607,0.00420023181734952,-0.053669471287527415
역삼1동,17,2024,1,542849334589,90593379886,0.16688494231017104,0.011462212377232328,-0.07223690737452926
역삼1동,18,2024,2,513945086886,87616089798,0.17047753161503504,-0.05324543268508175,-0.03286432288702035
역삼1동,19,2024,3,518959476275,92437597007,0.17812103108801644,0.00975666373110462,0.05502992909311577
역삼1동,20,2024,4,522602512643,89839959374,0.1719087780876619,0.007019886011426335,-0.028101527052929454
청운효자동,1,2020,1,15611509280,3126475307,0.2002673316797977,,
청운효자동,2,2020,2,18298442834,3806595885,0.20802840545136628,0.17211235030569694,0.21753588665077528
청운효자동,3,2020,3,17568744854,3548850098,0.20199793027286228,-0.03987759978374561,-0.06771030989017102
청운효자동,4,2020,4,18070526330,3787111908,0.20957396806493572,0.028561031546072924,0.067137749812052
청운효자동,5,2021,1,20399790801,4113476881,0.20164309139868028,0.12889854055512728,0.08617780010951814
청운효자동,6,2021,2,24633583996,5001054428,0.20301773500811213,0.20754101041038409,0.21577307292030468
청운효자동,7,2021,3,24733472067,5558147123,0.22472166899752885,0.004054954854162407,0.11139504738859451
청운효자동,8,2021,4,28096750182,6122191301,0.2178967767212502,0.13598083220541324,0.10148061314641099
청운효자동,9,2022,1,23188035752,4962684116,0.21401916786211447,-0.1747075515211982,-0.18939414467669535
청운효자동,10,2022,2,27676469357,5424433201,0.19599440705496055,0.19356678819217654,0.09304422248260624
청운효자동,11,2022,3,24855240251,4939737622,0.1987402886520584,-0.10193601899175941,-0.0893541428274287
청운효자동,12,2022,4,26087653457,5523882960,0.21174318990034718,0.04958363683289746,0.11825432496625021
청운효자동,13,2023,1,25095837542,4880267429,0.1944652144337666,-0.03801859437587207,-0.11651505574260035
청운효자동,14,2023,2,26764446724,5167252040,0.1930640335399298,0.06648947974768493,0.058805099346534107
청운효자동,15,2023,3,24497389805,4694019662,0.19161305344628735,-0.08470404572073975,-0.09158298730866632
청운효자동,16,2023,4,26610829822,5294272970,0.19895181794079417,0.08627204913760411,0.1278761810180078
청운효자동,17,2024,1,24605344212,4785894936,0.1945063192274272,-0.07536351265310792,-0.09602414474673371
청운효자동,18,2024,2,27271062670,5046274808,0.18504137037355867,0.10833900290246423,0.05440568075186847
청운효자동,19,2024,3,25108793958,4912844825,0.19566231788025412,-0.07928802548566027,-0.026441283536217552
청운효자동,20,2024,4,28799147077,5645923037,0.19604480028191634,0.1469745271386962,0.14921664292541537
합정동,1,2020,1,53610062853,16004813611,0.29854122079441614,,
합정동,2,2020,2,58427016074,18012619500,0.30829264799671346,0.08985166151004509,0.12545012630575392
합정동,3,2020,3,62939286311,18549877922,0.2947265374179816,0.07722917479278824,0.029826779053429675
합정동,4,2020,4,57715499813,16225595051,0.28113063394705806,-0.0829972312076731,-0.12529909257480454
합정동,5,2021,1,47129025826,9733056315,0.2065193613577834,-0.18342514612713223,-0.40014179545297224
합정동,6,2021,2,54056055439,12778357282,0.23639085719859532,0.14698011451742166,0.31288229189702377
합정동,7,2021,3,47927339394,11623470810,0.2425227637705075,-0.11337704897679779,-0.09037832066464524
합정동,8,2021,4,55395263084,14163265412,0.255676471660098,0.15581761442269637,0.21850569795511876
합정동,9,2022,1,49747839140,11096084430,0.2230465608520901,-0.10194777729345539,-0.21655888615921104
합정동,10,2022,2,69978058332,14337366700,0.20488374558748967,0.4066552345131669,0.29211045485889486
합정동,11,2022,3,62014687790,14117120965,0.22764157118398676,-0.1137981066039162,-0.015361658776572917
합정동,12,2022,4,65877024191,14102656911,0.21407550028537384,0.06228099404578158,-0.0010245753391120438
합정동,13,2023,1,55728475043,11526124397,0.20682648122178943,-0.15405293837462797,-0.1826983759344183
합정동,14,2023,2,60479705605,12157032647,0.20101011612720135,0.08525678404682635,0.05473724109417133
합정동,15,2023,3,60467010013,12631337845,0.20889635261085918,-0.00020991491067956503,0.03901488231316419
합정동,16,2023,4,69331169209,13715211468,0.1978217246943472,0.14659496466080046,0.0858082996670888
합정동,17,2024,1,67851198862,11294835751,0.16646479267038658,-0.021346392450682705,-0.17647381687458208
합정동,18,2024,2,74450327874,11835535004,0.15897223480372716,0.09725884174016919,0.04787136926290669
합정동,19,2024,3,70131336511,11671925398,0.16642953034510152,-0.058011717158713894,-0.013823591915760991
합정동,20,2024,4,63614677133,12701676777,0.19966582162233482,-0.09292079264706254,0.08822463680040737
휘경1동,1,2020,1,16426001871,4065893305,0.24752787299862106,,
휘경1동,2,2020,2,19173836863,4630213024,0.24148599245334051,0.16728568604702798,0.1387935385087533
휘경1동,3,2020,3,17212554390,4492754962,0.26101616646801484,-0.10228951497885708,-0.029687200413351822
휘경1동,4,2020,4,16610323077,4298790522,0.2588023424994336,-0.03498791053057637,-0.043172717328357146
휘경1동,5,2021,1,15429677305,3491415894,0.22627925555310244,-0.07107903720637543,-0.18781436868535084
휘경1동,6,2021,2,17656114685,3983391213,0.22560972694542736,0.14429578376720298,0.14090997289823304
휘경1동,7,2021,3,15937972740,3947021057,0.2476488773941773,-0.09731144001118608,-0.009130450426587333
휘경1동,8,2021,4,17160305611,4363905327,0.2543023082411,0.0766931209470747,0.1056199761743506
휘경1동,9,2022,1,16193230187,3561927945,0.2199640160651537,-0.05635537302902638,-0.18377515594531135
휘경1동,10,2022,2,18763052479,4436449625,0.23644604895527352,0.15869732365461364,0.24551919452149384
휘경1동,11,2022,3,18879845385,4524308920,0.23963696882785673,0.006224621826897092,0.019803965428774495
휘경1동,12,2022,4,19887896102,4617937286,0.23219838148368058,0.05339295404404609,0.020694512168722534
휘경1동,13,2023,1,19400317078,3737093150,0.19263051912887916,-0.02451637023339881,-0.19074406633247643
휘경1동,14,2023,2,21595764025,4132666669,0.19136468912217613,0.11316551879915626,0.10585059112053452
휘경1동,15,2023,3,20775947409,3836737120,0.18467206546441062,-0.03796191767288026,-0.07160740817057176
휘경1동,16,2023,4,19677425058,3944049456,0.200435242130246,-0.05287471754593143,0.027969686909381064
휘경1동,17,2024,1,19345054163,3189265735,0.16486207317526652,-0.01689097501427772,-0.19137278308003047
휘경1동,18,2024,2,19911797827,3429971477,0.17225825145477458,0.029296566410445868,0.07547371777723622
휘경1동,19,2024,3,19228503870,3201822490,0.16651438466803606,-0.03431603529408411,-0.0665162927825711
휘경1동,20,2024,4,19529455370,3318032156,0.1698988575532406,0.015651321706289467,0.03629484968731034
