지역_대분류,상권명,연도,임대료,공실률,투자수익률,소득수익률,자본수익률
기타지역,가락시장,2020,38.2,9.9,6.09,2.26,3.77
기타지역,가락시장,2021,38.9,9.9,7.72,2.09,5.55
기타지역,가락시장,2022,38.5,11.5,5.64,1.99,3.6
기타지역,가락시장,2023,38.5,9.1,2.57,1.98,0.57
기타지역,가락시장,2024,38.6,12.1,3.45,1.92,1.5
기타지역,가락시장,2025,38.7,11.8,4.5,1.84,2.63
강남지역,강남대로,2020,100.0,8.7,7.16,3.01,4.06
강남지역,강남대로,2021,103.0,11.8,8.44,3.04,5.28
강남지역,강남대로,2022,106.2,10.8,6.04,2.2,3.78
강남지역,강남대로,2023,106.9,8.3,4.18,2.26,1.89
강남지역,강남대로,2024,117.0,12.1,8.13,2.23,5.81
강남지역,강남대로,2025,127.1,6.3,9.85,2.22,7.51
기타지역,건대입구,2020,71.4,5.5,6.37,3.07,3.23
기타지역,건대입구,2021,68.2,4.1,8.05,2.47,5.48
기타지역,건대입구,2022,69.1,4.4,5.1,2.07,2.98
기타지역,건대입구,2023,68.9,9.3,2.26,2.02,0.23
기타지역,건대입구,2024,65.5,7.2,3.7,2.04,1.64
기타지역,건대입구,2025,65.2,10.9,4.13,1.98,2.11
기타지역,경희대,2020,43.2,1.1,6.56,3.29,3.2
기타지역,경희대,2021,45.0,2.3,8.13,2.74,5.28
기타지역,경희대,2022,49.1,2.5,5.47,2.77,2.65
기타지역,경희대,2023,49.7,6.6,3.27,2.81,0.45
기타지역,경희대,2024,48.4,3.0,5.35,2.75,2.55
기타지역,경희대,2025,48.2,4.8,5.13,2.45,2.63
영등포신촌지역,공덕역,2020,36.6,5.2,6.46,3.22,3.16
영등포신촌지역,공덕역,2021,35.8,6.8,8.14,2.97,5.06
영등포신촌지역,공덕역,2022,39.0,6.7,5.68,2.79,2.83
영등포신촌지역,공덕역,2023,39.4,6.7,3.39,2.97,0.42
영등포신촌지역,공덕역,2024,39.7,8.7,5.01,2.74,2.22
영등포신촌지역,공덕역,2025,40.2,6.4,5.72,2.55,3.11
도심지역,광화문,2020,78.0,15.3,4.13,3.52,0.6
도심지역,광화문,2021,78.2,23.0,6.44,2.84,3.53
도심지역,광화문,2022,86.4,17.2,5.62,3.03,2.53
도심지역,광화문,2023,86.4,13.5,3.87,3.08,0.77
도심지역,광화문,2024,91.4,14.8,5.96,3.19,2.7
도심지역,광화문,2025,85.7,8.0,7.15,3.5,3.55
강남지역,교대역,2020,28.2,6.2,6.26,3.11,3.08
강남지역,교대역,2021,29.2,11.3,8.12,2.58,5.44
강남지역,교대역,2022,33.3,5.7,6.32,2.4,3.86
강남지역,교대역,2023,35.0,4.1,3.72,2.45,1.25
강남지역,교대역,2024,34.6,5.1,7.25,2.36,4.81
강남지역,교대역,2025,35.5,2.9,8.07,2.14,5.84
기타지역,구로디지털단지역,2020,49.2,6.4,6.25,3.3,2.88
기타지역,구로디지털단지역,2021,45.1,6.5,7.64,2.94,4.6
기타지역,구로디지털단지역,2022,44.0,13.1,5.61,2.63,2.92
기타지역,구로디지털단지역,2023,46.2,8.0,3.46,2.91,0.54
기타지역,구로디지털단지역,2024,47.4,5.2,4.03,2.89,1.12
기타지역,구로디지털단지역,2025,47.4,5.3,3.48,2.63,0.84
기타지역,구의역,2022,38.7,2.5,4.59,2.16,2.39
기타지역,구의역,2023,38.8,2.5,2.2,2.27,-0.06
기타지역,구의역,2024,39.2,3.7,3.27,2.26,0.99
기타지역,구의역,2025,39.3,8.2,3.76,2.0,1.73
기타지역,군자,2020,33.5,3.9,6.06,3.25,2.74
기타지역,군자,2021,35.0,10.4,7.74,2.59,5.05
기타지역,군자,2022,35.8,8.4,5.51,2.22,3.24
기타지역,군자,2023,36.2,16.7,2.64,2.18,0.44
기타지역,군자,2024,39.3,7.8,3.61,1.96,1.62
기타지역,군자,2025,39.9,9.9,4.0,1.9,2.07
기타지역,까치산역,2024,55.9,6.7,,,
기타지역,까치산역,2025,56.0,6.6,4.27,3.43,0.81
기타지역,낙성대,2024,46.6,6.4,,,
기타지역,낙성대,2025,46.8,8.2,4.87,3.88,0.96
도심지역,남대문,2020,80.7,8.0,6.73,3.66,2.99
도심지역,남대문,2021,75.0,14.5,7.03,2.9,4.04
도심지역,남대문,2022,74.5,12.6,5.31,2.47,2.79
도심지역,남대문,2023,69.0,10.1,2.93,2.58,0.34
도심지역,남대문,2024,83.2,15.0,5.36,2.58,2.73
도심지역,남대문,2025,87.7,18.5,6.06,2.44,3.56
강남지역,남부터미널,2020,25.4,3.6,6.56,2.97,3.51
강남지역,남부터미널,2021,27.0,5.1,9.14,2.77,6.25
강남지역,남부터미널,2022,31.1,5.8,6.46,2.77,3.62
강남지역,남부터미널,2023,31.5,2.6,4.25,2.84,1.38
강남지역,남부터미널,2024,36.9,3.8,7.51,2.56,4.86
강남지역,남부터미널,2025,37.5,5.2,7.27,2.12,5.07
기타지역,노량진,2020,48.5,5.2,6.83,3.39,3.36
기타지역,노량진,2021,47.8,8.4,6.75,3.21,3.46
기타지역,노량진,2022,47.3,7.4,4.77,2.85,1.89
기타지역,노량진,2023,47.3,9.4,3.93,2.58,1.33
기타지역,노량진,2024,46.3,10.8,4.92,2.37,2.51
기타지역,노량진,2025,46.1,9.1,5.75,2.22,3.48
강남지역,논현역,2020,47.6,13.4,5.5,2.3,3.14
강남지역,논현역,2021,48.3,19.6,7.36,2.05,5.23
강남지역,논현역,2022,53.1,18.2,5.72,1.85,3.81
강남지역,논현역,2023,53.2,15.6,4.4,1.92,2.45
강남지역,논현역,2024,53.7,14.2,6.34,1.87,4.4
강남지역,논현역,2025,54.3,13.7,6.97,1.6,5.31
영등포신촌지역,당산역,2020,29.4,5.7,6.39,3.32,2.99
영등포신촌지역,당산역,2021,29.8,11.9,7.84,2.62,5.12
영등포신촌지역,당산역,2022,29.5,11.7,5.72,3.0,2.66
영등포신촌지역,당산역,2023,29.7,4.7,3.74,3.12,0.6
영등포신촌지역,당산역,2024,32.0,4.7,6.79,3.31,3.4
영등포신촌지역,당산역,2025,32.5,7.3,6.4,3.01,3.31
강남지역,도산대로,2020,45.0,14.1,4.42,2.14,2.24
강남지역,도산대로,2021,45.9,8.3,8.75,1.98,6.66
강남지역,도산대로,2022,46.3,5.0,5.52,2.1,3.36
강남지역,도산대로,2023,46.2,3.3,4.69,2.17,2.48
강남지역,도산대로,2024,55.7,8.0,7.48,1.87,5.53
강남지역,도산대로,2025,56.1,7.2,7.52,1.27,6.19
기타지역,독산/시흥,2021,28.8,16.9,6.87,2.4,4.39
기타지역,독산/시흥,2022,33.2,15.5,4.22,2.76,1.43
기타지역,독산/시흥,2023,33.2,23.5,2.9,2.45,0.44
기타지역,독산/시흥,2024,29.8,11.8,3.57,2.58,0.96
기타지역,독산/시흥,2025,30.1,14.1,3.54,2.66,0.87
영등포신촌지역,동교/연남,2021,42.0,2.9,8.03,2.59,5.34
영등포신촌지역,동교/연남,2022,43.7,0.9,7.09,2.66,4.34
영등포신촌지역,동교/연남,2023,43.8,5.2,3.49,2.68,0.8
영등포신촌지역,동교/연남,2024,46.5,2.6,5.3,2.43,2.82
영등포신촌지역,동교/연남,2025,47.0,4.0,6.06,2.03,3.97
도심지역,동대문,2020,41.9,13.4,4.21,2.7,1.48
도심지역,동대문,2021,44.2,11.5,6.71,2.51,4.12
도심지역,동대문,2022,44.6,11.8,4.76,2.89,1.82
도심지역,동대문,2023,45.6,12.1,3.28,2.96,0.31
도심지역,동대문,2024,49.8,14.9,5.31,2.89,2.38
도심지역,동대문,2025,49.6,15.8,5.33,2.7,2.58
기타지역,뚝섬,2020,36.2,1.7,6.67,2.43,4.16
기타지역,뚝섬,2021,37.5,1.5,11.53,2.17,9.22
기타지역,뚝섬,2022,43.8,2.6,8.69,1.62,6.99
기타지역,뚝섬,2023,46.7,2.8,3.99,1.72,2.24
기타지역,뚝섬,2024,54.7,3.0,7.63,1.97,5.58
기타지역,뚝섬,2025,60.2,3.6,13.18,1.62,11.41
영등포신촌지역,망원역,2020,32.6,1.8,5.4,2.7,2.65
영등포신촌지역,망원역,2021,32.6,1.0,7.06,2.68,4.29
영등포신촌지역,망원역,2022,32.4,1.7,6.12,2.65,3.39
영등포신촌지역,망원역,2023,32.5,2.1,3.42,2.71,0.69
영등포신촌지역,망원역,2024,34.8,5.6,4.73,2.22,2.48
영등포신촌지역,망원역,2025,35.0,1.3,5.37,1.74,3.58
도심지역,명동,2020,271.7,22.3,4.11,3.01,1.08
도심지역,명동,2021,190.8,50.1,0.65,1.19,-0.53
도심지역,명동,2022,182.0,43.5,1.7,1.07,0.63
도심지역,명동,2023,194.0,27.7,2.56,1.52,1.03
도심지역,명동,2024,200.5,12.2,4.98,2.11,2.82
도심지역,명동,2025,210.3,7.4,7.51,2.33,5.09
기타지역,목동,2020,33.6,5.0,6.64,2.99,3.56
기타지역,목동,2021,32.8,8.8,8.21,3.3,4.8
기타지역,목동,2022,33.6,8.3,5.58,3.15,2.38
기타지역,목동,2023,33.8,14.2,3.71,2.98,0.72
기타지역,목동,2024,36.4,9.1,5.48,3.06,2.36
기타지역,목동,2025,36.4,11.1,6.02,3.03,2.92
기타지역,미아사거리,2021,41.0,8.8,8.27,3.2,4.96
기타지역,미아사거리,2022,38.6,12.7,4.86,2.8,2.02
기타지역,미아사거리,2023,38.8,7.2,2.9,2.87,0.03
기타지역,미아사거리,2024,39.2,8.7,4.9,2.98,1.88
기타지역,미아사거리,2025,38.9,6.6,4.44,2.86,1.55
강남지역,방배역/내방역,2022,39.8,7.4,6.1,2.34,3.69
강남지역,방배역/내방역,2023,40.6,8.6,3.46,2.34,1.1
강남지역,방배역/내방역,2024,43.1,7.6,5.33,2.28,3.0
강남지역,방배역/내방역,2025,43.5,8.8,5.96,2.2,3.7
도심지역,방산시장,2024,53.3,14.1,,,
도심지역,방산시장,2025,50.8,19.8,4.55,2.63,1.89
도심지역,북촌,2024,61.6,6.2,,,
도심지역,북촌,2025,61.7,1.9,5.52,2.69,2.77
기타지역,불광역,2020,40.1,12.3,6.42,3.7,2.64
기타지역,불광역,2021,35.6,12.4,6.26,3.22,2.97
기타지역,불광역,2022,38.5,14.9,4.56,3.12,1.41
기타지역,불광역,2023,44.5,8.1,4.02,3.32,0.68
기타지역,불광역,2024,47.9,10.8,5.78,3.05,2.67
기타지역,불광역,2025,47.8,14.9,4.45,2.55,1.87
기타지역,사당,2020,55.5,5.4,5.2,3.11,2.04
기타지역,사당,2021,60.1,10.8,6.82,2.93,3.8
기타지역,사당,2022,59.9,10.1,6.02,2.77,3.19
기타지역,사당,2023,60.2,7.4,4.38,2.83,1.52
기타지역,사당,2024,61.0,7.8,5.58,2.61,2.92
기타지역,사당,2025,64.6,7.8,6.02,2.24,3.72
기타지역,상계역,2020,26.8,1.5,5.71,3.08,2.58
기타지역,상계역,2021,26.9,0.9,8.36,3.14,5.1
기타지역,상계역,2022,29.6,7.6,5.3,3.01,2.24
기타지역,상계역,2023,29.6,10.4,2.87,3.09,-0.21
기타지역,상계역,2024,30.2,6.6,4.48,3.0,1.45
기타지역,상계역,2025,30.1,7.5,3.92,2.88,1.01
기타지역,상봉역,2022,39.0,6.5,4.64,2.1,2.49
기타지역,상봉역,2023,38.0,6.5,2.4,2.18,0.22
기타지역,상봉역,2024,39.5,5.3,3.43,2.19,1.23
기타지역,상봉역,2025,39.4,4.3,3.22,2.17,1.03
강남지역,서래마을,2021,44.1,9.4,8.44,2.86,5.47
강남지역,서래마을,2022,44.6,3.9,5.93,2.43,3.44
강남지역,서래마을,2023,45.3,2.7,3.83,2.54,1.27
강남지역,서래마을,2024,45.8,1.9,4.46,2.57,1.85
강남지역,서래마을,2025,46.0,6.1,4.81,2.51,2.25
기타지역,서울대입구역,2020,80.1,4.7,6.62,3.99,2.55
기타지역,서울대입구역,2021,76.9,6.7,9.2,3.74,5.31
기타지역,서울대입구역,2022,80.2,9.1,6.16,3.65,2.45
기타지역,서울대입구역,2023,80.7,5.4,4.51,3.75,0.74
기타지역,서울대입구역,2024,79.0,4.7,5.84,3.75,2.04
기타지역,서울대입구역,2025,79.7,3.7,5.66,3.69,1.92
도심지역,서촌,2024,52.6,16.0,,,
도심지역,서촌,2025,53.6,10.1,6.2,2.73,3.4
기타지역,성신여대,2020,47.6,14.5,4.95,3.4,1.51
기타지역,성신여대,2021,46.5,11.7,6.77,3.37,3.32
기타지역,성신여대,2022,47.5,10.6,6.39,3.63,2.69
기타지역,성신여대,2023,48.2,10.0,4.3,3.72,0.56
기타지역,성신여대,2024,53.2,11.1,5.88,3.63,2.19
기타지역,성신여대,2025,53.1,10.2,5.49,3.44,1.99
기타지역,수유,2020,49.6,3.9,5.6,3.65,1.9
기타지역,수유,2021,49.6,4.9,8.65,3.34,5.18
기타지역,수유,2022,50.0,3.8,5.56,3.13,2.38
기타지역,수유,2023,50.8,9.1,3.36,3.2,0.16
기타지역,수유,2024,53.0,16.8,4.33,3.02,1.28
기타지역,수유,2025,52.8,7.3,3.66,2.89,0.75
기타지역,숙명여대,2020,37.1,8.0,5.62,1.99,3.58
기타지역,숙명여대,2021,39.5,8.6,7.16,1.6,5.49
기타지역,숙명여대,2022,38.8,7.2,6.09,1.41,4.63
기타지역,숙명여대,2023,38.6,3.2,2.69,1.48,1.19
기타지역,숙명여대,2024,35.1,1.1,4.95,1.39,3.53
기타지역,숙명여대,2025,35.7,1.1,8.34,1.2,7.08
도심지역,시청,2020,62.4,13.4,6.3,3.33,2.9
도심지역,시청,2021,60.1,8.4,6.54,3.06,3.4
도심지역,시청,2022,64.1,17.5,5.76,2.89,2.81
도심지역,시청,2023,65.3,19.9,4.42,2.79,1.6
도심지역,시청,2024,71.4,20.7,5.63,2.71,2.86
도심지역,시청,2025,67.2,10.8,5.22,2.81,2.35
기타지역,신림역,2020,68.0,2.5,6.59,3.62,2.88
기타지역,신림역,2021,65.3,3.9,8.61,3.25,5.23
기타지역,신림역,2022,64.8,1.6,6.98,3.04,3.85
기타지역,신림역,2023,64.9,1.3,3.7,3.15,0.54
기타지역,신림역,2024,65.4,4.8,4.71,2.92,1.75
기타지역,신림역,2025,65.0,7.2,4.33,2.63,1.67
강남지역,신사역,2020,83.9,9.6,4.7,2.45,2.2
강남지역,신사역,2021,82.1,15.6,7.85,2.01,5.76
강남지역,신사역,2022,84.0,10.1,5.4,1.76,3.59
강남지역,신사역,2023,86.7,10.2,3.83,1.89,1.91
강남지역,신사역,2024,93.3,14.4,7.06,1.87,5.11
강남지역,신사역,2025,93.8,15.6,7.57,1.72,5.78
영등포신촌지역,신촌/이대,2020,55.7,10.7,6.06,3.16,2.83
영등포신촌지역,신촌/이대,2021,57.5,14.6,7.23,2.5,4.64
영등포신촌지역,신촌/이대,2022,63.3,9.1,5.39,2.59,2.75
영등포신촌지역,신촌/이대,2023,63.2,7.4,2.14,2.86,-0.7
영등포신촌지역,신촌/이대,2024,57.9,12.9,4.2,2.67,1.5
영등포신촌지역,신촌/이대,2025,58.0,13.3,3.99,2.44,1.52
기타지역,쌍문역,2024,47.8,13.1,,,
기타지역,쌍문역,2025,47.5,13.5,4.84,2.71,2.09
강남지역,압구정,2020,47.3,12.8,5.56,2.36,3.14
강남지역,압구정,2021,48.0,5.6,9.42,2.23,7.07
강남지역,압구정,2022,47.5,3.5,4.45,1.79,2.62
강남지역,압구정,2023,52.4,2.0,3.92,1.77,2.12
강남지역,압구정,2024,52.8,2.7,6.64,1.69,4.89
강남지역,압구정,2025,56.4,5.8,6.92,1.5,5.36
기타지역,약수역,2024,44.0,3.0,,,
기타지역,약수역,2025,43.5,13.6,3.74,2.01,1.71
강남지역,양재말죽거리,2021,38.1,6.0,8.4,2.48,5.81
강남지역,양재말죽거리,2022,38.4,5.3,6.06,2.21,3.79
강남지역,양재말죽거리,2023,38.8,3.5,3.78,2.29,1.46
강남지역,양재말죽거리,2024,42.4,3.1,6.15,2.5,3.58
강남지역,양재말죽거리,2025,42.8,3.9,6.96,2.45,4.43
강남지역,양재역,2021,38.2,7.5,8.01,2.59,5.32
강남지역,양재역,2022,39.5,16.9,5.79,2.13,3.6
강남지역,양재역,2023,41.3,11.5,4.42,2.12,2.26
강남지역,양재역,2024,42.0,13.7,5.02,1.69,3.29
강남지역,양재역,2025,42.5,9.9,5.84,1.27,4.53
기타지역,연신내,2021,43.9,7.3,6.67,3.22,3.36
기타지역,연신내,2022,46.7,9.9,4.83,3.53,1.27
기타지역,연신내,2023,47.7,9.9,4.78,3.48,1.26
기타지역,연신내,2024,49.7,9.5,7.22,3.26,3.87
기타지역,연신내,2025,49.7,12.0,6.05,2.98,3.0
영등포신촌지역,영등포,2020,40.8,11.8,6.73,2.86,3.78
영등포신촌지역,영등포,2021,40.2,15.3,7.96,2.66,5.2
영등포신촌지역,영등포,2022,39.5,13.2,5.34,2.46,2.83
영등포신촌지역,영등포,2023,39.5,13.0,2.65,2.45,0.19
영등포신촌지역,영등포,2024,43.3,13.1,4.61,2.32,2.25
영등포신촌지역,영등포,2025,43.6,12.7,4.84,2.11,2.69
기타지역,오류동역,2020,45.3,4.8,6.24,3.29,2.88
기타지역,오류동역,2021,49.5,4.6,7.85,3.69,4.05
기타지역,오류동역,2022,49.6,4.6,5.4,3.01,2.33
기타지역,오류동역,2023,45.2,2.1,2.75,2.87,-0.11
기타지역,오류동역,2024,45.0,1.5,3.22,2.87,0.34
기타지역,오류동역,2025,45.0,1.5,3.32,2.87,0.43
기타지역,왕십리,2020,39.2,4.0,5.88,2.94,2.87
기타지역,왕십리,2021,42.2,3.9,7.91,2.84,4.97
기타지역,왕십리,2022,42.0,0.9,5.11,2.23,2.84
기타지역,왕십리,2023,42.4,2.0,2.37,2.25,0.12
기타지역,왕십리,2024,45.7,2.7,3.77,2.44,1.31
기타지역,왕십리,2025,46.1,1.8,5.49,2.45,2.99
기타지역,용산역,2020,24.2,13.5,6.22,2.22,3.93
기타지역,용산역,2021,24.8,13.6,6.44,1.91,4.47
기타지역,용산역,2022,26.4,12.9,6.52,1.77,4.69
기타지역,용산역,2023,27.1,8.9,3.12,1.88,1.23
기타지역,용산역,2024,35.1,9.8,5.74,2.01,3.68
기타지역,용산역,2025,37.6,12.0,9.36,2.02,7.23
도심지역,을지로,2020,41.8,5.7,5.7,2.78,2.86
도심지역,을지로,2021,42.5,9.1,7.29,2.57,4.63
도심지역,을지로,2022,51.1,15.1,5.31,2.39,2.87
도심지역,을지로,2023,51.7,21.2,4.39,2.66,1.69
도심지역,을지로,2024,65.1,5.5,,,
도심지역,을지로,2025,65.2,5.5,5.54,2.74,2.74
기타지역,이태원,2020,56.8,26.7,5.2,1.73,3.43
기타지역,이태원,2021,58.3,9.4,7.3,1.94,5.29
기타지역,이태원,2022,57.4,0.0,6.56,2.05,4.44
기타지역,이태원,2023,56.8,0.0,3.25,2.18,1.05
기타지역,이태원,2024,57.5,19.9,5.29,1.79,3.45
기타지역,이태원,2025,58.6,13.6,7.95,1.59,6.29
기타지역,잠실/송파,2020,44.4,12.4,6.74,2.18,4.49
기타지역,잠실/송파,2021,44.4,12.0,7.65,1.94,5.64
기타지역,잠실/송파,2022,44.2,10.4,5.32,1.8,3.47
기타지역,잠실/송파,2023,44.8,11.7,2.82,1.91,0.9
기타지역,잠실/송파,2024,49.6,8.3,3.86,1.86,1.97
기타지역,잠실/송파,2025,50.6,12.5,5.01,1.73,3.24
기타지역,잠실새내역,2020,37.1,10.1,6.9,2.66,4.16
기타지역,잠실새내역,2021,37.4,8.6,7.9,2.42,5.38
기타지역,잠실새내역,2022,36.4,5.8,6.14,2.48,3.59
기타지역,잠실새내역,2023,36.6,5.7,3.45,2.37,1.06
기타지역,잠실새내역,2024,37.6,15.0,5.58,2.17,3.36
기타지역,잠실새내역,2025,38.3,5.3,5.34,2.04,3.25
기타지역,장안동,2020,32.7,11.0,5.48,2.33,3.1
기타지역,장안동,2021,32.5,10.2,7.67,2.35,5.23
기타지역,장안동,2022,36.1,7.5,5.49,2.96,2.47
기타지역,장안동,2023,36.6,7.2,3.08,3.0,0.08
기타지역,장안동,2024,37.3,8.1,4.41,2.8,1.58
기타지역,장안동,2025,37.4,8.1,4.35,2.57,1.75
도심지역,종로,2020,73.1,10.7,5.02,3.19,1.79
도심지역,종로,2021,75.2,10.8,6.52,2.82,3.63
도심지역,종로,2022,78.3,13.5,5.86,2.72,3.08
도심지역,종로,2023,77.4,7.3,4.12,2.91,1.19
도심지역,종로,2024,79.5,6.3,6.08,2.85,3.16
도심지역,종로,2025,79.8,8.5,6.0,2.63,3.3
기타지역,천호,2020,43.8,5.7,7.25,3.21,3.95
기타지역,천호,2021,43.9,6.9,8.16,2.93,5.11
기타지역,천호,2022,47.0,6.1,6.72,2.75,3.89
기타지역,천호,2023,47.2,4.3,4.35,2.83,1.49
기타지역,천호,2024,46.8,7.4,5.71,2.82,2.83
기타지역,천호,2025,47.3,7.8,6.04,2.71,3.26
강남지역,청담,2020,59.1,11.0,6.68,2.8,3.8
강남지역,청담,2021,58.0,9.8,11.11,1.94,9.04
강남지역,청담,2022,59.5,6.1,9.66,1.76,7.8
강남지역,청담,2023,59.7,17.9,4.85,1.69,3.12
강남지역,청담,2024,62.1,12.7,8.26,1.54,6.63
강남지역,청담,2025,64.9,27.4,7.6,1.28,6.26
기타지역,청량리,2020,46.7,4.6,7.13,3.26,3.78
기타지역,청량리,2021,46.6,8.1,7.79,2.69,5.0
기타지역,청량리,2022,45.2,10.0,5.17,2.31,2.82
기타지역,청량리,2023,45.3,7.8,2.8,2.34,0.46
기타지역,청량리,2024,45.7,10.0,5.06,2.33,2.68
기타지역,청량리,2025,46.1,11.1,5.58,2.28,3.25
도심지역,충무로,2020,45.3,6.2,5.15,2.67,2.44
도심지역,충무로,2021,48.9,7.4,5.31,2.57,2.68
도심지역,충무로,2022,48.2,11.1,4.25,2.4,1.81
도심지역,충무로,2023,51.9,7.9,3.08,2.71,0.36
도심지역,충무로,2024,48.8,13.9,,,
도심지역,충무로,2025,48.6,15.0,5.3,2.44,2.82
강남지역,테헤란로,2020,53.9,15.0,6.89,2.87,3.94
강남지역,테헤란로,2021,50.2,7.2,8.86,2.56,6.18
강남지역,테헤란로,2022,48.7,5.7,6.44,2.63,3.73
강남지역,테헤란로,2023,49.4,5.1,4.47,2.67,1.76
강남지역,테헤란로,2024,50.0,6.6,7.76,2.46,5.21
강남지역,테헤란로,2025,51.8,8.9,7.28,2.04,5.16
강남지역,학동/강남구청역,2022,49.6,8.5,5.21,1.75,3.42
강남지역,학동/강남구청역,2023,50.4,12.6,3.91,1.67,2.21
강남지역,학동/강남구청역,2024,53.1,10.6,5.6,1.6,3.95
강남지역,학동/강남구청역,2025,54.0,16.8,6.93,1.32,5.56
기타지역,혜화동,2020,66.8,14.6,4.95,2.5,2.41
기타지역,혜화동,2021,60.8,11.0,6.4,2.16,4.17
기타지역,혜화동,2022,61.7,9.3,5.07,2.27,2.75
기타지역,혜화동,2023,62.9,5.9,3.63,2.41,1.2
기타지역,혜화동,2024,67.7,5.6,6.84,2.56,4.2
기타지역,혜화동,2025,68.2,1.2,6.76,2.54,4.14
영등포신촌지역,홍대/합정,2020,73.3,8.6,5.73,2.88,2.78
영등포신촌지역,홍대/합정,2021,70.5,16.9,7.77,2.22,5.46
영등포신촌지역,홍대/합정,2022,67.0,12.2,6.21,2.64,3.5
영등포신촌지역,홍대/합정,2023,66.4,9.8,3.5,2.78,0.7
영등포신촌지역,홍대/합정,2024,68.4,9.3,4.97,2.55,2.38
영등포신촌지역,홍대/합정,2025,69.2,8.2,6.22,2.42,3.73
기타지역,화곡,2020,34.4,12.5,6.87,3.49,3.29
기타지역,화곡,2021,34.6,15.0,8.99,3.23,5.62
기타지역,화곡,2022,35.3,13.6,6.01,2.96,2.99
기타지역,화곡,2023,35.2,12.7,2.75,3.09,-0.34
기타지역,화곡,2024,35.5,9.4,3.77,3.17,0.58
기타지역,화곡,2025,35.5,14.1,3.74,3.03,0.69
