group,period,ratio
화곡,2022-01-01,63.62957
화곡,2022-02-01,61.56615
화곡,2022-03-01,65.04254
화곡,2022-04-01,65.75921
화곡,2022-05-01,71.19032
화곡,2022-06-01,67.26049
화곡,2022-07-01,66.65251
화곡,2022-08-01,68.81782
화곡,2022-09-01,62.09602
화곡,2022-10-01,66.83762
화곡,2022-11-01,66.07849
화곡,2022-12-01,69.02501
화곡,2023-01-01,71.32958
화곡,2023-02-01,63.10819
화곡,2023-03-01,66.05302
화곡,2023-04-01,61.37934
화곡,2023-05-01,62.08243
화곡,2023-06-01,59.15459
화곡,2023-07-01,58.34111
화곡,2023-08-01,57.87069
화곡,2023-09-01,56.92984
화곡,2023-10-01,60.66436
화곡,2023-11-01,57.7603
화곡,2023-12-01,58.73172
화곡,2024-01-01,75.22884
화곡,2024-02-01,71.66754
화곡,2024-03-01,62.26245
화곡,2024-04-01,57.87748
화곡,2024-05-01,57.17949
화곡,2024-06-01,56.05183
화곡,2024-07-01,58.92362
화곡,2024-08-01,53.18343
화곡,2024-09-01,53.81689
화곡,2024-10-01,56.72944
화곡,2024-11-01,56.97909
화곡,2024-12-01,53.65045
당산,2022-01-01,78.138
당산,2022-02-01,71.53677
당산,2022-03-01,79.57474
당산,2022-04-01,92.14713
당산,2022-05-01,99.28162
당산,2022-06-01,92.1828
당산,2022-07-01,91.56292
당산,2022-08-01,92.98099
당산,2022-09-01,89.62858
당산,2022-10-01,93.11855
당산,2022-11-01,91.75143
당산,2022-12-01,89.74237
당산,2023-01-01,84.83772
당산,2023-02-01,84.0735
당산,2023-03-01,91.02797
당산,2023-04-01,86.58186
당산,2023-05-01,87.66197
당산,2023-06-01,85.17568
당산,2023-07-01,84.29427
당산,2023-08-01,84.99397
당산,2023-09-01,93.3631
당산,2023-10-01,100.0
당산,2023-11-01,81.06414
당산,2023-12-01,80.28633
당산,2024-01-01,85.48477
당산,2024-02-01,74.32026
당산,2024-03-01,81.34096
당산,2024-04-01,80.38992
당산,2024-05-01,80.30161
당산,2024-06-01,75.82154
당산,2024-07-01,78.0361
당산,2024-08-01,77.22092
당산,2024-09-01,73.44734
당산,2024-10-01,82.10519
당산,2024-11-01,82.54844
당산,2024-12-01,89.95975
신길,2022-01-01,36.93086
신길,2022-02-01,32.42701
신길,2022-03-01,36.71857
신길,2022-04-01,43.12789
신길,2022-05-01,46.7809
신길,2022-06-01,41.41093
신길,2022-07-01,39.9555
신길,2022-08-01,45.37982
신길,2022-09-01,39.24222
신길,2022-10-01,45.61758
신길,2022-11-01,42.69483
신길,2022-12-01,38.89917
신길,2023-01-01,37.39449
신길,2023-02-01,40.14231
신길,2023-03-01,43.98553
신길,2023-04-01,41.0441
신길,2023-05-01,39.60565
신길,2023-06-01,36.5895
신길,2023-07-01,49.27568
신길,2023-08-01,38.19438
신길,2023-09-01,37.11427
신길,2023-10-01,41.89664
신길,2023-11-01,38.30307
신길,2023-12-01,37.46412
신길,2024-01-01,36.68631
신길,2024-02-01,35.27673
신길,2024-03-01,38.75821
신길,2024-04-01,39.96909
신길,2024-05-01,40.67048
신길,2024-06-01,36.0936
신길,2024-07-01,35.34636
신길,2024-08-01,42.5284
신길,2024-09-01,34.18813
신길,2024-10-01,40.51593
신길,2024-11-01,35.83037
신길,2024-12-01,48.68977
방화,2022-01-01,17.9967
방화,2022-02-01,15.28115
방화,2022-03-01,17.3089
방화,2022-04-01,17.98821
방화,2022-05-01,22.6466
방화,2022-06-01,19.5778
방화,2022-07-01,18.69639
방화,2022-08-01,19.78499
방화,2022-09-01,18.25654
방화,2022-10-01,18.91377
방화,2022-11-01,20.08389
방화,2022-12-01,17.29701
방화,2023-01-01,19.45043
방화,2023-02-01,16.43428
방화,2023-03-01,17.90669
방화,2023-04-01,17.98481
방화,2023-05-01,18.27352
방화,2023-06-01,17.6027
방화,2023-07-01,17.77253
방화,2023-08-01,19.66441
방화,2023-09-01,17.13058
방화,2023-10-01,17.61289
방화,2023-11-01,16.78413
방화,2023-12-01,17.77592
방화,2024-01-01,19.85123
방화,2024-02-01,15.63948
방화,2024-03-01,16.82319
방화,2024-04-01,18.23276
방화,2024-05-01,17.36324
방화,2024-06-01,16.05726
방화,2024-07-01,17.20021
방화,2024-08-01,16.64996
방화,2024-09-01,15.85686
방화,2024-10-01,15.81441
방화,2024-11-01,15.17585
방화,2024-12-01,14.45918
신월,2022-01-01,21.81104
신월,2022-02-01,22.20505
신월,2022-03-01,21.82803
신월,2022-04-01,21.09777
신월,2022-05-01,21.70066
신월,2022-06-01,19.7799
신월,2022-07-01,20.19768
신월,2022-08-01,23.49234
신월,2022-09-01,20.06861
신월,2022-10-01,19.96501
신월,2022-11-01,19.40967
신월,2022-12-01,19.12436
신월,2023-01-01,20.44223
신월,2023-02-01,19.00718
신월,2023-03-01,22.13372
신월,2023-04-01,19.9735
신월,2023-05-01,20.2758
신월,2023-06-01,22.33581
신월,2023-07-01,20.46091
신월,2023-08-01,19.8801
신월,2023-09-01,19.16512
신월,2023-10-01,20.83283
신월,2023-11-01,18.79829
신월,2023-12-01,17.81838
신월,2024-01-01,19.99218
신월,2024-02-01,18.02217
신월,2024-03-01,19.58799
신월,2024-04-01,19.8784
신월,2024-05-01,18.38051
신월,2024-06-01,17.16454
신월,2024-07-01,18.90528
신월,2024-08-01,19.11417
신월,2024-09-01,17.49571
신월,2024-10-01,16.55825
신월,2024-11-01,17.2087
신월,2024-12-01,15.08245
을지로,2022-01-01,44.85789
을지로,2022-02-01,33.24971
을지로,2022-03-01,40.18018
을지로,2022-04-01,56.96879
을지로,2022-05-01,66.25951
을지로,2022-06-01,57.02652
을지로,2022-07-01,58.48987
을지로,2022-08-01,53.39306
을지로,2022-09-01,51.08954
을지로,2022-10-01,59.07222
을지로,2022-11-01,51.17714
을지로,2022-12-01,50.67841
을지로,2023-01-01,45.934
을지로,2023-02-01,46.6796
을지로,2023-03-01,48.52122
을지로,2023-04-01,49.45796
을지로,2023-05-01,54.84843
을지로,2023-06-01,50.57886
을지로,2023-07-01,51.29759
을지로,2023-08-01,52.39062
을지로,2023-09-01,48.93335
을지로,2023-10-01,47.47498
을지로,2023-11-01,44.45373
을지로,2023-12-01,46.93743
을지로,2024-01-01,47.77263
을지로,2024-02-01,44.7683
을지로,2024-03-01,47.59145
을지로,2024-04-01,50.97307
을지로,2024-05-01,54.00726
을지로,2024-06-01,45.09979
을지로,2024-07-01,44.46767
을지로,2024-08-01,43.00731
을지로,2024-09-01,42.2617
을지로,2024-10-01,45.13463
을지로,2024-11-01,41.52207
을지로,2024-12-01,42.81917
대학로,2022-01-01,66.88467
대학로,2022-02-01,53.85894
대학로,2022-03-01,56.57259
대학로,2022-04-01,68.61679
대학로,2022-05-01,91.66193
대학로,2022-06-01,78.53168
대학로,2022-07-01,88.72032
대학로,2022-08-01,86.6587
대학로,2022-09-01,86.22368
대학로,2022-10-01,100.0
대학로,2022-11-01,88.03643
대학로,2022-12-01,98.48489
대학로,2023-01-01,82.02578
대학로,2023-02-01,84.27753
대학로,2023-03-01,81.42551
대학로,2023-04-01,77.24453
대학로,2023-05-01,88.0872
대학로,2023-06-01,75.2287
대학로,2023-07-01,87.94186
대학로,2023-08-01,98.07973
대학로,2023-09-01,77.95928
대학로,2023-10-01,86.70648
대학로,2023-11-01,80.0199
대학로,2023-12-01,97.19078
대학로,2024-01-01,83.75989
대학로,2024-02-01,70.32402
대학로,2024-03-01,71.57831
대학로,2024-04-01,76.80852
대학로,2024-05-01,76.70001
대학로,2024-06-01,65.8454
대학로,2024-07-01,72.45632
대학로,2024-08-01,71.45089
대학로,2024-09-01,66.34712
대학로,2024-10-01,73.13324
대학로,2024-11-01,74.24916
대학로,2024-12-01,80.69782
후암동,2022-01-01,10.94719
후암동,2022-02-01,9.3624
후암동,2022-03-01,14.88029
후암동,2022-04-01,13.41297
후암동,2022-05-01,11.50764
후암동,2022-06-01,12.22537
후암동,2022-07-01,16.41132
후암동,2022-08-01,12.21442
후암동,2022-09-01,11.3623
후암동,2022-10-01,13.9326
후암동,2022-11-01,9.78647
후암동,2022-12-01,9.0309
후암동,2023-01-01,16.04399
후암동,2023-02-01,9.34945
후암동,2023-03-01,9.60629
후암동,2023-04-01,9.98158
후암동,2023-05-01,9.28574
후암동,2023-06-01,10.0642
후암동,2023-07-01,9.31262
후암동,2023-08-01,8.70339
후암동,2023-09-01,9.5366
후암동,2023-10-01,10.88547
후암동,2023-11-01,8.19272
후암동,2023-12-01,8.04937
후암동,2024-01-01,10.66646
후암동,2024-02-01,8.71634
후암동,2024-03-01,17.05639
후암동,2024-04-01,12.14075
후암동,2024-05-01,9.5157
후암동,2024-06-01,9.74366
후암동,2024-07-01,9.61525
후암동,2024-08-01,9.6262
후암동,2024-09-01,8.97118
후암동,2024-10-01,10.45443
후암동,2024-11-01,8.73127
후암동,2024-12-01,7.30874
독립문,2022-01-01,9.97561
독립문,2022-02-01,10.51416
독립문,2022-03-01,13.08745
독립문,2022-04-01,14.16952
독립문,2022-05-01,16.31377
독립문,2022-06-01,14.51595
독립문,2022-07-01,11.32546
독립문,2022-08-01,13.97839
독립문,2022-09-01,13.00184
독립문,2022-10-01,15.41187
독립문,2022-11-01,15.13214
독립문,2022-12-01,13.76835
독립문,2023-01-01,11.8451
독립문,2023-02-01,12.7679
독립문,2023-03-01,15.6906
독립문,2023-04-01,14.78373
독립문,2023-05-01,17.50634
독립문,2023-06-01,14.52292
독립문,2023-07-01,25.90413
독립문,2023-08-01,17.94037
독립문,2023-09-01,13.01179
독립문,2023-10-01,16.99467
독립문,2023-11-01,14.39151
독립문,2023-12-01,12.47026
독립문,2024-01-01,11.34338
독립문,2024-02-01,11.52655
독립문,2024-03-01,13.96844
독립문,2024-04-01,15.91558
독립문,2024-05-01,15.92354
독립문,2024-06-01,13.07252
독립문,2024-07-01,10.69334
독립문,2024-08-01,14.52092
독립문,2024-09-01,11.49967
독립문,2024-10-01,14.52092
독립문,2024-11-01,12.29903
독립문,2024-12-01,11.53949
청구,2022-01-01,8.1529
청구,2022-02-01,6.85978
청구,2022-03-01,7.80448
청구,2022-04-01,8.55905
청구,2022-05-01,9.65805
청구,2022-06-01,8.46448
청구,2022-07-01,8.16484
청구,2022-08-01,7.78059
청구,2022-09-01,8.05335
청구,2022-10-01,10.06321
청구,2022-11-01,8.82584
청구,2022-12-01,8.44955
청구,2023-01-01,8.69145
청구,2023-02-01,9.29072
청구,2023-03-01,9.74665
청구,2023-04-01,9.15633
청구,2023-05-01,9.70982
청구,2023-06-01,8.95027
청구,2023-07-01,9.16032
청구,2023-08-01,8.64864
청구,2023-09-01,8.53715
청구,2023-10-01,9.01
청구,2023-11-01,8.67353
청구,2023-12-01,8.19172
청구,2024-01-01,7.98865
청구,2024-02-01,8.25643
청구,2024-03-01,13.21188
청구,2024-04-01,9.11253
청구,2024-05-01,9.99054
청구,2024-06-01,9.13742
청구,2024-07-01,8.92041
청구,2024-08-01,8.10313
청구,2024-09-01,8.34602
청구,2024-10-01,9.0757
청구,2024-11-01,8.41073
청구,2024-12-01,8.5043
중계,2022-01-01,15.31095
중계,2022-02-01,20.47372
중계,2022-03-01,16.80762
중계,2022-04-01,16.55512
중계,2022-05-01,17.88141
중계,2022-06-01,18.43448
중계,2022-07-01,16.84519
중계,2022-08-01,18.26061
중계,2022-09-01,16.87577
중계,2022-10-01,18.4703
중계,2022-11-01,34.13074
중계,2022-12-01,28.73294
중계,2023-01-01,15.75392
중계,2023-02-01,15.15281
중계,2023-03-01,18.91502
중계,2023-04-01,17.9251
중계,2023-05-01,19.10199
중계,2023-06-01,17.9085
중계,2023-07-01,16.39785
중계,2023-08-01,16.4992
중계,2023-09-01,18.12955
중계,2023-10-01,21.59819
중계,2023-11-01,16.68006
중계,2023-12-01,14.64955
중계,2024-01-01,19.69612
중계,2024-02-01,18.19071
중계,2024-03-01,17.17371
중계,2024-04-01,16.30786
중계,2024-05-01,17.32923
중계,2024-06-01,15.71548
중계,2024-07-01,18.50525
중계,2024-08-01,17.39214
중계,2024-09-01,15.03224
중계,2024-10-01,17.43669
중계,2024-11-01,15.97585
중계,2024-12-01,13.56003
도봉,2022-01-01,6.93728
도봉,2022-02-01,6.25141
도봉,2022-03-01,6.82981
도봉,2022-04-01,8.24086
도봉,2022-05-01,7.91234
도봉,2022-06-01,7.36453
도봉,2022-07-01,7.29113
도봉,2022-08-01,7.38986
도봉,2022-09-01,7.18105
도봉,2022-10-01,7.11726
도봉,2022-11-01,6.9268
도봉,2022-12-01,6.48819
도봉,2023-01-01,6.60614
도봉,2023-02-01,6.22346
도봉,2023-03-01,7.39685
도봉,2023-04-01,6.49518
도봉,2023-05-01,6.63061
도봉,2023-06-01,6.55634
도봉,2023-07-01,6.39121
도봉,2023-08-01,6.40169
도봉,2023-09-01,8.75198
도봉,2023-10-01,7.6214
도봉,2023-11-01,6.75467
도봉,2023-12-01,6.96349
도봉,2024-01-01,6.34141
도봉,2024-02-01,6.50304
도봉,2024-03-01,8.05651
도봉,2024-04-01,6.48994
도봉,2024-05-01,7.00193
도봉,2024-06-01,6.55896
도봉,2024-07-01,7.26405
도봉,2024-08-01,7.09367
도봉,2024-09-01,6.48295
도봉,2024-10-01,6.57644
도봉,2024-11-01,6.76516
도봉,2024-12-01,7.17231
청량리,2022-01-01,75.72125
청량리,2022-02-01,63.69895
청량리,2022-03-01,67.27506
청량리,2022-04-01,77.45382
청량리,2022-05-01,95.60958
청량리,2022-06-01,88.88461
청량리,2022-07-01,95.60172
청량리,2022-08-01,94.58647
청량리,2022-09-01,87.27436
청량리,2022-10-01,95.29417
청량리,2022-11-01,89.23759
청량리,2022-12-01,87.33814
청량리,2023-01-01,96.02722
청량리,2023-02-01,88.65308
청량리,2023-03-01,93.99409
청량리,2023-04-01,87.42726
청량리,2023-05-01,94.08495
청량리,2023-06-01,91.86485
청량리,2023-07-01,97.44264
청량리,2023-08-01,93.89885
청량리,2023-09-01,87.78286
청량리,2023-10-01,90.67835
청량리,2023-11-01,83.38109
청량리,2023-12-01,87.35212
청량리,2024-01-01,88.15157
청량리,2024-02-01,85.77157
청량리,2024-03-01,87.3792
청량리,2024-04-01,87.45609
청량리,2024-05-01,89.06809
청량리,2024-06-01,91.84301
청량리,2024-07-01,87.38619
청량리,2024-08-01,88.54124
청량리,2024-09-01,81.87044
청량리,2024-10-01,89.2507
청량리,2024-11-01,92.6477
청량리,2024-12-01,100.0
회기,2022-01-01,25.23983
회기,2022-02-01,23.32203
회기,2022-03-01,29.8574
회기,2022-04-01,29.91594
회기,2022-05-01,33.52001
회기,2022-06-01,29.45113
회기,2022-07-01,28.44898
회기,2022-08-01,26.75048
회기,2022-09-01,32.68736
회기,2022-10-01,30.93469
회기,2022-11-01,29.85042
회기,2022-12-01,27.85922
회기,2023-01-01,25.63125
회기,2023-02-01,27.57352
회기,2023-03-01,34.0189
회기,2023-04-01,29.1165
회기,2023-05-01,29.35764
회기,2023-06-01,27.04317
회기,2023-07-01,25.19527
회기,2023-08-01,27.00997
회기,2023-09-01,26.64651
회기,2023-10-01,27.36994
회기,2023-11-01,27.22927
회기,2023-12-01,26.51807
회기,2024-01-01,23.97906
회기,2024-02-01,24.13808
회기,2024-03-01,29.14096
회기,2024-04-01,25.83832
회기,2024-05-01,27.95358
회기,2024-06-01,23.16651
회기,2024-07-01,23.96683
회기,2024-08-01,24.23943
회기,2024-09-01,24.03673
회기,2024-10-01,25.91521
회기,2024-11-01,27.28519
회기,2024-12-01,30.81762
왕십리,2022-01-01,58.41386
왕십리,2022-02-01,51.22407
왕십리,2022-03-01,59.03681
왕십리,2022-04-01,63.48664
왕십리,2022-05-01,73.91266
왕십리,2022-06-01,64.22056
왕십리,2022-07-01,67.27768
왕십리,2022-08-01,64.764
왕십리,2022-09-01,60.28098
왕십리,2022-10-01,65.54161
왕십리,2022-11-01,65.30396
왕십리,2022-12-01,67.17458
왕십리,2023-01-01,63.83263
왕십리,2023-02-01,60.79385
왕십리,2023-03-01,67.57998
왕십리,2023-04-01,60.74929
왕십리,2023-05-01,66.5158
왕십리,2023-06-01,58.93983
왕십리,2023-07-01,60.06343
왕십리,2023-08-01,71.77206
왕십리,2023-09-01,58.7878
왕십리,2023-10-01,58.70393
왕십리,2023-11-01,60.5029
왕십리,2023-12-01,61.17654
왕십리,2024-01-01,58.40599
왕십리,2024-02-01,60.51514
왕십리,2024-03-01,66.94479
왕십리,2024-04-01,57.93856
왕십리,2024-05-01,59.94111
왕십리,2024-06-01,53.88278
왕십리,2024-07-01,55.7202
왕십리,2024-08-01,53.40224
왕십리,2024-09-01,50.81954
왕십리,2024-10-01,52.50755
왕십리,2024-11-01,54.98278
왕십리,2024-12-01,55.67214
둔촌,2022-01-01,2.79676
둔촌,2022-02-01,2.22945
둔촌,2022-03-01,2.62981
둔촌,2022-04-01,5.30794
둔촌,2022-05-01,3.84483
둔촌,2022-06-01,3.46649
둔촌,2022-07-01,3.48156
둔촌,2022-08-01,3.40891
둔촌,2022-09-01,2.49881
둔촌,2022-10-01,3.59595
둔촌,2022-11-01,6.06384
둔촌,2022-12-01,8.17659
둔촌,2023-01-01,6.32625
둔촌,2023-02-01,3.18515
둔촌,2023-03-01,3.3977
둔촌,2023-04-01,2.24375
둔촌,2023-05-01,2.2167
둔촌,2023-06-01,2.20356
둔촌,2023-07-01,2.20201
둔촌,2023-08-01,2.13129
둔촌,2023-09-01,3.19867
둔촌,2023-10-01,2.48683
둔촌,2023-11-01,2.18694
둔촌,2023-12-01,2.35543
둔촌,2024-01-01,2.22945
둔촌,2024-02-01,2.01072
둔촌,2024-03-01,2.5046
둔촌,2024-04-01,2.57648
둔촌,2024-05-01,2.29824
둔촌,2024-06-01,2.23293
둔촌,2024-07-01,2.9042
둔촌,2024-08-01,2.3991
둔촌,2024-09-01,2.45475
둔촌,2024-10-01,2.76237
둔촌,2024-11-01,3.28756
둔촌,2024-12-01,3.06767
가락,2022-01-01,33.09321
가락,2022-02-01,25.55736
가락,2022-03-01,29.26191
가락,2022-04-01,31.33562
가락,2022-05-01,32.22253
가락,2022-06-01,35.00191
가락,2022-07-01,35.90582
가락,2022-08-01,38.72346
가락,2022-09-01,37.09185
가락,2022-10-01,36.9222
가락,2022-11-01,35.16383
가락,2022-12-01,38.36638
가락,2023-01-01,39.22469
가락,2023-02-01,31.9895
가락,2023-03-01,34.65371
가락,2023-04-01,33.29069
가락,2023-05-01,35.51628
가락,2023-06-01,35.51009
가락,2023-07-01,38.34667
가락,2023-08-01,39.62274
가락,2023-09-01,39.6981
가락,2023-10-01,39.1845
가락,2023-11-01,39.69114
가락,2023-12-01,38.9136
가락,2024-01-01,34.99109
가락,2024-02-01,31.65869
가락,2024-03-01,33.09398
가락,2024-04-01,32.43547
가락,2024-05-01,33.10674
가락,2024-06-01,31.34605
가락,2024-07-01,33.52024
가락,2024-08-01,33.98592
가락,2024-09-01,35.98891
가락,2024-10-01,36.37537
가락,2024-11-01,36.86539
가락,2024-12-01,37.81143
명일,2022-01-01,6.19524
명일,2022-02-01,4.94931
명일,2022-03-01,5.90153
명일,2022-04-01,5.86637
명일,2022-05-01,6.83366
명일,2022-06-01,6.11292
명일,2022-07-01,6.12838
명일,2022-08-01,6.15814
명일,2022-09-01,5.92202
명일,2022-10-01,5.93786
명일,2022-11-01,5.83043
명일,2022-12-01,5.86134
명일,2023-01-01,5.95293
명일,2023-02-01,6.00935
명일,2023-03-01,6.27253
명일,2023-04-01,5.81226
명일,2023-05-01,5.99892
명일,2023-06-01,5.71101
명일,2023-07-01,8.80187
명일,2023-08-01,6.05843
명일,2023-09-01,5.74773
명일,2023-10-01,6.59986
명일,2023-11-01,5.71333
명일,2023-12-01,6.24664
명일,2024-01-01,5.9224
명일,2024-02-01,5.36011
명일,2024-03-01,6.13379
명일,2024-04-01,5.89265
명일,2024-05-01,5.9309
명일,2024-06-01,5.66077
명일,2024-07-01,5.76589
명일,2024-08-01,5.3775
명일,2024-09-01,5.03201
명일,2024-10-01,5.4459
명일,2024-11-01,5.20244
명일,2024-12-01,5.08728
금호,2022-01-01,6.15466
금호,2022-02-01,5.58194
금호,2022-03-01,5.5232
금호,2022-04-01,5.84511
금호,2022-05-01,6.51406
금호,2022-06-01,5.9425
금호,2022-07-01,5.92202
금호,2022-08-01,6.16239
금호,2022-09-01,6.25321
금호,2022-10-01,6.72971
금호,2022-11-01,5.90965
금호,2022-12-01,5.80685
금호,2023-01-01,5.74
금호,2023-02-01,6.18635
금호,2023-03-01,6.26673
금호,2023-04-01,6.91404
금호,2023-05-01,6.10172
금호,2023-06-01,10.49184
금호,2023-07-01,6.47658
금호,2023-08-01,8.75395
금호,2023-09-01,5.98849
금호,2023-10-01,5.64879
금호,2023-11-01,5.40765
금호,2023-12-01,9.54502
금호,2024-01-01,8.78178
금호,2024-02-01,8.74313
금호,2024-03-01,13.34155
금호,2024-04-01,8.06915
금호,2024-05-01,9.67023
금호,2024-06-01,6.72275
금호,2024-07-01,11.44638
금호,2024-08-01,11.49932
금호,2024-09-01,5.99815
금호,2024-10-01,6.13341
금호,2024-11-01,6.90631
금호,2024-12-01,6.516
노량진,2022-01-01,61.34764
노량진,2022-02-01,45.18922
노량진,2022-03-01,48.54287
노량진,2022-04-01,64.20315
노량진,2022-05-01,56.48064
노량진,2022-06-01,50.14627
노량진,2022-07-01,48.71098
노량진,2022-08-01,56.58034
노량진,2022-09-01,64.02229
노량진,2022-10-01,76.29916
노량진,2022-11-01,65.93291
노량진,2022-12-01,81.96805
노량진,2023-01-01,70.01928
노량진,2023-02-01,54.87994
노량진,2023-03-01,54.64768
노량진,2023-04-01,59.76936
노량진,2023-05-01,55.50213
노량진,2023-06-01,53.00332
노량진,2023-07-01,49.56156
노량진,2023-08-01,56.21746
노량진,2023-09-01,69.12232
노량진,2023-10-01,73.40655
노량진,2023-11-01,67.14793
노량진,2023-12-01,100.0
노량진,2024-01-01,58.58758
노량진,2024-02-01,51.56996
노량진,2024-03-01,47.75412
노량진,2024-04-01,50.13854
노량진,2024-05-01,46.9217
노량진,2024-06-01,40.2086
노량진,2024-07-01,39.61887
노량진,2024-08-01,45.49877
노량진,2024-09-01,59.76163
노량진,2024-10-01,65.2257
노량진,2024-11-01,66.6324
노량진,2024-12-01,71.04686
신림,2022-01-01,6.12362
신림,2022-02-01,5.53914
신림,2022-03-01,6.06787
신림,2022-04-01,6.15978
신림,2022-05-01,7.4785
신림,2022-06-01,6.8438
신림,2022-07-01,6.7304
신림,2022-08-01,9.11994
신림,2022-09-01,6.49124
신림,2022-10-01,6.37422
신림,2022-11-01,6.4591
신림,2022-12-01,6.24777
신림,2023-01-01,6.4139
신림,2023-02-01,5.98591
신림,2023-03-01,6.09087
신림,2023-04-01,6.01102
신림,2023-05-01,6.92013
신림,2023-06-01,5.88406
신림,2023-07-01,100.0
신림,2023-08-01,30.75773
신림,2023-09-01,5.57128
신림,2023-10-01,7.32261
신림,2023-11-01,5.49625
신림,2023-12-01,5.50097
신림,2024-01-01,5.67936
신림,2024-02-01,5.61668
신림,2024-03-01,5.52026
신림,2024-04-01,5.65575
신림,2024-05-01,5.36457
신림,2024-06-01,5.21672
신림,2024-07-01,5.69663
신림,2024-08-01,8.76377
신림,2024-09-01,4.92021
신림,2024-10-01,5.1442
신림,2024-11-01,5.15304
신림,2024-12-01,5.16167
보라매,2022-01-01,2.65602
보라매,2022-02-01,2.73969
보라매,2022-03-01,3.53037
보라매,2022-04-01,6.53594
보라매,2022-05-01,5.19301
보라매,2022-06-01,4.20967
보라매,2022-07-01,5.79095
보라매,2022-08-01,6.18107
보라매,2022-09-01,4.13775
보라매,2022-10-01,4.78893
보라매,2022-11-01,4.18145
보라매,2022-12-01,2.90401
보라매,2023-01-01,2.90672
보라매,2023-02-01,3.26912
보라매,2023-03-01,4.90072
보라매,2023-04-01,5.88115
보라매,2023-05-01,4.63053
보라매,2023-06-01,3.80448
보라매,2023-07-01,3.43857
보라매,2023-08-01,5.17754
보라매,2023-09-01,3.90734
보라매,2023-10-01,4.34658
보라매,2023-11-01,3.08903
보라매,2023-12-01,2.8341
보라매,2024-01-01,2.83159
보라매,2024-02-01,2.93063
보라매,2024-03-01,3.81051
보라매,2024-04-01,5.24635
보라매,2024-05-01,4.18336
보라매,2024-06-01,3.79896
보라매,2024-07-01,3.54896
보라매,2024-08-01,3.09365
보라매,2024-09-01,3.44681
보라매,2024-10-01,4.04083
보라매,2024-11-01,3.26681
보라매,2024-12-01,2.63663
개포,2022-01-01,1.33338
개포,2022-02-01,1.17076
개포,2022-03-01,1.6545
개포,2022-04-01,1.30134
개포,2022-05-01,1.58268
개포,2022-06-01,1.44216
개포,2022-07-01,1.43232
개포,2022-08-01,1.57987
개포,2022-09-01,1.36683
개포,2022-10-01,1.40178
개포,2022-11-01,1.37195
개포,2022-12-01,1.50072
개포,2023-01-01,2.62066
개포,2023-02-01,1.71647
개포,2023-03-01,1.82264
개포,2023-04-01,1.63089
개포,2023-05-01,1.72913
개포,2023-06-01,1.5867
개포,2023-07-01,1.86643
개포,2023-08-01,1.52502
개포,2023-09-01,1.47199
개포,2023-10-01,1.57916
개포,2023-11-01,1.60709
개포,2023-12-01,1.68985
개포,2024-01-01,1.6779
개포,2024-02-01,4.38284
개포,2024-03-01,1.61261
개포,2024-04-01,1.47219
개포,2024-05-01,1.55044
개포,2024-06-01,1.2936
개포,2024-07-01,1.36562
개포,2024-08-01,1.33669
개포,2024-09-01,1.24921
개포,2024-10-01,1.24107
개포,2024-11-01,1.21134
개포,2024-12-01,1.12576
연희동,2022-01-01,3.28489
연희동,2022-02-01,2.85017
연희동,2022-03-01,3.29704
연희동,2022-04-01,3.56091
연희동,2022-05-01,3.32195
연희동,2022-06-01,3.07959
연희동,2022-07-01,3.08662
연희동,2022-08-01,3.07135
연희동,2022-09-01,2.68766
연희동,2022-10-01,2.98205
연희동,2022-11-01,2.85409
연희동,2022-12-01,2.93816
연희동,2023-01-01,3.17691
연희동,2023-02-01,3.0838
연희동,2023-03-01,3.10861
연희동,2023-04-01,3.11384
연희동,2023-05-01,2.81552
연희동,2023-06-01,2.66114
연희동,2023-07-01,3.60109
연희동,2023-08-01,3.63494
연희동,2023-09-01,2.61152
연희동,2023-10-01,2.70162
연희동,2023-11-01,2.41073
연희동,2023-12-01,2.76751
연희동,2024-01-01,2.78589
연희동,2024-02-01,2.67791
연희동,2024-03-01,2.56662
연희동,2024-04-01,2.56913
연희동,2024-05-01,2.80045
연희동,2024-06-01,2.42901
연희동,2024-07-01,2.56039
연희동,2024-08-01,7.17777
연희동,2024-09-01,2.49099
연희동,2024-10-01,2.5851
연희동,2024-11-01,2.39979
연희동,2024-12-01,2.70855
난곡,2022-01-01,0.22418
난곡,2022-02-01,0.19285
난곡,2022-03-01,0.21424
난곡,2022-04-01,0.22228
난곡,2022-05-01,0.23764
난곡,2022-06-01,0.22077
난곡,2022-07-01,0.23533
난곡,2022-08-01,0.21645
난곡,2022-09-01,0.19214
난곡,2022-10-01,0.20781
난곡,2022-11-01,0.19767
난곡,2022-12-01,0.19516
난곡,2023-01-01,0.17507
난곡,2023-02-01,0.15639
난곡,2023-03-01,0.19998
난곡,2023-04-01,0.19937
난곡,2023-05-01,0.23292
난곡,2023-06-01,0.1817
난곡,2023-07-01,0.18391
난곡,2023-08-01,0.21946
난곡,2023-09-01,0.18993
난곡,2023-10-01,0.17547
난곡,2023-11-01,0.16774
난곡,2023-12-01,0.16271
난곡,2024-01-01,0.17788
난곡,2024-02-01,0.15709
난곡,2024-03-01,0.17205
난곡,2024-04-01,0.17155
난곡,2024-05-01,0.15006
난곡,2024-06-01,0.14252
난곡,2024-07-01,0.16161
난곡,2024-08-01,0.17165
난곡,2024-09-01,0.16171
난곡,2024-10-01,0.15799
난곡,2024-11-01,0.16432
난곡,2024-12-01,0.15849
