코드,주말_총인구,주말_20대인구,평일_총인구,평일_20대인구,주말집중도,20대주말집중도,행정동,구역유형
11110515,15527.109360416667,2114.8722817307694,15927.261281502524,2016.1532765151514,0.9748762882699374,1.0489640377869733,청운효자동,주거형
11110530,18548.258903846152,2872.5160613782054,25805.113694570708,3833.652048358586,0.7187822973145293,0.7492897177791866,사직동,오피스형
11110540,5497.87830977564,1149.4072966346155,6199.2687998737365,1101.7655983585857,0.8868591582748627,1.043241228757738,삼청동,혼합형
11110550,12406.008487179488,1446.302842948718,12551.014619507576,1628.021788320707,0.9884466605510355,0.8883805200424064,부암동,주거형
11110560,18060.00341378205,1872.77955625,16798.983237752527,1800.7185395833333,1.0750652678309494,1.0400179234470153,평창동,주거형
11110570,5942.834341826923,697.244125801282,6064.656328724748,732.9783001262628,0.9799127963243647,0.9512479778476046,무악동,주거형
11110580,8015.793417467949,985.3237216346155,8476.014462563131,1011.1974055555555,0.9457031312148079,0.9744128260428784,교남동,혼합형
11110600,5056.700268429487,820.4957198717948,6650.544595833333,881.2362123737373,0.7603437877249309,0.9310735400462843,가회동,오피스형
11110615,43911.52354326923,9960.53225400641,67815.60233800505,12517.072237058082,0.647513581379199,0.7957557538509067,종로1·2·3·4가동,오피스형
11110630,11654.844437339743,2106.2183831730767,16501.478025315657,2512.821025441919,0.7062909406938896,0.838188777413093,종로5·6가동,오피스형
11110640,21198.74350176282,5408.449639262821,27603.823743434346,6128.158665277778,0.7679640218976911,0.8825570509306756,이화동,오피스형
11110650,28592.64186698718,9838.079765705128,28972.938291919192,9773.875210290404,0.9868740815618938,1.0065689968444784,혜화동,주거형
11110670,6513.502770192308,1089.8233751602565,7199.661413383838,1022.8762737373737,0.904695706673651,1.0654498526769736,창신1동,혼합형
11110680,8032.25293301282,1266.1012560897436,7867.079381565656,1185.9466869318182,1.0209955363910783,1.067586991929034,창신2동,주거형
11110690,5363.514883012821,670.2867371794872,5129.363733080808,634.444059469697,1.0456491608153857,1.0564946226145604,창신3동,주거형
11110700,7457.9012522435905,1127.236016025641,7158.127403851011,1027.3389566287879,1.041878808727448,1.0972386559978853,숭인1동,주거형
11110710,13065.731492307692,2758.1138318910257,12651.269919823231,2562.77525239899,1.0327604718823555,1.076221502181739,숭인2동,주거형
11140520,15000.302458493588,2845.351444551282,33862.18967809343,5471.2208936237375,0.4429808763429666,0.5200578627463767,소공동,오피스형
11140540,16199.939387980769,2320.2578599358976,30994.98010486111,4206.947429924243,0.522663325905476,0.5515300342076488,회현동,오피스형
11140550,22816.201521794872,5215.746524839743,44512.209710921714,8448.37429381313,0.51258298947573,0.6173668854443761,명동,오피스형
11140570,9864.442332371795,2374.530458974359,15002.970977209596,3517.31118364899,0.6574992611367754,0.6750982028581652,필동,오피스형
11140580,10597.78040272436,2784.0784068910257,11613.017255681818,3024.0528169823233,0.9125776849715141,0.9206447689194907,장충동,혼합형
11140590,18986.223892628208,4548.962198717949,26283.34399463384,5282.0649972853535,0.7223671347338659,0.8612090538559876,광희동,오피스형
11140605,9386.017989423077,2135.11956875,18132.98519469697,2589.2909478535353,0.5176212238990874,0.8245962357069091,을지로동,오피스형
11140615,15665.914020032053,2760.7193443910255,21521.78937354798,3309.8109708964644,0.7279094571609704,0.834101816891157,신당동,오피스형
11140625,14034.501623397437,2222.5030706730768,15337.964194823233,2365.19635145202,0.9150172373028663,0.939669583588127,다산동,혼합형
11140635,13459.60570544872,1510.1843911858975,13006.020769065657,1464.631607638889,1.0348749970830353,1.0311018711527355,약수동,주거형
11140645,10256.654324198718,1221.9468225961539,10481.945674431818,1243.3027526515152,0.978506724111093,0.9828232262738766,청구동,주거형
11140650,7357.354522435898,1162.1655147435897,7015.260551388889,1027.78125385101,1.0487642573702098,1.130751811622418,신당5동,주거형
11140665,12703.612592467949,1533.836558974359,12636.878276641415,1552.9033355429292,1.0052809178315731,0.9877218522671894,동화동,주거형
11140670,12482.440586538462,2096.023642307692,11850.058935669193,1898.3402144570707,1.0533652747469275,1.1041348786403702,황학동,주거형
11140680,6841.197852403847,900.2116780448717,8307.204586111111,1099.6717899621212,0.8235258661911019,0.818618506232555,중림동,혼합형
11170510,12845.939238621795,1643.834907051282,12495.339089583333,1571.2055708333332,1.0280584741658383,1.0462252282999658,후암동,주거형
11170520,12482.181155128204,2437.9170583333334,11689.868055618688,1941.3611409722223,1.0677777623955895,1.2557772002752867,용산2가동,주거형
11170530,13329.409545993589,2740.4855717948717,17218.22889179293,3150.5134911616165,0.7741452172439788,0.8698536221104819,남영동,오피스형
11170555,21430.34002628205,5016.374477083334,22244.708422411615,5273.353795896464,0.9633904665925365,0.9512683334440593,청파동,주거형
11170560,17268.40792099359,2815.1210451923075,18664.990824368684,2934.413300883838,0.9251763412842541,0.9593471527492055,원효로1동,혼합형
11170570,14264.03424871795,1831.7794926282052,14698.144978030303,1819.6393285353533,0.9704649307813177,1.0066717419779136,원효로2동,주거형
11170580,9045.799188621795,1362.531351602564,9446.893644633838,1423.9587510732324,0.9575421857067399,0.956861531681047,효창동,주거형
11170590,8425.500285096154,1060.828000801282,8088.210734343434,1012.7397404671717,1.041701380173065,1.0474833349700758,용문동,주거형
11170625,49826.536246153846,10837.545576282051,52923.60029766414,10340.171204671718,0.9414804730953463,1.0481011737393302,한강로동,혼합형
11170630,24341.147701602564,2339.490146153846,23793.960230871213,2149.482038888889,1.0229969061653472,1.0883971597935176,이촌1동,주거형
11170640,8272.193299198718,1148.7040136217947,7479.483077588384,916.4494513257577,1.105984626662987,1.2534286664256846,이촌2동,상권형
11170650,13272.463190384615,3860.5954134615386,10829.81742550505,2311.9280234848484,1.2255481942961426,1.6698596903732024,이태원1동,상권형
11170660,11047.894811057691,1740.9867036858975,10484.018023421717,1518.3360957070706,1.0537844160870624,1.1466411874211166,이태원2동,주거형
11170685,25635.853600641025,4898.258134615385,27579.310375757577,4481.7910744949495,0.9295320749997844,1.0929242468464166,한남동,혼합형
11170690,15084.522801282052,1831.6317062500002,14021.886633522727,1652.5502809974746,1.0757841077689814,1.1083667028542288,서빙고동,주거형
11170700,7344.265361538462,969.865276602564,7318.743125883838,975.99775625,1.003487242989081,0.9937167072278954,보광동,주거형
11200520,14497.812421153845,2267.523860576923,13624.960684469697,2083.628246022727,1.064062697639859,1.088257401436758,왕십리2동,주거형
11200535,28688.99013509615,4702.699033173078,28743.16907935606,4600.116959722222,0.9981150671274164,1.022299883752749,왕십리도선동,주거형
11200540,19140.8955213141,3341.1027810897435,19771.60869804293,3305.0449385732322,0.9681000576957979,1.0109099401631971,마장동,주거형
11200550,19147.017149519233,7180.873969391026,23062.950797916666,8827.391102209596,0.8302067379534466,0.8134763585578044,사근동,혼합형
11200560,25878.105024198718,5056.760416826923,26356.328529229795,5353.0774268939385,0.9818554581871782,0.944645484001723,행당1동,주거형
11200570,18403.81105080128,1938.2523116987177,17770.161024305555,1886.8767761363636,1.0356580914280424,1.0272278170000866,행당2동,주거형
11200580,10756.839633173076,1016.6102532051282,10432.573500694445,934.7511121212121,1.0310820846320465,1.08757319464232,응봉동,주거형
11200590,14464.356668108976,1263.527258974359,13154.251950631313,1145.984959027778,1.099595531725754,1.1025687981509817,금호1가동,주거형
11200615,20866.43840176282,2140.9850685897436,19584.256700631315,1988.2502164141415,1.0654700211874866,1.0768187278013042,금호2·3가동,주거형
11200620,12422.57676474359,1216.1057737179488,11847.549663068181,1119.9988819444445,1.0485355299643027,1.0858098104586067,금호4가동,주거형
11200645,26182.919117147438,2348.2966173076925,25950.807060984847,2330.2296650252524,1.0089443097325306,1.0077532925417652,옥수동,주거형
11200650,16402.80905320513,2784.574405448718,18228.29823604798,3157.1009049242425,0.8998541082001393,0.8820036132217118,성수1가1동,혼합형
11200660,16496.295829326922,3442.2571966346154,21364.895978219698,4302.596211489899,0.7721215140080233,0.8000418880680029,성수1가2동,오피스형
11200670,17654.09978573718,2983.3410940705126,19163.95145189394,3140.690928661616,0.9212139693660337,0.9498996118480983,성수2가1동,혼합형
11200690,26297.901604326922,6396.0606625,37782.75910871212,8701.952120643939,0.6960291472801158,0.7350144627119249,성수2가3동,오피스형
11200720,9047.296397435897,1875.4242977564102,9296.247697790404,1880.7596940656565,0.9732202380522111,0.9971631695819083,송정동,주거형
11200790,18119.14531522436,3610.7170028846153,18558.097110290404,3595.2010100378784,0.976347154966516,1.0043157511369785,용답동,주거형
11215710,38488.898014743594,16554.085796634616,38005.98226527778,15967.120038383839,1.0127063088672492,1.036760903459093,화양동,주거형
11215730,21631.73952580128,6046.1787208333335,22927.839984722224,6752.770365277778,0.9434704507801611,0.8953627020877707,군자동,혼합형
11215740,14902.344531891025,2651.4541573717947,14290.560659532828,2450.5504071969694,1.0428103478186557,1.0819831126855401,중곡1동,주거형
11215750,17893.06272067308,2834.308169711538,17378.414604292928,2644.7426827651516,1.0296142155713686,1.0716763442363286,중곡2동,주거형
11215760,15368.867437820512,2122.977002403846,14761.091009532829,1986.6355267045456,1.0411742213292483,1.0686293353091623,중곡3동,주거형
11215770,24016.031577564103,3215.9882307692305,23136.0525927399,2970.7974821969697,1.038034966479128,1.0825336462823905,중곡4동,주거형
11215780,15007.807598878206,2935.1786766025643,15248.291532575757,3062.45962114899,0.9842287948663762,0.9584383272623618,능동,주거형
11215810,34805.19739166667,3781.801852724359,34285.94549880051,3571.5786820075755,1.0151447447434205,1.0588600138576865,광장동,주거형
11215820,23827.46170048077,4722.040483173077,24368.779115593432,4726.194684974747,0.9777864367950105,0.9991210260942323,자양1동,주거형
11215830,21516.297522435896,2881.727646474359,20913.389367045453,2683.586825189394,1.0288288112849122,1.0738343248018374,자양2동,주거형
11215840,27147.056874358972,4057.7502400641024,26304.136034343435,3824.45098895202,1.0320451825110315,1.0610020240254174,자양3동,주거형
11215847,27167.305526442306,5870.188326602564,25839.967008017677,5342.791031565657,1.0513676553074847,1.0987119451090264,자양4동,주거형
11215850,22039.623899839742,4357.712128205128,21993.11856635101,4129.058595896465,1.00211454020713,1.0553766741251633,구의1동,주거형
11215860,19893.559946634614,2532.787306570513,18809.160261111112,2326.4257280303027,1.0576527431565115,1.0887032738908577,구의2동,주거형
11215870,28287.858438461542,3755.1921136217948,28395.78261597222,3734.618856565656,0.9961992885010335,1.0055087969740124,구의3동,주거형
11230536,39538.17413894231,7276.80501875,41875.38344766414,7537.923675631313,0.9441865574402949,0.9653593392401332,용신동,혼합형
11230545,30356.717431089746,6532.747098717949,31411.99930315657,6827.082875063132,0.9664051351242461,0.9568870362742651,제기동,주거형
11230560,34630.963424358975,6588.010759134616,33335.330491603534,6294.05605864899,1.0388666592965619,1.0467035402523446,전농1동,주거형
11230570,14417.167471474359,1851.7282096153847,15053.43416344697,2280.2709233585856,0.9577327880758528,0.8120650009815478,전농2동,주거형
11230600,23027.573680608974,2948.96404599359,22693.99008074495,2837.588879229798,1.0146992044447511,1.0392499306643823,답십리1동,주거형
11230610,20154.046445352564,2219.9628790064103,19377.871717676768,2136.0217670454545,1.0400546942917244,1.0392978729224578,답십리2동,주거형
11230650,33387.09856522436,4551.785188141026,34633.05140037879,4669.762554482323,0.9640241681060537,0.9747358961050268,장안1동,주거형
11230660,28476.777978846152,3351.0297693910256,27750.13352986111,3144.652576578283,1.0261852595485035,1.065627978858416,장안2동,주거형
11230705,19669.469869871795,3112.2628556089744,19222.00246527778,3053.5337472222222,1.023278917240923,1.0192331617229309,청량리동,주거형
11230710,15599.583960416667,5878.12645625,18206.227098926767,6603.565008901514,0.8568268359860369,0.8901444065934638,회기동,혼합형
11230720,16511.724744391024,5195.716323557693,16366.997657765152,5024.721559532828,1.008842616688297,1.034030694437278,휘경1동,주거형
11230730,17264.709692467946,4236.597033814102,17171.67623213384,4129.265261426767,1.0054178438421761,1.025992946830025,휘경2동,주거형
11230740,20938.76669326923,8203.058271634614,22382.671440151516,9106.595142361111,0.9354900619998329,0.9007821412282272,이문1동,혼합형
11230750,13626.516715064101,1879.2995339743588,13162.970582828284,1797.9563777777778,1.0352159210049845,1.0452420076493285,이문2동,주거형
11260520,19291.488524358974,2359.260339102564,18530.761171780305,2157.3081426136364,1.0410521373367625,1.0936130506809552,면목2동,주거형
11260540,15831.740622916668,1892.4176806089743,15207.751092171717,1741.8409539141414,1.041031019442852,1.0864468861846814,면목4동,주거형
11260550,12374.719886698718,1329.9417897435899,11408.509557070707,1201.8339260732323,1.0846920734732766,1.106593648998515,면목5동,주거형
11260565,27811.47537451923,4061.2699235576924,26143.68494311869,3783.14433604798,1.0637932424227565,1.0735170437087402,면목본동,주거형
11260570,16262.554959455128,1967.958090544872,15201.218761363636,1802.598405492424,1.069819151658356,1.0917340681921195,면목7동,주거형
11260575,20318.232456891023,2941.4454469551283,19973.40642695707,2899.3995514520198,1.0172642574112225,1.0145015872276217,면목3·8동,주거형
11260580,15969.746297435897,2044.1602298076923,15861.038354229799,1917.725951199495,1.0068537721666317,1.065929273434046,상봉1동,주거형
11260590,26061.70738301282,5374.8580923076925,24219.375361616163,4762.774145580808,1.0760685192697603,1.1285141659078697,상봉2동,주거형
11260600,15843.864472916666,1891.1629125,15848.649650568183,1809.5878244949495,0.9996980703241588,1.045079374927723,중화1동,주거형
11260610,24680.44348397436,3253.231453205128,23219.56177878788,2993.9991155303032,1.0629159895050673,1.086583972697303,중화2동,주거형
11260620,25036.924868429487,3210.1943435897438,23883.026364520203,2948.210848106061,1.0483145848561084,1.0888618585919598,묵1동,주거형
11260630,18273.21995176282,2578.2205267628206,17089.372957386364,2340.524258459596,1.0692738696339807,1.1015568488316645,묵2동,주거형
11260655,41789.98210080128,4972.1239251602565,40041.960885290406,4607.800226199494,1.0436547356039454,1.079066730560334,망우본동,주거형
11260660,10668.906196634614,1333.6805955128204,10252.318318118687,1230.8860529040405,1.040633529470081,1.083512639018255,망우3동,주거형
11260680,32985.248736378206,3409.262522916666,32349.316007891415,3366.452622790404,1.019658305243043,1.012716620408214,신내1동,주거형
11260690,15756.257276121796,1623.1478338141026,15532.531621085858,1582.4665936237375,1.0144036825736908,1.0257074875098677,신내2동,주거형
11290525,19838.788169391028,2897.3419761217947,19600.746321654042,2777.307833143939,1.012144529796501,1.0432196033674725,성북동,주거형
11290555,24423.948173557692,5091.785090064102,24896.04632348485,5199.088125820707,0.9810372239915934,0.9793611815841905,삼선동,주거형
11290575,23865.476031089744,6612.451459615385,23637.310756439394,6487.379037878788,1.00965275944465,1.0192793454808666,동선동,주거형
11290580,11553.445436858976,1337.3585764423078,11262.571230113635,1267.4633525252525,1.0258266252707557,1.0551457553212866,돈암1동,주거형
11290590,14141.162160897436,1578.539799198718,13358.475474305555,1491.8229454545453,1.058591018720463,1.0581281136668337,돈암2동,주거형
11290600,20028.123448878203,7782.674147596154,24539.016297474747,9835.975248169192,0.8161746667464926,0.7912458044305035,안암동,혼합형
11290610,14973.366375961537,2762.3300221153845,14925.40505195707,2663.1604050505052,1.0032134018365002,1.03723756814528,보문동,주거형
11290620,13380.953671474359,1446.9750753205128,12459.917248800504,1338.2444535353534,1.0739199470014555,1.0812486997408557,정릉1동,주거형
11290630,20648.5108,2704.9008846153847,19521.00597506313,2565.321915214646,1.057758541049431,1.0544099235939595,정릉2동,주거형
11290640,13727.177800961537,3955.688439903846,15058.524254671716,4907.167553977273,0.9115885174938609,0.8061042131519942,정릉3동,혼합형
11290650,18228.185379326922,2363.6650618589742,17042.122690088385,2456.24496635101,1.0695959482751727,0.9623083585878764,정릉4동,주거형
11290660,35828.0225650641,3361.269337019231,34617.5162145202,3375.3532040404043,1.0349680301452755,0.9958274390353239,길음1동,주거형
11290685,20208.442437980768,2211.4920285256408,18258.64232361111,2008.0137380050505,1.106787792860605,1.1013331167359166,길음2동,상권형
11290705,37617.82823733974,6430.72408301282,36609.0402875,6347.183438510101,1.027555705965452,1.0131618449840059,종암동,주거형
11290715,25571.62247195513,3103.624345192308,26337.340623106058,3551.221650631313,0.9709265197990735,0.8739596258770741,월곡1동,주거형
11290725,21515.80170625,3581.5140357371793,21455.799181502523,3722.561554924242,1.0027965644271692,0.9621100908323508,월곡2동,주거형
11290760,22178.24073365385,2746.691582852564,20845.27840530303,2497.403965909091,1.0639455277321561,1.0998186998765052,장위1동,주거형
11290770,10747.004630929487,1477.7923647435896,10445.337620580807,1467.5834769570708,1.0288805418557554,1.0069562569671922,장위2동,주거형
11290780,7422.431807211539,1004.1110086538462,7358.10676729798,1000.6870125631314,1.008742063950396,1.003421645377354,장위3동,주거형
11290810,27318.991387019232,4062.595437820513,26648.856149431816,3973.2466575757576,1.0251468668609893,1.0224875996747886,석관동,주거형
11305534,22479.28165048077,2686.576018269231,21476.13945290404,2487.120815340909,1.0467096146296015,1.0801952207942833,삼양동,주거형
11305535,21266.81124022436,3887.7714979166667,21129.79928364899,3736.7449512626263,1.0064842999564787,1.0404166055280304,미아동,주거형
11305545,34034.17903349359,4738.930879647436,33044.0740895202,4389.366102083333,1.029963161966381,1.0796390115188133,송중동,주거형
11305555,25904.103843910256,2956.9789213141025,25547.949908901515,2762.062489015151,1.0139406072220554,1.0705691609346795,송천동,주거형
11305575,19047.879480128206,1662.9702844551282,18373.04635385101,1559.802868560606,1.0367295174289783,1.066141316940727,삼각산동,주거형
11305645,19530.426053685896,2524.7713701923076,16907.411321464646,2300.5697244949492,1.155139937294317,1.0974548362130507,우이동,상권형
11305660,27401.504141666665,3471.562757692308,26246.054968434342,3293.4888108585856,1.0440237275515105,1.0540684839270185,인수동,주거형
11320511,18608.912282852565,2360.7538150641026,17976.18415909091,2203.400580239899,1.0351981331611844,1.071413812011918,창1동,주거형
11320512,33708.7337139423,4711.574885576923,31305.821999810607,4372.717494381313,1.0767560651864128,1.0774935475779128,창2동,주거형
11320513,9549.966971314103,1080.590800480769,8859.97378080808,985.6821505681818,1.077877565732829,1.0962872766417435,창3동,주거형
11320514,29566.01460272436,3540.1103057692308,28218.066715593435,3321.981076199495,1.0477689666239978,1.0656623937843999,창4동,주거형
11320515,18290.90722900641,2291.6010681089742,17720.559226830806,2197.6139993055554,1.0321856660884627,1.042767778523944,창5동,주거형
11320521,18350.382197596155,1783.3790125,16726.229059406567,1673.0303307449494,1.0971021700361199,1.0659573707225714,도봉1동,주거형
11320522,18812.62343108974,1857.191462820513,18232.619216224746,1855.0991710227272,1.0318113490983711,1.001127859809582,도봉2동,주거형
11320660,16471.549341185895,2327.565544871795,16130.056814835858,2464.3746835858587,1.0211711917862525,0.9444852523338716,쌍문1동,주거형
11320670,17728.925419711537,2133.3533737179487,17591.25602215909,2050.992879482323,1.0078260129566092,1.040156401838125,쌍문2동,주거형
11320680,16442.985332371794,2338.6926485576923,16039.55346098485,2226.230513510101,1.0251523131468883,1.050516841973508,쌍문3동,주거형
11320681,11345.097965384615,1060.6191110576924,11024.979767045455,986.9272993055556,1.0290357175344682,1.074667923163124,쌍문4동,주거형
11320690,24036.048396314105,2798.0771035256407,23092.95844848485,2673.0850568181813,1.0408388535376736,1.0467594723140758,방학1동,주거형
11320700,11051.864942788461,1171.1620392628206,10284.902721969696,1055.3338239267678,1.0745716553235305,1.1097550487911685,방학2동,주거형
11320710,20941.8306724359,1908.3912336538463,19830.401590025253,1762.2736630050506,1.056046725900382,1.0829142338764992,방학3동,주거형
11350560,19981.097014903848,3906.1601655448717,20178.076458522726,4287.137507386364,0.9902379474067421,0.9111347977094036,월계1동,주거형
11350570,17947.19895929487,1978.3745479166666,17988.088060479797,2026.679097411616,0.9977268789741607,0.9761656645313795,월계2동,주거형
11350580,24044.00427932692,2676.766169551282,21961.93237885101,2428.3425777146463,1.0948036750391288,1.1023017073935388,월계3동,주거형
11350595,40494.16302115385,7378.30720801282,38638.47106982323,6935.488793181818,1.0480270543825922,1.0638481912430355,공릉1동,주거형
11350600,43016.585959134616,7717.8577464743585,44720.764196590906,8960.010759343435,0.961892908851808,0.8613670177154901,공릉2동,주거형
11350611,23916.842817147437,3578.6730833333336,24469.41031294192,3760.0041515782827,0.9774180297470336,0.9517737053112469,하계1동,주거형
11350612,15784.222905448718,1816.3897605769232,14920.635108775252,1700.177433080808,1.0578787558557454,1.0683530584719811,하계2동,주거형
11350619,20911.36188798077,2117.650947596154,19548.609836742424,1967.7756774621212,1.0697109442880688,1.0761648148468477,중계본동,주거형
11350621,25259.948148397438,2436.073345673077,24767.046830303032,2309.306707070707,1.0199014973998164,1.054893807831689,중계1동,주거형
11350624,15138.839559134616,1686.125632852564,14852.815396022726,1574.8783813762627,1.0192572354456435,1.070638630126527,중계4동,주거형
11350625,29722.323859935896,3232.599648557692,28847.273430934347,3019.6350964646467,1.0303339042109674,1.0705265852626966,중계2·3동,주거형
11350630,35785.7926463141,3794.7036592948716,33438.57394368687,3534.1031866792932,1.0701949403279016,1.073738784311061,상계1동,주거형
11350640,29842.323867147436,4869.763724198718,27494.30991723485,4418.093326073232,1.0853999957438731,1.1022319731138244,상계2동,주거형
11350665,21771.735965705127,2168.792103205128,20122.451824936867,2000.1004512626264,1.081962384858309,1.0843415898616542,상계3·4동,주거형
11350670,16370.15638525641,1951.4672823717947,15299.304558396465,1771.6431650252525,1.0699934969444247,1.1015013186044036,상계5동,주거형
11350695,44587.85470064102,5999.429208173077,44634.42807140151,5918.716878977272,0.998956559481708,1.0136367950767315,상계6·7동,주거형
11350700,17038.55130769231,1690.3690857371794,16826.670447727272,1602.7983195075758,1.0125919658689015,1.0546361729755918,상계8동,주거형
11350710,16515.78716330128,1817.0544870192307,16122.840431123737,1668.5123559343435,1.0243720536623928,1.089026689287959,상계9동,주거형
11350720,12854.5937,1823.6651879807691,11619.88238794192,1575.38991489899,1.1062585033854864,1.1575960787445425,상계10동,상권형
11380510,31379.004169230768,4120.18893125,30468.866411553034,3914.699498800505,1.0298710738162753,1.0524917512857521,녹번동,주거형
11380520,26694.673478205128,3225.63211025641,24752.0172207702,2895.1743027146463,1.0784847651045095,1.114140902408505,불광1동,주거형
11380530,22817.37572724359,3141.619182852564,21436.728278156566,2811.188764267677,1.0644056980697874,1.1175411707619587,불광2동,주거형
11380551,18250.20922419872,3074.483626121795,17552.767695012626,2746.813581060606,1.0397339918868898,1.1192909658378303,갈현1동,주거형
11380552,20856.07240224359,2966.4315876602564,20116.463868623738,2669.225964457071,1.0367663292341076,1.1113452465848608,갈현2동,주거형
11380560,26004.390638301284,3202.5457169871797,25355.029900189395,3027.5400186868687,1.0256107265764667,1.0578045863044334,구산동,주거형
11380570,55648.806881891025,7769.750695192307,53879.123827335854,7303.560459848485,1.0328454311956965,1.0638305437336646,대조동,주거형
11380580,22127.95052451923,2946.551594070513,21195.449320138887,2825.1932188131314,1.0439953496760424,1.042955778900094,응암1동,주거형
11380590,16996.08955320513,1432.5192432692309,15686.87922304293,1302.582377020202,1.0834589411665172,1.0997532812828879,응암2동,주거형
11380600,24314.61414903846,3141.85308301282,23596.491235101013,2924.9380690025255,1.0304334617711808,1.0741605493494322,응암3동,주거형
11380625,40894.486745352566,5337.516784294872,38115.462470075756,4931.250422285353,1.0729106796869803,1.082386073960778,역촌동,주거형
11380631,24100.40620592949,3199.7996724358973,22203.615617550506,2928.3586797979797,1.0854271043532069,1.0926939020518633,신사1동,주거형
11380632,13102.00461554487,1539.4072575320513,12658.947087563132,1411.42378510101,1.034999556038671,1.0906768567896012,신사2동,주거형
11380640,14417.146214102566,1880.832547596154,13979.623934027779,1765.0223546717173,1.0312971423365556,1.0656140091471966,증산동,주거형
11380650,16470.794159294874,2126.2800748397435,16167.748070896465,2146.997309406566,1.0187438650744391,0.9903506005917871,수색동,주거형
11380690,57875.466382852566,6406.654963301282,54746.24703244949,5944.21287209596,1.0571586094029113,1.0777970273198278,진관동,주거형
11410520,13400.057698076924,1663.9870230769232,13815.351562689395,1771.5194091540402,0.9699396817570651,0.939299346356884,천연동,주거형
11410555,36397.63706073718,5321.3354491987175,52335.108546464646,7749.185912563132,0.6954726582523907,0.6866960619142799,북아현동,오피스형
11410565,35950.81153846154,5983.0371434294875,45124.9606824495,7289.544217171717,0.7966945786712658,0.82076971689608,충현동,오피스형
11410585,46448.31814022436,20323.581405929486,56902.93354993687,23960.66556445707,0.8162728218477919,0.8482060463327535,신촌동,혼합형
11410615,36534.56152580128,9247.289569711538,36553.932799305556,9044.32393604798,0.999470063218351,1.0224412167342434,연희동,주거형
11410620,25287.751172916665,3205.101807371795,23473.50315719697,2939.3868759469697,1.077289188732081,1.0903980804973898,홍제1동,주거형
11410640,14742.489022115386,1818.0489365384617,14100.874282638888,1701.2136505050505,1.0455017700758071,1.068677609069693,홍제3동,주거형
11410655,9333.741003365385,1036.6703565705127,8840.704502462122,985.5230944444444,1.0557689153354184,1.0518985931576783,홍제2동,주거형
11410660,14731.463273076923,1690.0678407051284,13399.872129608586,1547.127705239899,1.0993734216706463,1.0923906507401502,홍은1동,주거형
11410685,22809.034988301282,3304.4203275641025,21960.652676641414,3182.7864056818185,1.0386319261158505,1.0382161748790766,홍은2동,주거형
11410690,8773.01170448718,842.0444068910257,8257.485229419191,791.0617391414141,1.0624314135290618,1.0644484055125027,남가좌1동,주거형
11410700,20167.687039583332,3912.1479318910256,19915.157438257575,4079.0363126262628,1.0126802714017535,0.9590863213895277,남가좌2동,주거형
11410710,13746.176525801284,1268.0074150641026,13113.237840151516,1182.7833249368687,1.0482671551729024,1.0720538481820268,북가좌1동,주거형
11410720,29908.152090384614,4128.887373397436,28418.053288194445,3929.685839835858,1.0524349358866603,1.050691465343677,북가좌2동,주거형
11440555,25531.610213301283,3040.2257113782052,28121.57221010101,3359.4158821969695,0.9079012376175242,0.9049864077531173,아현동,혼합형
11440565,34386.50604054487,4964.728078044872,35791.40362929293,5100.82657790404,0.9607476252314887,0.9733183440408021,공덕동,주거형
11440585,17301.495784134615,2292.6548905448717,17275.164107133838,2313.615399684343,1.0015242504694877,0.9909403658264329,도화동,주거형
11440590,22821.785428365383,2332.7008094551284,25063.25369753788,2685.97623364899,0.9105675465674798,0.8684741064466066,용강동,혼합형
11440600,19589.342900160256,6003.151905288461,21774.16407152778,6831.789800315657,0.8996599288868027,0.878708520132029,대흥동,혼합형
11440610,15673.217790064104,2209.7111889423077,16612.299130113635,2284.703350441919,0.9434707181291222,0.9671764119901579,염리동,혼합형
11440630,16234.152767147436,2567.79770400641,16019.084583648992,2510.322135669192,1.0134257474186739,1.0228956943495606,신수동,주거형
11440655,25474.729903846157,6328.635981730769,25446.912971338385,6594.806544760101,1.0010931358369128,0.959639367550392,서강동,주거형
11440660,74995.4812525641,27582.90700240385,71043.86930132576,23495.182953535354,1.0556221386883922,1.173981367029679,서교동,주거형
11440680,19724.08281330128,4638.509092948718,19849.165355555557,4379.269231313131,0.9936983475116616,1.059197059587463,합정동,주거형
11440690,21543.610487660255,4185.608536698718,19271.778895075757,3509.9069656565657,1.1178838551933048,1.1925126727442348,망원1동,상권형
11440700,17234.946900801282,2476.8041634615383,15806.975127083335,2216.475720833333,1.0903380793755595,1.1174515200781576,망원2동,주거형
11440710,17624.321503685896,4687.505950320513,16396.104359469697,4047.5098251262625,1.0749090831144188,1.1581209565499413,연남동,주거형
11440720,19685.056193269233,3223.819583974359,19314.51140094697,3116.7332945075755,1.0191847872633266,1.034358502748854,성산1동,주거형
11440730,37828.995363942304,6348.83991923077,34337.79251010101,5258.749868876263,1.1016723149228158,1.2072907207102908,성산2동,상권형
11440740,40117.309155929484,5898.856753044872,49585.82043535353,7931.3098746843425,0.8090480061377946,0.743743069713266,상암동,혼합형
11470510,39287.80755224359,4340.82310400641,39597.419150315654,4393.337469760101,0.9921810157147679,0.9880468172283249,목1동,주거형
11470520,23078.40029503205,3097.5149214743587,21435.725765972224,2864.5150780934346,1.076632559447437,1.0813400652567011,목2동,주거형
11470530,18890.473837339745,2408.8158081730767,17924.774335858587,2180.02631875,1.0538751274290394,1.1049480400558933,목3동,주거형
11470540,18337.04522900641,2294.669528525641,17734.363373989898,2157.5599777146463,1.0339838449402945,1.063548430739907,목4동,주거형
11470550,40300.51372355769,3506.8123506410257,39212.391662752525,3353.567665340909,1.0277494438534531,1.0456960170757545,목5동,주거형
11470560,15446.356296153846,1699.766064423077,14345.816279040406,1497.2978921717172,1.076715050277157,1.13522237178715,신월1동,주거형
11470570,12386.356109775641,1288.4789887820511,11667.546851515152,1176.9153191287878,1.061607574189183,1.0947932853281648,신월2동,주거형
11470580,13102.780430929488,1464.1168336538462,12925.835746717172,1392.3999924873735,1.013689225801686,1.0515059189553415,신월3동,주거형
11470590,11996.636226762821,1111.4554451923077,11394.629236237373,1029.4979953282827,1.0528325211855893,1.079609139829253,신월4동,주거형
11470600,10791.259008974359,1307.7422650641024,10752.27600138889,1184.7351094065657,1.0036255586798957,1.103826715930746,신월5동,주거형
11470610,4294.767281570513,405.3640487179487,4194.316550568182,379.86291167929295,1.0239492488922237,1.0671324739915269,신월6동,주거형
11470611,15203.322586538461,1524.2627075320513,14411.146308459596,1366.2636364267676,1.0549696922869933,1.1156431796124675,신월7동,주거형
11470620,16200.866450160256,1697.748383974359,15279.41325820707,1556.6433591540404,1.0603068440117125,1.0906469834535526,신정1동,주거형
11470630,14665.010597115386,1495.8605815705127,13939.037948863637,1374.405146338384,1.0520819765980287,1.0883694560921164,신정2동,주거형
11470640,40528.94199567308,4242.647865224359,39400.038643308086,3941.4741214015153,1.0286523412473032,1.0764114477341162,신정3동,주거형
11470650,34216.03799727564,4852.344930929487,33757.55455012626,4653.121749873738,1.013581654632849,1.0428149512875213,신정4동,주거형
11470670,19298.63031426282,1724.3291831730771,18973.286269065655,1631.3542893939393,1.017147479913778,1.0569924598130542,신정6동,주거형
11470680,21644.923879326925,1962.5011434294872,21161.89187651515,1826.3494142676768,1.022825558585706,1.0745485656239575,신정7동,주거형
11500510,30090.528421794872,3438.186946474359,29828.399955303033,3291.1504403409094,1.0087878822492868,1.0446763248289006,염창동,주거형
11500520,21534.589269871794,3530.7056165064105,21841.29548156566,3529.3379246843433,0.9859575082461235,1.000387520790373,등촌1동,주거형
11500530,15159.143452083334,1856.815982692308,14486.214761931818,1681.18761395202,1.0464530383685804,1.104466846699776,등촌2동,주거형
11500535,37842.25013782051,5080.683762980769,39233.92016616162,5225.560915088384,0.9645289070669673,0.9722752916937024,등촌3동,주거형
11500540,47713.44701314103,8073.936881089744,44860.56352853535,7354.4428219696965,1.0635944638277,1.0978312125795207,화곡1동,주거형
11500550,12063.341219871794,1512.9447185897436,11086.977593118687,1364.7698845959596,1.088064002885611,1.1085712951803968,화곡2동,주거형
11500560,19446.43159423077,2581.4021448717945,18440.019095896467,2402.4788445075756,1.0545776277725365,1.074474454071995,화곡3동,주거형
11500570,18211.889136378206,2216.709339102564,17060.143037815655,1996.2691106060604,1.067510928601805,1.1104261080459132,화곡4동,주거형
11500590,27404.88293477564,4123.890769711538,25245.969834406565,3730.7492333964647,1.0855151580442275,1.1053787085971358,화곡본동,주거형
11500591,21906.823964743588,3793.341110416666,20832.30396287879,3439.3605102272727,1.0515795086217776,1.102920469993418,화곡6동,주거형
11500593,34421.695841346154,4770.7481618589745,34295.452934974746,4834.812818055556,1.0036810391923026,0.9867492995887385,화곡8동,주거형
11500603,37926.111871314104,6879.237714102564,48507.4899542298,8835.653320391415,0.7818609436831309,0.7785771424764113,가양1동,오피스형
11500604,15919.918714423076,1696.497240224359,16026.624750378789,1674.7625087752524,0.9933419520567991,1.0129777991418025,가양2동,주거형
11500605,11282.638499839743,1203.802479647436,12469.397008080809,1448.8876922348484,0.9048263113707916,0.8308459559005718,가양3동,혼합형
11500611,30724.41593974359,3647.057487019231,33715.67850277778,3899.0995261363632,0.9112797755860751,0.9353589110953313,발산1동,혼합형
11500615,33682.219467948715,4403.101706089744,33532.317254040405,4431.377421590909,1.004470380402662,0.9936192039605117,우장산동,주거형
11500620,34798.49949647436,4523.161765384615,37117.29276729798,4776.213428093434,0.9375279526618229,0.9470183511439454,공항동,혼합형
11500630,34034.016832371795,3473.9701264423074,33964.9143133207,3435.383314646465,1.0020345265238602,1.0112321706958671,방화1동,주거형
11500640,28411.458643910253,3872.235181730769,26701.004947032827,3641.6644005050507,1.0640595251104024,1.06331467040009,방화2동,주거형
11500641,14257.158900160255,1363.5052443910256,13703.749340593435,1290.2700034722222,1.0403838063446988,1.056759624514033,방화3동,주거형
11530510,34241.20933509616,4422.5153330128205,32926.53391748737,4056.6497954545453,1.0399275374961516,1.0901890860700438,신도림동,주거형
11530520,15656.422446955126,1649.0176088141025,15712.18535378788,1567.1082719065657,0.9964509770234279,1.0522678224446385,구로1동,주거형
11530530,32663.907940544876,3662.9564229166667,34978.610175946975,4039.290577146465,0.9338252084985983,0.9068316212854245,구로2동,혼합형
11530540,27939.503609455132,5100.099312179487,43645.41386856061,8478.907096275254,0.6401475237145358,0.6015043276532583,구로3동,오피스형
11530550,18041.50075721154,1881.6614501602564,17512.987169444445,1897.569162310606,1.0301783803444573,0.9916167945462502,구로4동,주거형
11530560,33201.408045833334,5544.155645192308,33069.77327323232,5197.705402840909,1.0039805163317392,1.0666544591315312,구로5동,주거형
11530595,10117.290139743589,1992.9081386217947,10755.312982828284,2050.7394906565655,0.940678356445475,0.9717997569665684,가리봉동,혼합형
11530720,24626.579338141026,3240.6034812499997,23961.722777525254,3327.4005878156568,1.027746609323073,0.9739144403341478,고척1동,주거형
11530730,16053.96293926282,1604.3687907051283,15271.861710227273,1480.4584844065657,1.0512119114142966,1.0836972516309578,고척2동,주거형
11530740,30674.720106570516,3388.6599572115383,28755.90077266414,3129.5407373106063,1.0667278465409937,1.082797842127982,개봉1동,주거형
11530750,24947.29159951923,2731.074659455128,22842.679917234847,2480.8851091540405,1.0921350598927078,1.1008468910462361,개봉2동,주거형
11530760,17609.620275480767,1771.6206157051283,16606.43005157828,1623.0766103535354,1.060409746151741,1.091520020930643,개봉3동,주거형
11530770,18100.407431410255,2917.0965224358974,16774.437915972223,2653.303647222222,1.0790470310886229,1.0994205376719108,오류1동,주거형
11530780,51687.80593285256,5006.888448878205,49749.400072348486,4713.450389267677,1.038963401723139,1.0622554679431175,오류2동,주거형
11530790,21243.714722435896,2344.7834472756413,20724.99887392677,2245.324649873737,1.0250285103350092,1.0442959539982324,수궁동,주거형
11545510,40332.0265025641,9119.436037660256,70395.44247708333,15757.42392739899,0.5729351941454713,0.5787390172199017,가산동,오피스형
11545610,39583.916873237176,6793.015198717949,40540.05773585859,6587.7517257575755,0.9764149111762196,1.0311583498445773,독산1동,주거형
11545620,13941.771550000001,1813.6241036858974,12657.474060732324,1589.6645430555557,1.1014655438443277,1.1408847933412796,독산2동,상권형
11545630,17534.38955240385,2577.7115506410255,16849.587819949495,2350.855102651515,1.0406420465457065,1.0964995450947361,독산3동,주거형
11545640,11841.307145192308,1551.5262094551283,10843.179496969697,1364.623035290404,1.0920511966533022,1.1369632267162701,독산4동,주거형
11545670,26712.427522916667,3386.806251602564,26872.33219330808,3300.9976392676767,0.9940494680833384,1.0259947511970726,시흥1동,주거형
11545680,15060.496096955128,1323.7167772435896,14395.593568560605,1194.0187744318182,1.0461879202985171,1.1086230849874945,시흥2동,주거형
11545690,8955.536812179487,937.8109903846154,9548.832959406565,922.0855065656566,0.9378671561488966,1.0170542576658959,시흥3동,혼합형
11545700,10811.69536826923,1129.4599248397435,9829.880813194444,990.9914327651516,1.0998806164319832,1.139727234258953,시흥4동,주거형
11545710,11441.879077403846,1271.761545352564,10742.228048484847,1161.2811617424243,1.0651309044791395,1.0951366363718253,시흥5동,주거형
11560515,19009.594915384616,3399.3591463141024,18196.02626963384,3018.0894643939396,1.0447113360738816,1.12632815773628,영등포본동,주거형
11560535,49002.69390785257,11243.95192676282,48993.22371893939,10121.057656818182,1.0001932958926627,1.1109463366398458,영등포동,주거형
11560540,70066.33785705127,10669.037765224359,113056.22850252526,17586.122679861113,0.6197477024053234,0.6066736801195007,여의동,오피스형
11560550,22500.64076650641,3932.41391875,24787.6606292298,4201.902162436869,0.9077355504848845,0.9358651788478148,당산1동,혼합형
11560560,37826.86412772436,7011.191099999999,40043.908561363634,7074.432357765151,0.9446346644648372,0.9910605890950761,당산2동,혼합형
11560585,16368.39710144231,2219.7324709935897,14952.806884532827,2031.415645770202,1.0946705342910412,1.0927022619007092,도림동,주거형
11560605,35920.227671474364,4835.434157211539,40260.614300631314,5349.1696776515155,0.8921927371314627,0.9039597635897904,문래동,혼합형
11560610,18116.343482371794,2705.3321810897437,20306.957324747473,3047.1772049873734,0.8921249595720554,0.8878158371170126,양평1동,혼합형
11560620,24257.313782852565,3893.3648173076926,27710.436058207073,4283.018087878788,0.8753854949052025,0.9090236691566075,양평2동,혼합형
11560630,17997.463081410257,3216.7109217948714,17455.289226199497,2995.66734760101,1.031060720231263,1.0737877569653644,신길1동,주거형
11560650,13309.977429647435,1574.3173745192307,12781.110850315656,1463.4395732954545,1.041378764766657,1.0757652063310652,신길3동,주거형
11560660,7289.488773717948,822.3097237179487,6765.82537790404,755.7112820707071,1.0773983019904856,1.0881268325977043,신길4동,주거형
11560670,10094.65979551282,1055.0279711538462,9642.325982386365,971.9499279671717,1.0469112757598875,1.0854756410759059,신길5동,주거형
11560680,19933.50119967949,2562.7031161858977,19372.65968125,2388.5480366161614,1.028950155923727,1.0729125296623552,신길6동,주거형
11560690,16870.051061217946,2277.383998397436,16401.630123295454,2102.872191666667,1.0285594135705565,1.0829873576826639,신길7동,주거형
11560700,15932.91062323718,1987.8543424679485,14873.00227885101,1818.1265361742426,1.07126391326473,1.0933531318732372,대림1동,주거형
11560710,18104.895245352564,1977.4383939102565,16831.94867411616,1925.970230239899,1.075626809223457,1.0267232394676977,대림2동,주거형
11560720,23227.57221698718,2882.039627724359,22507.704935795453,2771.9672771464648,1.0319831490258644,1.0397091089369588,대림3동,주거형
11590510,35718.2646713141,9876.65306875,34842.703115214645,9978.671407512627,1.0251289790348421,0.9897763605397587,노량진1동,주거형
11590520,15489.413071955127,3483.005930128205,16072.08222070707,3569.9836333964645,0.9637465052287226,0.975636385989392,노량진2동,주거형
11590530,41850.262148237176,10101.237482532051,41547.93663996212,10672.588912121213,1.0072765468690994,0.946465526378491,상도1동,주거형
11590540,19925.59354679487,2966.2029841346157,19698.092341224747,2859.5922051136363,1.011549402938578,1.0372818120116336,상도2동,주거형
11590550,17309.042130128208,2764.5716834935897,15852.80764419192,2495.1501727272725,1.091859720916365,1.1079780743103858,상도3동,주거형
11590560,21462.602596794874,2947.4972698717947,19754.884561237373,2652.6359198232326,1.0864453563504162,1.1111578667260946,상도4동,주거형
11590605,29817.48588621795,6352.796353365385,32030.351536868686,7922.736463194445,0.9309134759853133,0.8018437042400296,흑석동,혼합형
11590620,22724.356136858973,4864.430833012821,22392.895158017676,4592.03781875,1.014802060050847,1.0593185476719285,사당1동,주거형
11590630,33016.91382099359,4406.518100961538,31725.186643434346,4121.590234280303,1.0407161411555186,1.0691305662342216,사당2동,주거형
11590640,18887.769140865385,2180.7578839743587,17589.9664395202,2066.9625172348483,1.0737808514761773,1.0550543929997067,사당3동,주거형
11590650,14592.672572916666,2355.9481998397437,13367.893690214647,2119.948090719697,1.091620932293811,1.1113235320021102,사당4동,주거형
11590651,12104.922527403847,1599.7287915064103,11462.024446843434,1513.3807581439394,1.0560894005715948,1.0570563837935743,사당5동,주거형
11590660,41494.56099326923,7217.039996634615,41462.132025820705,6895.464130176768,1.0007821345855619,1.046635855163183,대방동,주거형
11590670,19756.920575160257,2914.9740900641027,18833.529731628787,2712.6843105429293,1.0490290910248619,1.0745718101936772,신대방1동,주거형
11590680,22889.547329647437,3741.147855929487,24188.96502935606,3786.5823516414143,0.9462805581747036,0.9880011864281171,신대방2동,혼합형
11620525,15637.173541346154,2907.963533173077,15809.285518371213,2863.640110164141,0.9891132349513799,1.0154780004832364,보라매동,주거형
11620545,11437.416079647435,1250.6481134615385,10833.68819513889,1216.1933656565657,1.0557269023839397,1.0283299915769335,청림동,주거형
11620565,20827.503990544872,2538.085513301282,19354.833241287877,2279.8489207070706,1.0760880102090202,1.113269168956214,성현동,주거형
11620575,24140.012468589743,5815.144376442308,23003.55333087121,5335.324400883838,1.0494036343591049,1.089932671287801,행운동,주거형
11620585,23906.46971554487,7780.603559935897,22895.203454356062,7383.9294417929295,1.0441693502835592,1.0537212768986925,낙성대동,주거형
11620595,39493.370179487174,12336.956244391025,37807.13650738636,11339.814923484848,1.0446009359045578,1.0879327685358506,청룡동,주거형
11620605,28071.29600849359,4635.529366025641,26709.032096275252,4236.822975378788,1.051003866681051,1.094105038837788,은천동,주거형
11620615,15105.460319871796,3920.7633671474355,14112.409468181817,3583.479136426768,1.0703672079476532,1.0941220020767268,중앙동,주거형
11620625,23538.719787179485,5399.6131025641025,22300.590338005048,4901.40911445707,1.055520030205855,1.10164505277422,인헌동,주거형
11620630,23942.93824246795,5067.740272435898,23256.64401635101,4812.810808459596,1.0295095984456928,1.052968935227665,남현동,주거형
11620645,22634.186534615386,6466.029285416666,20552.217767992424,5726.732486489899,1.10130141623282,1.1290957453785144,서원동,상권형
11620655,16394.008650641026,4229.296506089743,14987.36757058081,3742.6279633207073,1.0938551132102317,1.1300339086702145,신원동,주거형
11620665,18186.416037339743,4576.392622916666,16780.105886237372,4262.95882405303,1.083808180987451,1.0735249416661354,서림동,주거형
11620685,20610.68619951923,5131.908407371795,19137.699090530303,4552.383212626262,1.0769678268020104,1.12730149631037,신사동,주거형
11620695,29388.688155769232,9930.323024679486,27041.354058396468,8798.206488573232,1.086805346074891,1.1286758315546017,신림동,주거형
11620715,10380.033088461538,884.6950245192309,9596.32507784091,839.1807674242425,1.0816675137892429,1.0542365350372465,난향동,주거형
11620725,27092.699327083334,5604.413696314102,29627.456965656565,5838.6152552399,0.9144456562197876,0.9598874821019227,조원동,혼합형
11620735,28185.17605160256,8253.785858814103,33675.416719128785,11618.687703472222,0.8369659175024379,0.7103888209636167,대학동,혼합형
11620745,19328.773263141025,2772.4332205128208,18501.28191824495,2648.5001618055553,1.0447261626817355,1.0467936760943133,삼성동,주거형
11620765,19987.731242948717,2976.491653846154,19102.67480441919,2695.9969888888886,1.0463315450632482,1.1040411640344103,미성동,주거형
11620775,17259.711394871792,2272.8057878205127,16185.080655429294,2040.4413130050505,1.0663963783882666,1.113879518775891,난곡동,주거형
11650510,27035.469552403847,3751.773009935898,33745.10083661616,5099.638580808081,0.8011672474562048,0.7356939027121011,서초1동,혼합형
11650520,34448.308318108975,5406.276202403847,50156.77139021465,8295.79796912879,0.6868127146802292,0.6516885081486145,서초2동,오피스형
11650530,51727.740272275645,8221.52199326923,68514.78728863636,10782.445580429294,0.7549865119533844,0.7624913969602337,서초3동,오피스형
11650531,35924.46050961538,6723.311844871794,42514.293034532835,8310.694316856061,0.8449972455248222,0.8089952040752265,서초4동,혼합형
11650540,27966.419971634616,3870.044932852564,31331.653826578284,4391.450233585859,0.8925931623791599,0.8812680838904694,잠원동,혼합형
11650550,4326.757882852564,704.0843142628205,5212.590170833333,733.6600307449496,0.830059095584115,0.9596874366290633,반포본동,혼합형
11650560,30337.788448557694,4492.770217147436,32873.78199356061,4937.967093371212,0.922856653806986,0.9098420731030358,반포1동,혼합형
11650570,23923.362064102563,2464.852699679487,23371.17361742424,2140.405353156566,1.0236269027699423,1.1515821972900797,반포2동,주거형
11650580,27489.168174038463,3005.6514926282052,26205.467902840912,2746.290886868687,1.0489859702546425,1.09444032567695,반포3동,주거형
11650581,43666.708574839744,5677.2621266025635,46570.952375189394,5757.441465025253,0.9376382991493882,0.9860737900837108,반포4동,혼합형
11650590,17238.004408173078,1774.9813983974357,17598.970758080806,1810.4979339015151,0.9794893488449041,0.9803830013616511,방배본동,주거형
11650600,17475.823151923076,2339.724498878205,19465.072099305555,2875.2276115530303,0.8978041829368077,0.8137527928143478,방배1동,혼합형
11650610,17522.11330448718,2755.53535,18694.753302272726,2784.523509469697,0.9372743796708465,0.9895895440023714,방배2동,혼합형
11650620,20246.306121153848,2581.3103745192307,21040.387004861113,2747.162874936869,0.962259207327137,0.9396277148578424,방배3동,주거형
11650621,24296.774361698717,3104.395037660256,26328.017760795457,3482.849290467172,0.9228486011536567,0.8913377464127504,방배4동,혼합형
11650651,45386.412104006406,4856.740289262821,56465.14898743686,6759.239467234848,0.8037951359006348,0.7185335440186253,양재1동,혼합형
11650652,32482.716873878206,4207.674241025641,38854.27711357323,5306.750025063131,0.8360139291468325,0.7928909824569295,양재2동,혼합형
11650660,23462.94635544872,2398.7717249999996,25907.867878724745,2927.427564141414,0.9056301531750605,0.8194128368479497,내곡동,혼합형
11680510,31122.92846474359,5640.650993108974,35991.83392424242,6496.629059217172,0.8647219402671403,0.8682427366091083,신사동,혼합형
11680521,33898.85585657051,7508.627602564103,43882.84288977273,9928.075181313132,0.772485409427996,0.7563024519291541,논현1동,오피스형
11680531,36263.43233605769,5660.571216346153,51090.288229987375,9280.781401010101,0.7097911088857963,0.6099239893453442,논현2동,오피스형
11680545,37636.48549326923,6387.850203205128,42328.95230536616,6745.582210732323,0.8891428547948717,0.9469679567527859,압구정동,혼합형
11680565,34576.50993830128,5248.476604807692,41377.097868749996,6492.471886868688,0.8356436705150156,0.8083941981208989,청담동,혼합형
11680580,33213.93014054487,5711.918508012821,43546.489096401514,7451.273958396464,0.7627234899928941,0.7665693866451319,삼성1동,오피스형
11680590,32162.128554647436,4158.087500320513,42737.699373232324,6267.635676010102,0.7525470258418114,0.6634220167320732,삼성2동,오피스형
11680600,28445.69303301282,2242.3972033653845,28257.801062247476,2273.9991054924244,1.0066492070756479,0.9861029399480803,대치1동,주거형
11680610,45128.99767692308,4575.967652724359,53889.26905025252,6604.2248611742425,0.8374394099656396,0.6928848954895737,대치2동,혼합형
11680630,41167.80160576923,5194.883562339744,43787.24666319444,6012.563229482324,0.9401778997986874,0.8640048119355942,대치4동,혼합형
11680640,73896.65987211539,17780.721970512823,113382.82752777777,26499.930559280307,0.6517447261051182,0.6709723986158143,역삼1동,오피스형
11680650,45275.15252355769,6033.4669817307695,57810.73368301767,8838.697261616162,0.7831617009361291,0.6826194860109448,역삼2동,오피스형
11680655,35722.87568717949,3754.06303525641,39869.86336824495,4474.774389267677,0.8959869101440563,0.8389390634442208,도곡1동,혼합형
11680656,26769.984301282053,2480.8162259615383,29135.816481313133,2848.2730654040406,0.918799866770562,0.8709896028208317,도곡2동,혼합형
11680660,24701.25739198718,1994.024215224359,23507.943327714645,1849.3072212121212,1.0507621635647588,1.0782547066016341,개포1동,주거형
11680670,34030.19629455128,3248.932570673077,32610.611469381314,2990.457040909091,1.0435313770949324,1.08643345355846,개포2동,주거형
11680690,15434.338651602566,1740.5963083333331,16125.494739520202,1890.1182759469698,0.9571389219938935,0.9208927983415617,개포4동,주거형
11680700,46756.1281,4478.344793429487,46210.15812954545,4348.263990214647,1.0118149340438087,1.0299155717103596,세곡동,주거형
11680720,22089.41665929487,1918.0971868589743,23878.236929797982,2235.2009013257575,0.9250857475046318,0.858131895759929,일원본동,혼합형
11680730,13917.464249038463,1732.2287421474357,14544.88763125,1868.5442239267677,0.9568629611917039,0.9270472274437993,일원1동,주거형
11680740,18074.103074358973,1746.749513782051,19141.282844507576,1794.5263450126263,0.9442472179729154,0.9733763556253396,일원2동,혼합형
11680750,20682.121797596155,2079.8423661858974,23918.047601136364,2380.5545613636364,0.8647077780969686,0.8736797719076499,수서동,혼합형
11710510,14930.662795032053,1849.823410897436,13965.6118739899,1733.347429419192,1.0691019433841995,1.0671971351509562,풍납1동,주거형
11710520,26435.56198605769,3159.161932532051,32149.66606306818,3782.102191540404,0.8222655232001136,0.8352925892902336,풍납2동,혼합형
11710531,11603.379806570514,1366.3588091346155,11209.219776262626,1290.472155429293,1.0351639131157537,1.0588053398797108,거여1동,주거형
11710532,18700.401744391027,1893.6068834935897,17939.548201325757,1800.5083263888891,1.0424120794195386,1.051706818424672,거여2동,주거형
11710540,12422.549050320513,1181.5290328525641,11327.836032260102,1092.1237260732323,1.0966392005448191,1.0818637162117075,마천1동,주거형
11710550,14406.710608173078,1493.7751713141026,13384.374097474747,1375.4870007575757,1.076382840411732,1.0859973016766988,마천2동,주거형
11710561,17647.295173557693,2042.1135850961537,17677.849889709596,1929.9737347222222,0.9982715818754808,1.0581043401557335,방이1동,주거형
11710562,35445.98139278846,7378.399253685898,35633.71855416667,6701.685500189394,0.9947314743171463,1.1009766503482414,방이2동,주거형
11710566,21467.19286378205,3303.39020625,18441.62210044192,2251.248411616162,1.164062073653902,1.4673592612902768,오륜동,상권형
11710570,37138.52519583333,3989.390692467949,36776.552317045454,3787.1740643308076,1.0098424908258763,1.0533951238316988,오금동,주거형
11710580,28189.50928221154,5213.615319391026,27306.39421767677,4677.862223989899,1.032340962248435,1.1145294730258573,송파1동,주거형
11710590,17839.422724198717,1996.4055580128206,17731.251680681817,1851.4781688131313,1.0061005870011281,1.0782765855092924,송파2동,주거형
11710600,27019.558412660255,4065.3410657051286,26261.43292954545,3876.704782070707,1.0288683974385067,1.0486589240704738,석촌동,주거형
11710610,28254.135437179488,4249.14117900641,27413.247996969698,3963.2220919823235,1.0306744914102386,1.0721430897356237,삼전동,주거형
11710620,36971.97862548077,4692.928826121794,39523.991157638884,5044.415870075757,0.9354313049514767,0.9303215569439789,가락본동,혼합형
11710631,29864.706322115388,2584.3677408653843,30100.173184848485,2560.5094725378785,0.9921772256495978,1.009317781708442,가락1동,주거형
11710632,25601.251312339744,2883.804874198718,25476.19945909091,2870.367698800505,1.004908575686481,1.0046813428829444,가락2동,주거형
11710641,19626.91828125,2773.0309330128207,20800.562173800507,3076.3637934343437,0.9435763378535615,0.9013988979232872,문정1동,혼합형
11710642,34372.51985624999,4751.894579967949,43242.999101073234,6781.483751830809,0.7948690093374424,0.7007160606534037,문정2동,오피스형
11710646,30574.413081891023,3542.728702724359,30228.55498686869,3416.6789335227277,1.011441436587775,1.0368924829210304,장지동,주거형
11710647,46750.002438942305,3803.6150945512823,45004.17938541667,3621.9100684343434,1.0387924649969589,1.0501682876393132,위례동,주거형
11710650,38326.635161858976,6399.4334525641025,36210.45268699495,5736.009524621211,1.0584412046200147,1.115659488551268,잠실본동,주거형
11710670,33816.11522548077,4244.912388461538,31696.75861306818,3340.212151641414,1.0668635123952013,1.27085113033181,잠실2동,주거형
11710680,49353.40495608975,6108.189109935897,45407.64490599748,5654.920405744949,1.0868963818374802,1.0801547451897755,잠실3동,주거형
11710690,21524.489689583334,2313.3273841346154,20683.304140972225,2127.4858381313134,1.0406697857788,1.087352659497154,잠실4동,주거형
11710710,37139.60682772436,6849.449503685897,42181.420914078284,6791.86636540404,0.880473109319293,1.0084782495979558,잠실6동,혼합형
11710720,10080.117677083334,1406.1713618589745,9968.575492613636,1239.276374810606,1.0111893805240624,1.134671321458762,잠실7동,주거형
11740515,51253.101420833336,4707.101088141026,50841.75492045454,4632.732525568182,1.0080907219080533,1.0160528504856263,강일동,주거형
11740520,40148.25441538461,3408.9899115384615,40286.24084482323,3353.8398671085856,0.9965748497118377,1.0164438514106584,상일동,주거형
11740530,27635.701080929488,2829.9170887820515,25681.986217108588,2490.927938131313,1.0760733553590724,1.1360895052247264,명일1동,주거형
11740540,15069.83775945513,1484.066126923077,15507.53135776515,1421.8212873737373,0.971775417491524,1.0437782442154266,명일2동,주거형
11740550,24899.396607532053,1826.6438987179486,24690.773831439394,1758.0723985479797,1.0084494223436211,1.0390037976971842,고덕1동,주거형
11740560,20816.82246826923,1795.8254876602564,21357.01595625,1875.164491540404,0.9747065091355759,0.9576895764408526,고덕2동,주거형
11740570,29413.42271346154,3289.4033682692307,27589.832800378786,3064.852727335858,1.0660964466974847,1.0732663722894655,암사1동,주거형
11740580,14570.218977083332,1702.443748717949,14012.814544002526,1608.204038510101,1.0397781924059915,1.058599349305922,암사2동,주거형
11740590,14152.08415224359,1308.6247963141025,14100.144876641414,1240.8203740530303,1.0036835987187775,1.054644833111174,암사3동,주거형
11740600,32875.23249342949,3715.9510924679485,32216.855815277777,3537.859318876263,1.0204357831169701,1.050338851135622,천호1동,주거형
11740610,44987.379098878206,5862.379645352565,43286.536329924245,5560.143204040404,1.0392926510911005,1.0543576721355905,천호2동,주거형
11740620,27752.587599038463,4614.987868108974,26308.111715530304,4162.95323895202,1.0549061026928608,1.1085850844845784,천호3동,주거형
11740640,21965.1109161859,2429.0263328525643,23572.655845265155,2609.954084911616,0.9318046748897769,0.9306778026843416,성내1동,혼합형
11740650,24889.952133814102,3800.8147394230773,23600.2815530303,3493.941406881313,1.05464640656451,1.0878301313059737,성내2동,주거형
11740660,27844.167526442307,3754.3873479166664,27507.585274494948,3642.5188984217175,1.0122359795884897,1.0307118377734212,성내3동,주거형
11740685,58101.062665705125,7457.023858974359,56538.75790151515,7019.3341929924245,1.0276324564277013,1.0623548692722014,길동,주거형
11740700,25186.086773557694,2874.8042850961538,25935.543329292927,2912.528422979798,0.9711031094965048,0.9870476327077183,둔촌2동,주거형
