행정동,20대매출_2020억,20대매출_2021억,20대매출_2022억,20대매출_2023억,20대매출_2024억,20대비중_2020%,20대비중_2021%,20대비중_2022%,20대비중_2023%,20대비중_2024%,20대성장률_2019v2020%,20대성장률_2020v2021%,20대성장률_2021v2022%,20대성장률_2022v2023%,20대성장률_2023v2024%,z_매출규모_2020,z_매출규모_2021,z_매출규모_2022,z_매출규모_2023,z_매출규모_2024,z_매출비중_2020,z_매출비중_2021,z_매출비중_2022,z_매출비중_2023,z_매출비중_2024,z_성장률_2020v2021,z_성장률_2021v2022,z_성장률_2022v2023,z_성장률_2023v2024
가락1동,641.4,499.6,531.1,340.4,301.2,4.84,3.2,2.93,1.87,1.74,,-22.1,6.3,-35.9,-11.5,0.806,0.478,0.526,0.191,0.174,-1.054,-1.255,-1.172,-1.201,-1.143,-1.441,0.748,-2.482,0.005
가락2동,141.8,163.3,144.1,119.8,93.5,8.27,7.11,6.12,5.23,4.18,,15.2,-11.8,-16.9,-21.9,-0.24,-0.214,-0.249,-0.278,-0.303,-0.571,-0.641,-0.671,-0.647,-0.713,0.12,-0.615,-0.689,-1.004
가락본동,284.2,300.1,294.1,239.2,203.3,10.99,10.73,10.0,7.92,6.89,,5.6,-2.0,-18.7,-15.0,0.058,0.068,0.052,-0.024,-0.051,-0.187,-0.073,-0.062,-0.204,-0.235,-0.282,0.123,-0.859,-0.335
가리봉동,68.9,77.7,81.1,55.7,38.9,10.91,10.38,10.07,7.24,5.69,,12.8,4.3,-31.3,-30.1,-0.393,-0.39,-0.375,-0.415,-0.428,-0.198,-0.128,-0.051,-0.316,-0.447,0.019,0.597,-2.05,-1.799
가산동,4056.0,3843.8,3384.7,2810.7,2473.0,14.75,13.36,11.59,9.19,7.96,,-5.2,-11.9,-17.0,-12.0,7.956,7.352,6.238,5.447,5.16,0.344,0.34,0.187,0.005,-0.046,-0.734,-0.622,-0.699,-0.044
가양1동,750.9,591.2,537.0,536.3,524.2,21.8,15.59,13.64,12.42,11.6,,-21.3,-9.2,-0.1,-2.3,1.035,0.666,0.538,0.608,0.686,1.338,0.69,0.509,0.537,0.596,-1.407,-0.419,0.897,0.897
가양2동,120.5,96.5,82.3,65.9,57.9,11.95,11.08,8.97,7.02,6.28,,-19.9,-14.7,-19.9,-12.1,-0.285,-0.351,-0.372,-0.393,-0.385,-0.051,-0.018,-0.224,-0.353,-0.342,-1.348,-0.833,-0.973,-0.053
가양3동,30.6,36.0,33.0,29.9,47.7,10.4,10.35,10.29,6.61,9.77,,17.4,-8.1,-9.6,59.7,-0.473,-0.475,-0.471,-0.47,-0.408,-0.27,-0.133,-0.017,-0.42,0.273,0.212,-0.336,0.0,3.576
가회동,114.6,190.5,257.7,250.2,216.8,22.58,23.99,22.97,21.18,19.87,,66.2,35.3,-2.9,-13.3,-0.297,-0.158,-0.021,-0.001,-0.02,1.448,2.009,1.974,1.98,2.055,2.253,2.828,0.633,-0.17
갈현1동,309.0,310.4,337.2,312.2,267.8,21.57,18.26,18.36,16.89,14.62,,0.4,8.6,-7.4,-14.2,0.11,0.089,0.138,0.131,0.097,1.306,1.109,1.25,1.273,1.129,-0.499,0.921,0.208,-0.257
갈현2동,280.0,268.3,288.0,252.6,207.7,14.82,12.66,12.95,11.15,9.37,,-4.2,7.4,-12.3,-17.8,0.049,0.002,0.039,0.004,-0.041,0.353,0.23,0.401,0.328,0.203,-0.692,0.831,-0.255,-0.606
강일동,40.6,35.2,39.0,35.4,31.5,9.9,7.6,7.19,5.65,5.15,,-13.1,10.6,-9.2,-11.1,-0.452,-0.477,-0.459,-0.458,-0.445,-0.341,-0.564,-0.503,-0.578,-0.542,-1.064,1.071,0.038,0.044
개봉1동,93.0,102.3,94.6,84.9,70.7,9.11,8.15,7.7,6.88,5.76,,10.0,-7.5,-10.3,-16.7,-0.342,-0.339,-0.348,-0.353,-0.355,-0.452,-0.478,-0.423,-0.376,-0.434,-0.098,-0.291,-0.066,-0.499
개봉2동,102.9,111.8,100.2,81.1,75.8,12.31,10.88,9.54,7.6,7.12,,8.6,-10.4,-19.1,-6.6,-0.322,-0.32,-0.337,-0.361,-0.343,-0.001,-0.049,-0.134,-0.257,-0.194,-0.156,-0.509,-0.897,0.48
개봉3동,48.0,50.2,44.4,37.9,27.0,7.9,7.03,6.11,4.95,3.69,,4.7,-11.5,-14.7,-28.7,-0.437,-0.446,-0.448,-0.453,-0.456,-0.623,-0.654,-0.673,-0.694,-0.799,-0.319,-0.592,-0.482,-1.663
개포1동,0.0,1.2,0.1,0.0,1.0,0.86,11.51,5.24,1.44,4.6,,4887.4,-90.2,-82.0,4424.2,-0.537,-0.547,-0.537,-0.533,-0.515,-1.616,0.05,-0.809,-1.272,-0.639,3.196,-2.961,-2.482,3.576
개포2동,47.1,50.8,49.4,51.0,48.6,7.08,5.99,5.77,4.89,4.15,,7.7,-2.8,3.2,-4.6,-0.439,-0.445,-0.438,-0.425,-0.406,-0.738,-0.817,-0.726,-0.703,-0.718,-0.194,0.063,1.209,0.674
개포4동,109.7,153.0,130.2,104.2,86.7,5.88,6.62,5.53,4.5,3.92,,39.5,-14.9,-20.0,-16.7,-0.307,-0.235,-0.277,-0.312,-0.318,-0.908,-0.718,-0.764,-0.768,-0.759,1.136,-0.848,-0.982,-0.499
거여1동,45.9,52.9,58.9,40.0,33.1,10.41,8.24,8.52,5.46,4.91,,15.3,11.4,-32.1,-17.2,-0.441,-0.441,-0.419,-0.448,-0.442,-0.269,-0.464,-0.294,-0.61,-0.584,0.124,1.132,-2.125,-0.548
거여2동,84.0,84.7,87.8,72.0,61.6,10.05,9.2,8.52,6.73,6.0,,0.8,3.7,-17.9,-14.5,-0.361,-0.375,-0.361,-0.38,-0.376,-0.319,-0.313,-0.294,-0.4,-0.392,-0.483,0.552,-0.784,-0.286
고덕1동,9.4,17.4,14.2,11.7,12.1,4.51,4.36,4.34,3.37,3.56,,84.0,-18.3,-17.8,3.5,-0.518,-0.514,-0.509,-0.508,-0.49,-1.101,-1.073,-0.951,-0.954,-0.822,2.998,-1.104,-0.774,1.459
고덕2동,34.2,58.2,55.7,51.2,50.8,6.29,7.06,6.54,5.4,5.2,,70.3,-4.2,-8.1,-0.8,-0.466,-0.43,-0.426,-0.424,-0.401,-0.85,-0.649,-0.605,-0.619,-0.533,2.425,-0.043,0.142,1.042
고척1동,130.8,135.0,149.8,144.4,164.7,6.94,6.53,7.17,6.82,7.44,,3.2,11.0,-3.6,14.0,-0.263,-0.272,-0.237,-0.226,-0.139,-0.758,-0.732,-0.506,-0.386,-0.138,-0.382,1.102,0.567,2.477
고척2동,68.6,70.3,53.9,44.5,43.9,7.59,6.38,4.79,4.0,3.86,,2.5,-23.3,-17.4,-1.5,-0.394,-0.405,-0.429,-0.439,-0.417,-0.666,-0.756,-0.88,-0.85,-0.769,-0.411,-1.48,-0.737,0.974
공덕동,140.3,154.8,150.1,140.5,118.6,9.7,8.71,8.1,7.43,6.08,,10.3,-3.0,-6.4,-15.6,-0.243,-0.231,-0.237,-0.234,-0.245,-0.369,-0.39,-0.36,-0.285,-0.378,-0.085,0.048,0.302,-0.393
공릉1동,221.1,250.1,276.9,269.5,226.7,11.33,11.3,11.34,10.37,8.85,,13.1,10.7,-2.7,-15.9,-0.074,-0.035,0.017,0.04,0.003,-0.139,0.017,0.148,0.199,0.111,0.032,1.079,0.652,-0.422
공릉2동,192.1,217.9,234.8,237.7,218.8,15.94,15.37,15.23,14.41,13.39,,13.4,7.7,1.3,-8.0,-0.135,-0.101,-0.067,-0.028,-0.015,0.511,0.656,0.759,0.865,0.912,0.045,0.853,1.03,0.344
공항동,150.5,168.1,139.8,121.0,138.7,12.26,11.43,9.05,7.34,8.1,,11.7,-16.8,-13.4,14.6,-0.222,-0.204,-0.257,-0.276,-0.199,-0.008,0.037,-0.211,-0.3,-0.021,-0.027,-0.991,-0.359,2.536
광장동,80.8,109.9,95.1,95.6,93.5,7.6,8.23,6.74,6.06,5.74,,36.0,-13.4,0.6,-2.2,-0.368,-0.323,-0.347,-0.33,-0.303,-0.665,-0.465,-0.574,-0.511,-0.438,0.99,-0.735,0.964,0.907
광희동,657.9,580.6,657.2,757.0,685.5,14.79,12.05,12.93,11.63,10.23,,-11.8,13.2,15.2,-9.4,0.84,0.644,0.778,1.077,1.056,0.349,0.134,0.398,0.407,0.355,-1.01,1.267,2.343,0.208
교남동,13.7,24.3,25.4,21.5,19.3,8.45,6.83,6.61,5.38,5.03,,77.2,4.4,-15.4,-10.1,-0.509,-0.499,-0.486,-0.488,-0.473,-0.545,-0.685,-0.594,-0.623,-0.563,2.714,0.605,-0.548,0.141
구로1동,22.4,22.8,21.4,17.5,15.8,4.75,4.96,4.46,3.57,3.17,,1.9,-6.0,-18.4,-9.8,-0.49,-0.503,-0.494,-0.496,-0.481,-1.067,-0.979,-0.932,-0.921,-0.891,-0.437,-0.178,-0.831,0.17
구로2동,138.0,163.4,141.8,177.0,104.8,2.15,2.24,1.97,2.39,1.5,,18.4,-13.2,24.8,-40.8,-0.248,-0.213,-0.253,-0.157,-0.277,-1.434,-1.406,-1.323,-1.115,-1.186,0.254,-0.72,3.249,-2.836
구로3동,874.2,890.8,959.3,948.6,813.6,19.49,17.5,17.06,15.45,13.23,,1.9,7.7,-1.1,-14.2,1.293,1.282,1.383,1.485,1.35,1.012,0.99,1.046,1.036,0.884,-0.437,0.853,0.803,-0.257
구로4동,116.5,142.7,129.7,108.6,89.7,7.67,7.59,6.43,5.08,4.26,,22.5,-9.1,-16.2,-17.4,-0.293,-0.256,-0.278,-0.302,-0.312,-0.655,-0.566,-0.623,-0.672,-0.699,0.425,-0.411,-0.623,-0.567
구로5동,425.6,453.3,451.6,421.4,384.9,16.03,14.18,13.43,10.76,9.49,,6.5,-0.4,-6.7,-8.6,0.354,0.382,0.367,0.363,0.366,0.524,0.469,0.476,0.263,0.224,-0.244,0.243,0.274,0.286
구산동,63.8,69.1,61.7,52.5,46.5,11.36,10.45,9.82,8.09,7.32,,8.3,-10.7,-15.0,-11.3,-0.404,-0.407,-0.414,-0.422,-0.411,-0.135,-0.117,-0.09,-0.176,-0.159,-0.169,-0.532,-0.51,0.024
구의1동,260.6,276.8,287.6,266.3,231.3,14.04,13.55,13.57,11.98,10.06,,6.2,3.9,-7.4,-13.1,0.008,0.02,0.039,0.033,0.013,0.243,0.37,0.498,0.464,0.325,-0.257,0.567,0.208,-0.15
구의2동,104.3,128.6,106.1,100.2,83.4,11.0,11.45,9.45,8.63,6.81,,23.3,-17.5,-5.5,-16.7,-0.319,-0.285,-0.325,-0.32,-0.326,-0.185,0.04,-0.148,-0.087,-0.249,0.459,-1.044,0.387,-0.499
구의3동,617.8,472.4,421.7,346.8,330.0,10.86,8.96,8.56,7.47,6.99,,-23.5,-10.7,-17.8,-4.8,0.756,0.422,0.307,0.205,0.24,-0.205,-0.351,-0.288,-0.279,-0.217,-1.499,-0.532,-0.774,0.654
군자동,269.2,219.4,214.4,217.2,191.9,17.39,14.68,13.21,12.01,11.66,,-18.5,-2.3,1.3,-11.7,0.026,-0.098,-0.108,-0.071,-0.077,0.716,0.547,0.442,0.469,0.607,-1.29,0.1,1.03,-0.015
금호1가동,11.3,20.2,18.0,13.8,9.3,5.1,7.45,6.73,6.13,4.51,,78.8,-10.5,-23.3,-32.7,-0.514,-0.508,-0.501,-0.504,-0.496,-1.018,-0.588,-0.575,-0.499,-0.655,2.781,-0.517,-1.294,-2.051
금호2·3가동,51.6,52.7,44.1,35.1,33.8,7.92,7.16,5.86,4.52,4.57,,2.2,-16.3,-20.5,-3.5,-0.429,-0.441,-0.449,-0.459,-0.44,-0.62,-0.633,-0.712,-0.764,-0.644,-0.424,-0.953,-1.029,0.781
금호4가동,43.1,46.7,53.9,44.1,39.6,12.29,9.37,9.48,6.83,5.78,,8.4,15.5,-18.3,-10.1,-0.447,-0.453,-0.429,-0.439,-0.427,-0.003,-0.286,-0.144,-0.384,-0.431,-0.165,1.44,-0.822,0.141
길동,344.2,370.3,356.5,332.6,293.8,10.8,9.86,8.75,7.63,6.87,,7.6,-3.7,-6.7,-11.6,0.184,0.212,0.176,0.174,0.157,-0.214,-0.21,-0.258,-0.252,-0.238,-0.198,-0.005,0.274,-0.005
길음1동,23.0,29.7,29.6,25.5,20.8,6.71,7.37,6.26,4.94,4.18,,29.4,-0.6,-13.7,-18.5,-0.489,-0.488,-0.478,-0.479,-0.47,-0.791,-0.601,-0.649,-0.695,-0.713,0.714,0.228,-0.387,-0.674
길음2동,55.7,75.9,65.6,54.9,46.7,7.29,9.21,7.11,5.69,5.29,,36.2,-13.7,-16.2,-14.9,-0.421,-0.393,-0.406,-0.416,-0.41,-0.709,-0.312,-0.516,-0.572,-0.517,0.998,-0.758,-0.623,-0.325
낙성대동,466.8,562.6,623.9,582.6,510.9,30.8,31.67,31.38,27.77,25.21,,20.5,10.9,-6.6,-12.3,0.44,0.607,0.712,0.706,0.655,2.608,3.215,3.294,3.065,2.998,0.342,1.094,0.283,-0.073
난곡동,67.7,94.5,77.7,66.1,55.0,13.7,13.7,10.79,8.86,7.24,,39.7,-17.7,-15.0,-16.7,-0.395,-0.355,-0.382,-0.393,-0.391,0.195,0.393,0.062,-0.05,-0.173,1.145,-1.059,-0.51,-0.499
난향동,6.7,12.1,10.2,6.3,6.0,5.72,5.83,5.6,3.61,3.46,,82.0,-16.0,-37.8,-6.0,-0.523,-0.524,-0.517,-0.52,-0.504,-0.93,-0.842,-0.753,-0.914,-0.84,2.914,-0.931,-2.482,0.538
남가좌1동,14.8,17.6,16.8,19.9,17.9,3.82,4.38,3.43,2.67,2.07,,19.0,-4.5,18.7,-10.3,-0.506,-0.513,-0.504,-0.491,-0.476,-1.198,-1.07,-1.094,-1.069,-1.085,0.279,-0.065,2.673,0.121
남가좌2동,112.3,132.4,130.0,119.6,119.9,14.93,13.07,11.62,10.84,10.51,,17.8,-1.8,-8.0,0.2,-0.302,-0.277,-0.277,-0.279,-0.242,0.369,0.294,0.192,0.277,0.404,0.229,0.138,0.151,1.139
남영동,330.0,370.0,435.6,418.1,386.8,21.02,20.1,19.29,17.07,15.28,,12.1,17.7,-4.0,-7.5,0.154,0.211,0.335,0.356,0.37,1.228,1.398,1.396,1.303,1.246,-0.01,1.606,0.529,0.393
남현동,194.6,194.8,213.7,216.4,195.1,24.31,20.83,20.54,18.81,16.85,,0.1,9.7,1.3,-9.9,-0.13,-0.149,-0.109,-0.073,-0.07,1.692,1.513,1.593,1.589,1.523,-0.512,1.004,1.03,0.16
내곡동,10.8,12.1,13.9,8.9,9.2,4.6,5.08,5.57,3.55,3.75,,11.9,15.0,-35.8,3.3,-0.515,-0.524,-0.509,-0.514,-0.496,-1.088,-0.96,-0.758,-0.924,-0.789,-0.018,1.403,-2.475,1.44
노량진1동,1282.6,1146.5,1276.9,1322.6,1012.8,13.55,11.37,9.23,8.48,7.56,,-10.6,11.4,3.6,-23.4,2.149,1.807,2.019,2.281,1.808,0.174,0.028,-0.183,-0.112,-0.117,-0.959,1.132,1.247,-1.149
노량진2동,2325.1,2602.2,2579.6,2433.8,2146.4,9.99,8.91,8.28,7.5,6.73,,11.9,-0.9,-5.7,-11.8,4.331,4.8,4.626,4.645,4.41,-0.328,-0.359,-0.332,-0.274,-0.263,-0.018,0.206,0.368,-0.024
녹번동,102.2,138.3,117.1,105.4,83.0,9.05,8.4,6.88,5.62,4.55,,35.3,-15.4,-10.0,-21.2,-0.323,-0.265,-0.303,-0.309,-0.327,-0.46,-0.439,-0.552,-0.583,-0.648,0.961,-0.886,-0.038,-0.936
논현1동,1629.5,1718.3,1738.2,1600.5,1421.7,17.16,17.02,16.53,15.1,14.0,,5.4,1.2,-7.9,-11.2,2.875,2.983,2.942,2.872,2.746,0.684,0.915,0.963,0.978,1.02,-0.29,0.364,0.161,0.034
논현2동,857.2,918.7,972.2,831.9,703.0,14.6,12.75,12.27,10.66,9.17,,7.2,5.8,-14.4,-15.5,1.258,1.339,1.409,1.237,1.096,0.322,0.244,0.294,0.247,0.167,-0.215,0.71,-0.453,-0.383
능동,136.2,174.2,173.7,150.4,137.3,17.56,17.11,16.3,13.97,13.42,,27.9,-0.3,-13.5,-8.7,-0.252,-0.191,-0.189,-0.213,-0.202,0.74,0.929,0.927,0.792,0.917,0.651,0.251,-0.368,0.276
다산동,217.9,180.9,178.0,192.7,150.2,18.68,12.8,11.31,11.4,9.07,,-17.0,-1.6,8.2,-22.0,-0.081,-0.178,-0.181,-0.123,-0.173,0.898,0.252,0.144,0.369,0.15,-1.227,0.153,1.681,-1.013
답십리1동,83.7,102.4,96.3,83.4,68.2,9.05,7.54,6.82,5.68,4.75,,22.2,-5.9,-13.4,-18.2,-0.362,-0.339,-0.344,-0.356,-0.361,-0.46,-0.574,-0.561,-0.573,-0.612,0.413,-0.171,-0.359,-0.645
답십리2동,74.7,96.5,86.1,82.9,73.0,8.95,8.3,7.2,6.75,6.08,,29.1,-10.8,-3.6,-12.0,-0.381,-0.351,-0.365,-0.357,-0.35,-0.475,-0.454,-0.502,-0.397,-0.378,0.701,-0.539,0.567,-0.044
당산1동,278.4,316.9,335.6,310.0,366.5,6.25,5.19,6.3,5.69,6.27,,13.9,5.9,-7.6,18.2,0.046,0.102,0.135,0.126,0.324,-0.855,-0.943,-0.643,-0.572,-0.344,0.065,0.718,0.189,2.885
당산2동,322.1,359.4,368.3,333.2,279.3,19.53,16.95,15.6,13.96,12.09,,11.6,2.5,-9.5,-16.2,0.137,0.189,0.2,0.176,0.124,1.018,0.904,0.817,0.79,0.683,-0.031,0.462,0.01,-0.451
대림1동,66.6,80.4,77.0,74.2,63.2,7.15,6.98,6.63,6.15,5.3,,20.8,-4.2,-3.7,-14.9,-0.398,-0.384,-0.383,-0.375,-0.372,-0.728,-0.662,-0.591,-0.496,-0.515,0.354,-0.043,0.557,-0.325
대림2동,97.7,118.5,110.8,83.5,67.8,9.46,7.72,6.74,5.19,4.17,,21.2,-6.5,-24.7,-18.8,-0.333,-0.306,-0.315,-0.356,-0.362,-0.403,-0.546,-0.574,-0.654,-0.715,0.371,-0.216,-1.426,-0.703
대림3동,146.6,147.0,130.5,140.7,92.3,3.28,2.51,2.3,2.76,1.82,,0.3,-11.2,7.8,-34.4,-0.23,-0.247,-0.276,-0.234,-0.306,-1.274,-1.364,-1.271,-1.054,-1.129,-0.503,-0.57,1.644,-2.216
대방동,210.1,224.9,243.3,222.3,181.5,12.42,11.76,11.33,9.87,8.0,,7.0,8.2,-8.6,-18.3,-0.097,-0.087,-0.05,-0.06,-0.101,0.015,0.089,0.147,0.117,-0.039,-0.223,0.891,0.095,-0.655
대조동,270.8,312.4,261.5,245.6,227.2,12.87,12.48,10.55,9.47,9.22,,15.4,-16.3,-6.1,-7.5,0.03,0.093,-0.014,-0.011,0.004,0.078,0.202,0.024,0.051,0.176,0.128,-0.953,0.331,0.393
대치1동,124.3,169.7,161.5,143.6,136.7,4.44,4.05,3.42,2.87,2.57,,36.5,-4.9,-11.1,-4.8,-0.277,-0.201,-0.214,-0.228,-0.204,-1.111,-1.122,-1.095,-1.036,-0.997,1.011,-0.095,-0.142,0.654
대치2동,361.2,335.8,277.3,242.6,206.1,7.0,5.83,4.54,3.54,2.96,,-7.0,-17.4,-12.5,-15.1,0.219,0.141,0.018,-0.017,-0.044,-0.75,-0.842,-0.919,-0.926,-0.928,-0.809,-1.036,-0.274,-0.344
대치4동,531.0,609.1,625.9,585.4,518.5,10.83,8.2,7.54,6.76,6.06,,14.7,2.7,-6.5,-11.4,0.575,0.703,0.716,0.712,0.673,-0.209,-0.47,-0.448,-0.395,-0.381,0.099,0.477,0.293,0.015
대학동,318.0,354.1,324.7,319.9,256.9,29.4,27.05,24.99,23.87,20.99,,11.3,-8.3,-1.5,-19.7,0.129,0.179,0.113,0.147,0.072,2.41,2.49,2.291,2.423,2.253,-0.043,-0.351,0.765,-0.79
대흥동,354.2,406.0,424.5,397.8,365.2,19.69,17.72,18.74,16.93,16.21,,14.6,4.5,-6.3,-8.2,0.204,0.285,0.313,0.313,0.321,1.04,1.025,1.31,1.28,1.41,0.095,0.612,0.312,0.325
도곡1동,190.7,238.7,187.7,160.5,144.6,8.86,8.62,6.76,5.89,5.25,,25.1,-21.3,-14.5,-9.9,-0.138,-0.059,-0.161,-0.192,-0.186,-0.487,-0.404,-0.571,-0.539,-0.524,0.534,-1.33,-0.463,0.16
도곡2동,175.7,204.1,191.0,163.1,152.3,8.25,7.97,6.67,5.87,5.25,,16.2,-6.4,-14.6,-6.6,-0.169,-0.13,-0.155,-0.186,-0.168,-0.573,-0.506,-0.585,-0.542,-0.524,0.162,-0.208,-0.472,0.48
도림동,53.4,48.2,46.7,33.8,24.6,10.68,8.84,7.85,5.76,4.41,,-9.6,-3.1,-27.6,-27.4,-0.425,-0.45,-0.444,-0.461,-0.461,-0.231,-0.37,-0.4,-0.56,-0.672,-0.918,0.04,-1.7,-1.537
도봉1동,92.9,107.9,97.1,82.9,66.9,5.43,5.65,4.9,4.32,3.57,,16.2,-10.0,-14.7,-19.3,-0.343,-0.328,-0.343,-0.357,-0.364,-0.971,-0.871,-0.863,-0.797,-0.821,0.162,-0.479,-0.482,-0.751
도봉2동,27.8,29.1,32.6,27.0,26.1,6.44,6.48,6.72,5.6,5.38,,5.0,11.8,-17.2,-3.4,-0.479,-0.49,-0.472,-0.476,-0.458,-0.829,-0.74,-0.577,-0.587,-0.501,-0.307,1.162,-0.718,0.79
도화동,182.4,182.8,200.7,189.0,158.5,12.15,10.69,9.16,8.58,6.78,,0.2,9.8,-5.8,-16.2,-0.155,-0.174,-0.135,-0.131,-0.154,-0.023,-0.079,-0.194,-0.096,-0.254,-0.508,1.011,0.359,-0.451
독산1동,302.9,351.7,342.7,289.5,237.6,3.32,3.55,3.59,3.32,2.69,,16.1,-2.6,-15.5,-17.9,0.097,0.174,0.149,0.083,0.028,-1.269,-1.2,-1.068,-0.962,-0.976,0.158,0.078,-0.557,-0.616
독산2동,64.3,86.7,71.3,57.6,43.4,9.03,9.02,7.93,6.73,5.15,,35.0,-17.8,-19.2,-24.6,-0.403,-0.371,-0.394,-0.411,-0.418,-0.463,-0.341,-0.387,-0.4,-0.542,0.948,-1.066,-0.907,-1.265
독산3동,93.2,106.2,96.6,82.7,74.3,7.41,6.72,5.97,5.22,4.93,,14.0,-9.1,-14.4,-10.1,-0.342,-0.331,-0.344,-0.357,-0.347,-0.692,-0.703,-0.695,-0.649,-0.581,0.07,-0.411,-0.453,0.141
독산4동,101.8,90.1,90.5,83.5,61.6,16.36,13.78,11.89,11.35,8.8,,-11.5,0.5,-7.8,-26.3,-0.324,-0.364,-0.356,-0.356,-0.376,0.571,0.406,0.235,0.361,0.102,-0.997,0.311,0.17,-1.43
돈암1동,7.9,11.2,13.5,15.1,10.3,3.71,3.63,3.63,3.78,2.93,,40.6,20.9,12.1,-31.8,-0.521,-0.526,-0.51,-0.501,-0.494,-1.214,-1.188,-1.062,-0.886,-0.934,1.182,1.847,2.05,-1.963
돈암2동,11.4,15.7,14.2,13.8,13.1,6.15,5.9,5.16,4.47,4.2,,37.6,-9.7,-2.3,-5.0,-0.513,-0.517,-0.509,-0.504,-0.487,-0.87,-0.831,-0.822,-0.773,-0.709,1.057,-0.457,0.69,0.635
동선동,636.9,686.9,783.0,746.5,640.3,32.38,29.36,28.68,25.82,23.83,,7.8,14.0,-4.7,-14.2,0.796,0.863,1.03,1.055,0.952,2.83,2.852,2.87,2.744,2.754,-0.19,1.327,0.463,-0.257
동화동,59.0,70.1,63.5,79.3,89.1,9.15,10.09,9.72,13.22,9.68,,18.7,-9.4,24.9,12.3,-0.414,-0.405,-0.41,-0.365,-0.313,-0.446,-0.173,-0.106,0.669,0.257,0.266,-0.434,3.259,2.312
둔촌2동,62.9,77.9,71.9,62.2,50.7,7.38,6.82,6.23,5.49,4.88,,23.7,-7.6,-13.5,-18.5,-0.405,-0.389,-0.393,-0.401,-0.401,-0.696,-0.687,-0.654,-0.605,-0.589,0.475,-0.299,-0.368,-0.674
등촌1동,261.2,302.2,279.7,270.6,241.7,10.4,10.27,9.9,8.92,7.8,,15.7,-7.5,-3.2,-10.7,0.01,0.072,0.023,0.042,0.037,-0.27,-0.145,-0.078,-0.04,-0.074,0.141,-0.291,0.605,0.082
등촌2동,35.3,30.5,26.6,27.2,28.3,11.1,7.09,7.01,7.13,6.81,,-13.6,-13.0,2.5,4.1,-0.463,-0.487,-0.484,-0.475,-0.453,-0.171,-0.644,-0.532,-0.335,-0.249,-1.085,-0.705,1.143,1.517
등촌3동,234.2,220.9,212.1,196.1,164.8,10.97,9.05,8.18,6.98,6.21,,-5.7,-4.0,-7.6,-16.0,-0.047,-0.095,-0.113,-0.116,-0.139,-0.19,-0.337,-0.348,-0.359,-0.355,-0.754,-0.028,0.189,-0.432
마장동,78.3,98.7,92.8,78.0,67.4,9.7,9.85,8.41,7.03,6.23,,26.1,-6.0,-15.9,-13.7,-0.373,-0.346,-0.351,-0.367,-0.363,-0.369,-0.211,-0.312,-0.351,-0.351,0.576,-0.178,-0.595,-0.208
마천1동,41.4,44.5,38.9,31.7,35.3,5.62,2.81,2.63,2.12,2.49,,7.4,-12.5,-18.6,11.5,-0.451,-0.458,-0.459,-0.466,-0.436,-0.944,-1.316,-1.219,-1.16,-1.011,-0.206,-0.667,-0.85,2.235
마천2동,82.5,96.3,79.6,59.9,55.7,7.51,6.32,5.02,3.94,3.53,,16.8,-17.3,-24.8,-7.0,-0.364,-0.351,-0.378,-0.406,-0.39,-0.678,-0.765,-0.844,-0.86,-0.828,0.187,-1.029,-1.436,0.441
망우3동,41.1,50.9,45.1,37.8,30.6,9.03,7.89,7.62,6.36,5.25,,23.8,-11.3,-16.3,-18.9,-0.451,-0.445,-0.447,-0.453,-0.447,-0.463,-0.519,-0.436,-0.461,-0.524,0.48,-0.577,-0.633,-0.713
망우본동,193.3,231.4,199.7,167.4,146.4,9.17,8.77,7.55,6.27,5.34,,19.7,-13.7,-16.2,-12.5,-0.132,-0.074,-0.137,-0.177,-0.181,-0.444,-0.381,-0.447,-0.476,-0.508,0.308,-0.758,-0.623,-0.092
망원1동,280.3,336.6,340.2,314.5,285.6,17.61,17.42,16.56,14.86,13.82,,20.1,1.1,-7.5,-9.2,0.05,0.143,0.144,0.136,0.138,0.747,0.977,0.968,0.939,0.988,0.325,0.356,0.198,0.228
망원2동,128.7,142.4,153.5,138.7,102.3,13.44,12.8,12.8,10.95,7.99,,10.7,7.8,-9.6,-26.3,-0.268,-0.257,-0.23,-0.238,-0.283,0.159,0.252,0.377,0.295,-0.041,-0.068,0.861,0.0,-1.43
면목2동,67.5,79.4,67.4,60.0,51.9,9.05,7.83,6.44,5.72,5.04,,17.7,-15.1,-11.0,-13.5,-0.396,-0.386,-0.402,-0.406,-0.398,-0.46,-0.528,-0.621,-0.567,-0.561,0.224,-0.863,-0.132,-0.189
면목3·8동,198.9,205.2,196.0,177.1,145.7,17.42,14.94,12.85,11.12,9.61,,3.2,-4.4,-9.7,-17.7,-0.121,-0.128,-0.145,-0.156,-0.183,0.72,0.588,0.385,0.323,0.245,-0.382,-0.058,-0.009,-0.596
면목4동,28.1,39.7,40.6,33.3,27.1,7.01,7.24,7.19,6.61,5.45,,41.2,2.2,-18.0,-18.4,-0.478,-0.468,-0.456,-0.462,-0.455,-0.748,-0.621,-0.503,-0.42,-0.489,1.208,0.439,-0.793,-0.664
면목5동,26.6,23.9,18.4,16.4,20.9,6.88,7.33,6.08,5.46,5.68,,-9.8,-23.3,-10.5,27.2,-0.482,-0.5,-0.5,-0.498,-0.47,-0.767,-0.607,-0.678,-0.61,-0.448,-0.926,-1.48,-0.085,3.576
면목7동,156.2,151.2,134.3,116.4,102.1,11.27,9.54,8.12,6.63,5.49,,-3.2,-11.2,-13.3,-12.3,-0.21,-0.239,-0.268,-0.286,-0.283,-0.147,-0.26,-0.357,-0.417,-0.482,-0.65,-0.57,-0.349,-0.073
면목본동,199.5,229.0,203.7,177.8,152.4,10.94,10.56,9.19,7.9,6.67,,14.8,-11.1,-12.7,-14.3,-0.119,-0.079,-0.129,-0.155,-0.168,-0.194,-0.1,-0.189,-0.208,-0.274,0.103,-0.562,-0.293,-0.267
명동,1506.8,1273.7,1299.2,1293.8,1258.3,20.54,16.93,15.36,13.67,12.66,,-15.5,2.0,-0.4,-2.7,2.618,2.069,2.063,2.219,2.371,1.16,0.901,0.779,0.743,0.783,-1.164,0.424,0.869,0.858
명일1동,163.4,180.3,167.7,142.5,121.9,9.38,8.54,7.27,5.86,5.02,,10.4,-7.0,-15.0,-14.4,-0.195,-0.179,-0.201,-0.23,-0.238,-0.414,-0.417,-0.491,-0.544,-0.565,-0.081,-0.253,-0.51,-0.276
명일2동,129.2,214.6,210.0,192.9,144.2,8.21,8.52,7.08,5.72,4.29,,66.1,-2.1,-8.1,-25.2,-0.267,-0.108,-0.117,-0.123,-0.186,-0.579,-0.42,-0.521,-0.567,-0.694,2.249,0.115,0.142,-1.324
목1동,322.8,361.9,346.0,282.4,255.4,13.13,12.5,10.61,8.41,7.57,,12.1,-4.4,-18.4,-9.5,0.139,0.195,0.155,0.068,0.069,0.115,0.205,0.034,-0.124,-0.115,-0.01,-0.058,-0.831,0.199
목2동,139.6,151.6,153.2,130.0,100.3,13.67,12.8,11.75,10.01,8.68,,8.6,1.1,-15.1,-22.8,-0.245,-0.238,-0.231,-0.257,-0.287,0.191,0.252,0.213,0.14,0.081,-0.156,0.356,-0.519,-1.091
목3동,137.2,135.9,120.7,101.6,96.9,10.01,9.7,8.32,6.94,6.55,,-0.9,-11.2,-15.8,-4.6,-0.25,-0.27,-0.296,-0.317,-0.295,-0.325,-0.235,-0.326,-0.366,-0.295,-0.554,-0.57,-0.585,0.674
목4동,67.0,77.0,64.7,51.6,47.8,6.53,6.21,5.61,4.54,4.31,,14.9,-16.0,-20.1,-7.4,-0.397,-0.391,-0.408,-0.423,-0.408,-0.816,-0.783,-0.751,-0.761,-0.69,0.107,-0.931,-0.992,0.402
목5동,65.3,75.7,65.2,65.6,59.9,4.38,3.48,2.72,2.4,2.11,,15.8,-13.9,0.7,-8.8,-0.4,-0.394,-0.407,-0.394,-0.38,-1.119,-1.211,-1.205,-1.114,-1.078,0.145,-0.773,0.973,0.267
무악동,17.3,21.8,21.4,17.8,16.5,9.18,6.94,6.69,5.64,5.19,,26.0,-1.5,-16.9,-7.3,-0.501,-0.505,-0.494,-0.495,-0.48,-0.442,-0.668,-0.582,-0.58,-0.535,0.572,0.161,-0.689,0.412
묵1동,152.2,154.2,146.9,118.6,105.3,13.23,10.65,10.36,6.55,5.46,,1.3,-4.7,-19.2,-11.2,-0.219,-0.232,-0.243,-0.281,-0.276,0.129,-0.086,-0.006,-0.43,-0.487,-0.462,-0.08,-0.907,0.034
묵2동,87.6,124.6,91.9,90.8,91.5,9.7,11.01,9.27,8.09,7.74,,42.2,-26.3,-1.1,0.7,-0.354,-0.293,-0.353,-0.34,-0.307,-0.369,-0.029,-0.177,-0.176,-0.085,1.249,-1.706,0.803,1.188
문래동,381.5,447.5,502.6,486.8,468.9,9.4,10.48,11.24,9.02,7.44,,17.3,12.3,-3.1,-3.7,0.262,0.371,0.469,0.502,0.559,-0.411,-0.112,0.133,-0.023,-0.138,0.208,1.199,0.614,0.761
문정1동,88.3,81.2,83.7,88.4,91.4,8.94,7.56,7.23,6.81,7.12,,-8.0,3.1,5.6,3.3,-0.352,-0.382,-0.37,-0.345,-0.308,-0.476,-0.571,-0.497,-0.387,-0.194,-0.851,0.507,1.436,1.44
문정2동,448.3,509.0,452.7,438.8,377.0,11.02,8.5,8.77,8.27,6.6,,13.5,-11.0,-3.1,-14.1,0.402,0.497,0.369,0.4,0.348,-0.183,-0.423,-0.255,-0.147,-0.286,0.049,-0.554,0.614,-0.247
미성동,89.6,102.3,92.9,72.0,63.9,10.69,9.93,9.19,6.63,5.89,,14.2,-9.2,-22.5,-11.3,-0.35,-0.339,-0.351,-0.38,-0.371,-0.229,-0.199,-0.189,-0.417,-0.411,0.078,-0.419,-1.218,0.024
미아동,198.7,183.7,274.6,221.0,124.5,14.16,10.99,15.49,11.54,6.75,,-7.5,49.5,-19.5,-43.7,-0.121,-0.172,0.012,-0.063,-0.232,0.26,-0.032,0.8,0.392,-0.26,-0.83,2.828,-0.935,-2.844
반포1동,320.1,354.4,390.5,361.4,353.1,14.06,13.2,13.63,11.49,10.82,,10.7,10.2,-7.4,-2.3,0.133,0.179,0.244,0.236,0.293,0.246,0.315,0.508,0.384,0.459,-0.068,1.041,0.208,0.897
반포2동,36.4,31.4,38.6,38.9,29.4,5.62,4.5,4.34,3.23,2.41,,-13.6,22.8,0.8,-24.4,-0.461,-0.485,-0.46,-0.45,-0.45,-0.944,-1.051,-0.951,-0.977,-1.025,-1.085,1.99,0.982,-1.246
반포3동,156.9,221.9,229.3,192.0,179.5,5.97,6.64,7.72,4.92,4.45,,41.4,3.4,-16.3,-6.5,-0.209,-0.093,-0.078,-0.125,-0.105,-0.895,-0.715,-0.42,-0.698,-0.665,1.216,0.529,-0.633,0.49
반포4동,195.9,203.6,198.5,161.9,131.2,6.76,5.59,4.81,3.64,2.95,,4.0,-2.5,-18.4,-19.0,-0.127,-0.131,-0.14,-0.189,-0.216,-0.784,-0.88,-0.877,-0.909,-0.93,-0.349,0.085,-0.831,-0.722
반포본동,8.2,3.5,1.8,1.8,1.4,6.17,3.31,1.99,2.19,2.26,,-57.6,-46.8,0.1,-25.4,-0.52,-0.542,-0.534,-0.529,-0.514,-0.867,-1.238,-1.32,-1.148,-1.052,-2.58,-2.961,0.916,-1.343
발산1동,327.7,345.3,310.0,247.0,205.4,4.96,4.87,4.52,3.61,3.24,,5.4,-10.2,-20.3,-16.8,0.149,0.16,0.083,-0.008,-0.046,-1.037,-0.993,-0.922,-0.914,-0.879,-0.29,-0.494,-1.011,-0.509
방배1동,274.8,263.0,283.9,275.0,252.4,10.83,10.63,10.14,8.77,8.92,,-4.3,7.9,-3.1,-8.2,0.038,-0.009,0.031,0.052,0.062,-0.209,-0.089,-0.04,-0.064,0.123,-0.696,0.868,0.614,0.325
방배2동,190.1,224.7,239.3,251.1,213.5,13.62,15.91,14.45,13.41,11.41,,18.2,6.5,4.9,-15.0,-0.139,-0.087,-0.058,0.001,-0.027,0.184,0.74,0.636,0.7,0.563,0.245,0.763,1.37,-0.335
방배3동,35.9,42.5,35.3,29.7,25.9,4.09,4.24,3.47,2.84,2.5,,18.2,-16.8,-15.9,-13.0,-0.462,-0.462,-0.466,-0.47,-0.458,-1.16,-1.092,-1.087,-1.041,-1.009,0.245,-0.991,-0.595,-0.141
방배4동,205.0,196.5,182.2,156.5,142.8,9.57,8.52,7.56,6.31,5.92,,-4.2,-7.3,-14.1,-8.8,-0.108,-0.145,-0.172,-0.2,-0.19,-0.387,-0.42,-0.445,-0.47,-0.406,-0.692,-0.276,-0.425,0.267
방배본동,141.9,155.7,129.6,107.7,115.4,8.05,7.58,6.21,5.02,5.45,,9.7,-16.8,-16.9,7.2,-0.24,-0.229,-0.278,-0.304,-0.253,-0.602,-0.568,-0.657,-0.682,-0.489,-0.11,-0.991,-0.689,1.818
방이1동,98.9,91.9,87.8,80.9,76.0,8.59,6.62,5.88,4.56,3.99,,-7.0,-4.4,-7.8,-6.0,-0.33,-0.36,-0.361,-0.361,-0.343,-0.525,-0.718,-0.709,-0.758,-0.746,-0.809,-0.058,0.17,0.538
방이2동,755.7,807.7,935.4,912.0,904.9,22.56,20.1,20.64,18.92,18.42,,6.9,15.8,-2.5,-0.8,1.045,1.111,1.335,1.407,1.56,1.445,1.398,1.608,1.607,1.8,-0.227,1.463,0.671,1.042
방학1동,166.4,172.1,192.7,160.4,138.6,10.32,9.02,9.36,7.41,6.32,,3.4,12.0,-16.8,-13.6,-0.189,-0.196,-0.151,-0.192,-0.199,-0.281,-0.341,-0.163,-0.288,-0.335,-0.374,1.177,-0.68,-0.199
방학2동,55.4,60.3,52.0,49.6,37.6,3.94,3.21,2.72,2.24,1.66,,8.8,-13.7,-4.5,-24.3,-0.421,-0.425,-0.433,-0.428,-0.431,-1.181,-1.254,-1.205,-1.14,-1.158,-0.148,-0.758,0.482,-1.236
방학3동,40.1,40.6,29.5,26.3,24.4,8.54,7.95,6.01,4.93,4.35,,1.3,-27.4,-11.0,-7.1,-0.453,-0.466,-0.478,-0.477,-0.461,-0.532,-0.509,-0.689,-0.697,-0.683,-0.462,-1.789,-0.132,0.431
방화1동,162.8,190.9,164.1,153.0,139.7,9.62,8.02,6.75,6.01,5.45,,17.2,-14.0,-6.7,-8.7,-0.196,-0.157,-0.209,-0.208,-0.197,-0.38,-0.498,-0.572,-0.519,-0.489,0.204,-0.78,0.274,0.276
방화2동,80.6,94.3,84.2,77.5,72.5,9.11,8.65,7.59,6.77,6.25,,17.0,-10.7,-7.9,-6.4,-0.368,-0.356,-0.369,-0.368,-0.351,-0.452,-0.4,-0.44,-0.394,-0.348,0.195,-0.532,0.161,0.499
방화3동,44.1,44.6,41.7,28.6,25.3,12.12,9.12,8.22,5.81,4.9,,1.3,-6.5,-31.5,-11.6,-0.445,-0.458,-0.454,-0.472,-0.459,-0.027,-0.326,-0.342,-0.552,-0.586,-0.462,-0.216,-2.068,-0.005
번1동,423.2,344.3,320.5,290.4,256.4,18.55,15.17,13.62,11.75,10.2,,-18.7,-6.9,-9.4,-11.7,0.349,0.158,0.104,0.085,0.071,0.88,0.624,0.506,0.426,0.349,-1.298,-0.246,0.019,-0.015
번2동,17.8,20.8,18.7,14.6,8.6,6.35,6.87,6.38,5.66,4.18,,16.5,-10.1,-21.9,-41.1,-0.5,-0.507,-0.5,-0.502,-0.498,-0.841,-0.679,-0.63,-0.577,-0.713,0.174,-0.487,-1.162,-2.844
번3동,29.9,31.2,29.9,23.7,18.9,6.47,5.96,5.56,4.02,3.46,,4.2,-4.2,-20.7,-20.5,-0.475,-0.485,-0.477,-0.483,-0.474,-0.824,-0.822,-0.759,-0.847,-0.84,-0.34,-0.043,-1.048,-0.868
보광동,80.2,72.0,76.0,58.1,35.7,10.94,10.3,9.81,8.56,7.92,,-10.3,5.6,-23.6,-38.5,-0.369,-0.401,-0.385,-0.41,-0.436,-0.194,-0.14,-0.092,-0.099,-0.053,-0.947,0.695,-1.322,-2.613
보라매동,112.0,129.8,139.9,124.0,94.0,13.23,12.57,13.0,11.34,9.48,,15.9,7.8,-11.4,-24.2,-0.303,-0.283,-0.257,-0.269,-0.302,0.129,0.216,0.409,0.359,0.222,0.149,0.861,-0.17,-1.227
보문동,79.2,63.7,55.6,56.2,53.2,15.17,11.43,11.84,10.48,9.29,,-19.5,-12.9,1.2,-5.4,-0.371,-0.418,-0.426,-0.414,-0.395,0.403,0.037,0.227,0.217,0.189,-1.332,-0.698,1.02,0.596
부암동,23.8,30.1,32.9,33.8,26.6,15.8,11.42,11.32,11.24,8.72,,26.2,9.4,2.8,-21.5,-0.487,-0.487,-0.471,-0.461,-0.456,0.492,0.035,0.145,0.342,0.088,0.58,0.981,1.171,-0.965
북가좌1동,11.9,11.1,10.4,9.0,5.3,8.88,5.6,5.8,4.78,2.94,,-7.0,-6.0,-14.2,-40.9,-0.512,-0.527,-0.516,-0.514,-0.505,-0.484,-0.878,-0.721,-0.722,-0.932,-0.809,-0.178,-0.434,-2.844
북가좌2동,135.7,116.2,117.8,133.2,110.7,9.92,8.15,7.46,7.34,6.6,,-14.3,1.3,13.1,-16.9,-0.253,-0.311,-0.301,-0.25,-0.263,-0.338,-0.478,-0.461,-0.3,-0.286,-1.114,0.371,2.144,-0.519
북아현동,39.6,45.1,38.3,41.7,40.5,8.61,8.46,6.82,7.34,7.4,,13.8,-15.1,9.1,-3.0,-0.454,-0.457,-0.46,-0.445,-0.425,-0.523,-0.429,-0.561,-0.3,-0.145,0.061,-0.863,1.766,0.829
불광1동,160.7,200.6,174.4,167.0,155.2,10.74,10.35,9.72,8.58,7.87,,24.8,-13.1,-4.2,-7.1,-0.201,-0.137,-0.188,-0.178,-0.161,-0.222,-0.133,-0.106,-0.096,-0.062,0.521,-0.713,0.51,0.431
불광2동,97.2,109.2,90.3,80.0,69.6,10.12,9.02,7.79,6.65,5.57,,12.4,-17.3,-11.4,-13.0,-0.334,-0.325,-0.356,-0.363,-0.358,-0.31,-0.341,-0.409,-0.414,-0.468,0.003,-1.029,-0.17,-0.141
사근동,616.2,643.1,749.4,740.0,622.2,53.86,47.77,47.35,44.45,41.09,,4.4,16.5,-1.3,-15.9,0.753,0.773,0.963,1.041,0.911,5.86,5.743,5.801,5.812,5.8,-0.332,1.516,0.784,-0.422
사당1동,423.5,403.5,441.8,463.0,428.5,22.26,19.58,18.51,17.79,16.42,,-4.7,9.5,4.8,-7.5,0.35,0.28,0.347,0.452,0.466,1.403,1.317,1.274,1.421,1.447,-0.713,0.989,1.36,0.393
사당2동,329.5,385.5,384.4,344.0,317.7,13.73,13.72,12.41,11.09,10.21,,17.0,-0.3,-10.5,-7.6,0.153,0.243,0.232,0.199,0.212,0.2,0.397,0.316,0.318,0.351,0.195,0.251,-0.085,0.383
사당3동,37.3,38.0,39.6,39.7,39.8,11.11,9.54,8.15,7.01,6.76,,1.7,4.3,0.1,0.4,-0.459,-0.471,-0.458,-0.449,-0.426,-0.17,-0.26,-0.353,-0.354,-0.258,-0.445,0.597,0.916,1.159
사당4동,79.2,78.3,66.8,53.8,51.1,10.41,8.86,7.88,6.29,5.79,,-1.1,-14.7,-19.5,-5.0,-0.371,-0.388,-0.403,-0.419,-0.4,-0.269,-0.367,-0.395,-0.473,-0.429,-0.562,-0.833,-0.935,0.635
사당5동,23.1,23.7,20.0,16.8,16.2,13.55,12.32,9.86,7.91,7.32,,2.9,-15.7,-16.3,-3.2,-0.489,-0.501,-0.497,-0.498,-0.48,0.174,0.177,-0.084,-0.206,-0.159,-0.395,-0.908,-0.633,0.81
사직동,355.0,494.6,548.6,505.0,479.3,14.75,15.27,14.12,12.41,11.56,,39.3,10.9,-7.9,-5.1,0.206,0.467,0.561,0.541,0.583,0.344,0.64,0.585,0.535,0.589,1.128,1.094,0.161,0.625
삼각산동,28.4,37.0,29.2,27.6,19.7,7.43,7.41,5.71,5.2,3.83,,30.0,-20.9,-5.7,-28.7,-0.478,-0.473,-0.479,-0.475,-0.472,-0.689,-0.594,-0.736,-0.652,-0.775,0.739,-1.3,0.368,-1.663
삼선동,205.0,218.7,231.7,226.8,229.8,12.01,10.83,10.46,9.64,9.44,,6.7,5.9,-2.1,1.3,-0.108,-0.1,-0.073,-0.051,0.01,-0.043,-0.057,0.01,0.079,0.215,-0.236,0.718,0.709,1.246
삼성1동,1643.9,1761.5,1826.0,1478.3,1082.7,13.5,16.04,15.16,12.73,10.56,,7.2,3.7,-19.0,-26.8,2.905,3.072,3.118,2.612,1.968,0.167,0.761,0.748,0.588,0.413,-0.215,0.552,-0.888,-1.479
삼성2동,492.4,393.4,386.9,330.4,285.2,12.22,10.79,10.09,9.0,7.92,,-20.1,-1.7,-14.6,-13.7,0.494,0.259,0.237,0.17,0.137,-0.013,-0.064,-0.048,-0.027,-0.053,-1.357,0.146,-0.472,-0.208
삼성동,24.1,35.4,23.6,18.9,17.8,6.52,7.31,4.86,3.62,3.83,,46.7,-33.5,-19.8,-5.5,-0.487,-0.477,-0.49,-0.493,-0.477,-0.817,-0.61,-0.869,-0.913,-0.775,1.438,-2.248,-0.963,0.587
삼양동,53.9,80.2,85.1,49.6,42.5,8.92,11.48,10.53,6.53,5.63,,49.0,6.1,-41.7,-14.3,-0.424,-0.385,-0.367,-0.428,-0.42,-0.479,0.045,0.021,-0.433,-0.457,1.534,0.733,-2.482,-0.267
삼전동,243.7,253.2,242.8,207.7,171.9,10.7,8.94,8.02,7.11,5.72,,3.9,-4.1,-14.5,-17.2,-0.027,-0.029,-0.051,-0.091,-0.123,-0.228,-0.354,-0.373,-0.338,-0.441,-0.353,-0.035,-0.463,-0.548
삼청동,226.1,389.6,389.6,304.8,253.8,26.84,29.57,22.89,19.14,16.23,,72.3,-0.0,-21.8,-16.7,-0.064,0.252,0.243,0.115,0.065,2.049,2.885,1.961,1.644,1.413,2.509,0.274,-1.152,-0.499
상계10동,21.5,26.7,20.9,22.8,22.1,20.41,14.68,13.22,11.95,11.18,,24.5,-21.7,9.2,-3.4,-0.492,-0.494,-0.495,-0.485,-0.467,1.142,0.547,0.443,0.459,0.522,0.509,-1.36,1.776,0.79
상계1동,182.1,196.6,176.1,151.8,125.1,12.81,11.26,9.16,7.57,6.61,,8.0,-10.5,-13.8,-17.6,-0.156,-0.145,-0.185,-0.21,-0.23,0.07,0.01,-0.194,-0.262,-0.284,-0.181,-0.517,-0.397,-0.587
상계2동,698.1,756.3,737.1,631.4,552.6,23.36,21.74,20.12,17.34,15.59,,8.3,-2.5,-14.3,-12.5,0.925,1.005,0.938,0.81,0.751,1.558,1.656,1.527,1.347,1.3,-0.169,0.085,-0.444,-0.092
상계3·4동,30.2,40.4,33.2,29.7,26.4,7.13,8.08,6.47,5.0,4.58,,33.8,-17.8,-10.6,-11.0,-0.474,-0.466,-0.471,-0.47,-0.457,-0.731,-0.489,-0.616,-0.685,-0.642,0.898,-1.066,-0.094,0.053
상계5동,65.4,77.9,61.3,51.2,48.9,8.92,7.44,6.2,5.39,5.2,,19.1,-21.3,-16.6,-4.4,-0.4,-0.389,-0.414,-0.424,-0.405,-0.479,-0.59,-0.659,-0.621,-0.533,0.283,-1.33,-0.661,0.693
상계6·7동,483.1,499.4,475.0,498.7,438.1,17.7,14.62,12.93,12.39,10.6,,3.4,-4.9,5.0,-12.2,0.474,0.477,0.414,0.528,0.488,0.76,0.538,0.398,0.532,0.42,-0.374,-0.095,1.379,-0.063
상계8동,38.6,40.8,40.0,38.0,32.4,8.82,9.0,8.29,7.66,6.39,,5.6,-1.8,-5.1,-14.7,-0.456,-0.466,-0.457,-0.452,-0.443,-0.493,-0.345,-0.331,-0.247,-0.323,-0.282,0.138,0.425,-0.305
상계9동,37.4,51.8,43.5,38.3,38.6,7.21,7.42,7.49,5.48,4.83,,38.5,-16.0,-12.1,0.9,-0.459,-0.443,-0.45,-0.452,-0.429,-0.72,-0.593,-0.456,-0.606,-0.598,1.095,-0.931,-0.236,1.207
상도1동,360.1,315.8,361.2,353.0,315.9,18.09,14.32,16.2,14.82,13.17,,-12.3,14.4,-2.3,-10.5,0.217,0.1,0.186,0.218,0.208,0.815,0.491,0.911,0.932,0.873,-1.031,1.358,0.69,0.102
상도2동,91.0,102.0,96.1,81.8,74.6,12.13,10.63,9.59,7.74,7.01,,12.1,-5.8,-14.9,-8.7,-0.347,-0.34,-0.345,-0.359,-0.346,-0.026,-0.089,-0.126,-0.234,-0.214,-0.01,-0.163,-0.5,0.276
상도3동,118.9,148.9,121.5,118.3,102.0,10.21,10.5,8.63,7.81,6.54,,25.2,-18.4,-2.6,-13.8,-0.288,-0.243,-0.294,-0.282,-0.283,-0.297,-0.109,-0.277,-0.223,-0.297,0.538,-1.112,0.661,-0.218
상도4동,90.2,77.0,73.8,63.4,57.4,10.02,8.81,8.04,7.04,6.77,,-14.6,-4.1,-14.1,-9.4,-0.348,-0.391,-0.389,-0.398,-0.386,-0.324,-0.374,-0.37,-0.349,-0.256,-1.127,-0.035,-0.425,0.208
상봉1동,471.2,64.7,51.2,49.5,46.0,23.38,13.44,10.95,9.26,8.92,,-86.3,-20.8,-3.3,-7.1,0.449,-0.416,-0.435,-0.428,-0.412,1.561,0.353,0.087,0.016,0.123,-2.58,-1.292,0.595,0.431
상봉2동,522.5,445.3,468.3,471.6,401.1,24.34,19.28,17.9,16.7,14.52,,-14.8,5.2,0.7,-14.9,0.557,0.366,0.4,0.47,0.403,1.696,1.27,1.178,1.242,1.111,-1.135,0.665,0.973,-0.325
상암동,382.2,386.7,401.9,392.2,321.5,14.46,13.65,12.75,11.77,10.19,,1.2,3.9,-2.4,-18.0,0.263,0.246,0.267,0.301,0.221,0.303,0.386,0.37,0.43,0.347,-0.466,0.567,0.68,-0.625
상일동,40.1,52.1,41.3,38.1,31.3,6.08,6.54,6.1,5.46,3.98,,29.8,-20.7,-7.8,-17.8,-0.453,-0.442,-0.454,-0.452,-0.446,-0.879,-0.731,-0.674,-0.61,-0.748,0.731,-1.285,0.17,-0.606
서강동,365.1,362.9,433.8,444.1,401.6,30.44,28.5,30.73,29.69,28.13,,-0.6,19.5,2.4,-9.5,0.227,0.197,0.331,0.412,0.404,2.557,2.717,3.192,3.381,3.513,-0.541,1.741,1.134,0.199
서교동,4037.7,4474.0,5178.0,5075.1,4972.5,40.95,38.67,37.65,35.33,34.21,,10.8,15.7,-2.0,-2.0,7.918,8.648,9.827,10.264,10.898,4.039,4.314,4.279,4.31,4.586,-0.064,1.455,0.718,0.926
서림동,125.9,115.9,101.6,80.3,65.4,20.21,17.57,15.68,13.37,11.43,,-7.9,-12.3,-20.9,-18.6,-0.274,-0.311,-0.334,-0.362,-0.367,1.114,1.001,0.83,0.693,0.566,-0.846,-0.652,-1.067,-0.684
서빙고동,5.0,8.8,10.3,7.5,6.0,3.3,4.12,5.8,4.91,4.52,,75.2,16.5,-27.3,-20.4,-0.527,-0.531,-0.517,-0.517,-0.504,-1.272,-1.111,-0.721,-0.7,-0.653,2.63,1.516,-1.672,-0.858
서원동,722.9,687.1,850.8,760.4,651.6,39.34,35.18,34.8,31.24,27.88,,-5.0,23.8,-10.6,-14.3,0.977,0.863,1.166,1.085,0.978,3.812,3.766,3.831,3.636,3.469,-0.725,2.065,-0.094,-0.267
서초1동,260.3,242.2,236.1,205.5,191.7,11.08,9.4,8.67,7.4,6.84,,-7.0,-2.5,-12.9,-6.7,0.008,-0.051,-0.065,-0.096,-0.077,-0.174,-0.282,-0.271,-0.29,-0.244,-0.809,0.085,-0.312,0.47
서초2동,477.2,636.7,694.6,623.5,529.8,13.27,13.11,12.78,11.27,9.81,,33.4,9.1,-10.2,-15.0,0.462,0.759,0.853,0.793,0.699,0.135,0.301,0.374,0.347,0.28,0.881,0.959,-0.057,-0.335
서초3동,585.0,608.1,606.3,560.1,486.8,10.22,8.88,8.0,7.04,6.23,,3.9,-0.3,-7.6,-13.1,0.688,0.701,0.676,0.658,0.6,-0.295,-0.363,-0.376,-0.349,-0.351,-0.353,0.251,0.189,-0.15
서초4동,1496.0,1540.0,1722.4,1598.7,1437.9,25.86,21.92,22.51,19.65,18.4,,2.9,11.8,-7.2,-10.1,2.595,2.616,2.91,2.868,2.783,1.911,1.684,1.902,1.728,1.796,-0.395,1.162,0.227,0.141
석관동,138.4,156.1,162.6,149.8,146.1,11.72,10.8,10.45,9.08,8.69,,12.7,4.2,-7.9,-2.5,-0.247,-0.228,-0.212,-0.215,-0.182,-0.084,-0.062,0.009,-0.013,0.083,0.015,0.59,0.161,0.877
석촌동,325.8,361.2,319.7,303.3,269.4,10.56,10.69,9.62,8.65,7.31,,10.9,-11.5,-5.1,-11.2,0.145,0.193,0.103,0.112,0.101,-0.247,-0.079,-0.122,-0.084,-0.161,-0.06,-0.592,0.425,0.034
성내1동,117.6,135.4,109.6,102.8,94.3,7.58,7.39,6.47,5.44,5.21,,15.2,-19.0,-6.3,-8.3,-0.291,-0.271,-0.318,-0.315,-0.301,-0.668,-0.597,-0.616,-0.613,-0.531,0.12,-1.157,0.312,0.315
성내2동,210.2,223.5,233.9,225.0,203.8,15.35,12.79,12.89,11.89,9.69,,6.3,4.7,-3.8,-9.4,-0.097,-0.09,-0.069,-0.055,-0.05,0.428,0.251,0.392,0.449,0.259,-0.252,0.627,0.548,0.208
성내3동,228.8,223.2,206.7,199.3,171.8,9.81,7.95,7.12,6.87,6.0,,-2.4,-7.4,-3.6,-13.8,-0.058,-0.091,-0.123,-0.109,-0.123,-0.353,-0.509,-0.514,-0.377,-0.392,-0.616,-0.283,0.567,-0.218
성북동,61.1,84.3,75.4,65.3,64.6,9.5,8.2,7.39,6.21,5.75,,38.0,-10.6,-13.4,-1.1,-0.409,-0.376,-0.386,-0.394,-0.369,-0.397,-0.47,-0.472,-0.486,-0.436,1.074,-0.524,-0.359,1.013
성산1동,116.6,108.1,131.1,148.4,123.7,9.63,8.72,8.53,8.66,9.43,,-7.3,21.3,13.2,-16.6,-0.293,-0.327,-0.275,-0.218,-0.234,-0.379,-0.389,-0.293,-0.083,0.213,-0.821,1.877,2.154,-0.49
성산2동,182.1,140.6,136.0,126.8,113.5,13.43,10.71,10.97,9.52,8.49,,-22.8,-3.2,-6.8,-10.5,-0.156,-0.26,-0.265,-0.263,-0.257,0.157,-0.076,0.09,0.059,0.048,-1.47,0.033,0.265,0.102
성수1가1동,87.8,106.7,98.8,92.4,83.5,10.43,11.46,10.19,11.06,10.18,,21.6,-7.4,-6.5,-9.6,-0.353,-0.33,-0.339,-0.337,-0.326,-0.266,0.042,-0.032,0.313,0.346,0.388,-0.283,0.293,0.189
성수1가2동,226.8,321.6,370.6,334.8,323.9,12.82,14.09,15.69,13.22,12.84,,41.8,15.3,-9.7,-3.3,-0.062,0.112,0.205,0.179,0.226,0.071,0.455,0.831,0.669,0.815,1.233,1.425,-0.009,0.8
성수2가1동,320.4,318.6,723.6,797.7,604.0,14.84,14.4,21.78,23.94,18.77,,-0.6,127.1,10.2,-24.3,0.134,0.106,0.911,1.164,0.869,0.356,0.503,1.787,2.434,1.861,-0.541,2.828,1.87,-1.236
성수2가3동,612.2,639.1,824.4,819.3,850.2,17.09,15.8,17.17,17.36,17.63,,4.4,29.0,-0.6,3.8,0.745,0.764,1.113,1.21,1.434,0.674,0.723,1.063,1.35,1.66,-0.332,2.457,0.85,1.488
성현동,33.1,53.3,39.2,31.4,20.7,10.72,4.9,4.71,7.58,4.93,,61.2,-26.5,-19.8,-34.1,-0.468,-0.44,-0.459,-0.466,-0.47,-0.225,-0.988,-0.893,-0.26,-0.581,2.044,-1.721,-0.963,-2.186
세곡동,72.8,86.3,81.9,79.2,76.0,7.37,7.42,6.48,5.63,5.07,,18.5,-5.1,-3.3,-4.1,-0.385,-0.372,-0.373,-0.365,-0.343,-0.697,-0.593,-0.615,-0.582,-0.556,0.258,-0.11,0.595,0.722
소공동,328.8,423.7,441.1,413.4,357.8,11.2,9.33,9.15,7.55,5.8,,28.9,4.1,-6.3,-13.4,0.151,0.322,0.346,0.346,0.304,-0.157,-0.293,-0.196,-0.265,-0.427,0.693,0.582,0.312,-0.179
송정동,22.5,42.7,38.5,28.6,23.5,11.78,14.11,12.86,10.25,8.1,,90.0,-10.0,-25.5,-17.8,-0.49,-0.462,-0.46,-0.472,-0.464,-0.075,0.458,0.387,0.179,-0.021,3.196,-0.479,-1.502,-0.606
송중동,508.3,502.7,469.0,406.6,364.7,17.38,15.28,15.34,13.34,11.51,,-1.1,-6.7,-13.3,-10.3,0.527,0.484,0.402,0.332,0.32,0.715,0.641,0.776,0.688,0.58,-0.562,-0.231,-0.349,0.121
송천동,136.6,153.8,123.0,102.5,96.4,9.9,9.35,7.35,6.08,5.65,,12.6,-20.0,-16.7,-5.9,-0.251,-0.233,-0.291,-0.315,-0.296,-0.341,-0.29,-0.478,-0.507,-0.454,0.011,-1.232,-0.67,0.548
송파1동,312.9,374.8,376.5,353.1,345.2,13.52,14.21,14.01,13.1,12.64,,19.8,0.5,-6.2,-2.2,0.118,0.221,0.216,0.218,0.275,0.17,0.473,0.567,0.649,0.78,0.312,0.311,0.321,0.907
송파2동,65.3,70.2,69.9,58.3,52.7,7.75,5.75,5.75,5.5,5.1,,7.6,-0.5,-16.6,-9.6,-0.4,-0.405,-0.397,-0.409,-0.397,-0.644,-0.855,-0.729,-0.603,-0.551,-0.198,0.236,-0.661,0.189
수궁동,37.7,45.3,41.0,36.8,29.8,10.01,8.22,7.55,6.7,5.76,,20.2,-9.5,-10.3,-19.1,-0.458,-0.456,-0.455,-0.455,-0.449,-0.325,-0.467,-0.447,-0.405,-0.434,0.329,-0.442,-0.066,-0.732
수색동,7.9,7.4,7.4,6.0,6.5,6.11,4.67,4.02,2.66,2.68,,-6.2,0.0,-18.7,7.8,-0.521,-0.534,-0.522,-0.52,-0.503,-0.875,-1.024,-1.001,-1.071,-0.978,-0.775,0.274,-0.859,1.876
수서동,223.5,190.1,201.4,191.4,155.1,10.52,8.85,8.4,7.96,6.88,,-14.9,5.9,-5.0,-19.0,-0.069,-0.159,-0.134,-0.126,-0.161,-0.253,-0.368,-0.313,-0.198,-0.237,-1.139,0.718,0.435,-0.722
수유1동,95.5,127.6,116.5,105.0,79.2,6.58,6.03,5.33,4.73,3.42,,33.5,-8.7,-9.9,-24.6,-0.337,-0.287,-0.304,-0.31,-0.336,-0.809,-0.811,-0.795,-0.73,-0.847,0.885,-0.381,-0.028,-1.265
수유2동,79.2,74.9,67.1,63.5,50.3,9.99,8.54,7.05,6.5,4.94,,-5.4,-10.4,-5.4,-20.8,-0.371,-0.395,-0.403,-0.398,-0.402,-0.328,-0.417,-0.525,-0.438,-0.579,-0.742,-0.509,0.397,-0.897
수유3동,486.5,663.8,699.6,665.6,555.2,20.86,21.6,20.61,18.53,15.25,,36.4,5.4,-4.9,-16.6,0.482,0.815,0.863,0.883,0.757,1.205,1.634,1.604,1.543,1.24,1.007,0.68,0.444,-0.49
숭인1동,22.5,14.7,13.9,11.8,9.9,14.47,10.08,9.78,8.53,6.59,,-34.9,-5.5,-14.8,-15.9,-0.49,-0.519,-0.509,-0.508,-0.495,0.304,-0.175,-0.097,-0.104,-0.288,-1.976,-0.14,-0.491,-0.422
숭인2동,133.8,138.9,154.1,133.6,112.6,15.68,12.51,13.39,10.69,9.41,,3.8,11.0,-13.3,-15.7,-0.257,-0.264,-0.229,-0.249,-0.259,0.475,0.207,0.47,0.252,0.21,-0.357,1.102,-0.349,-0.402
시흥1동,281.5,253.0,247.0,195.6,166.0,10.18,7.54,7.09,5.37,4.84,,-10.1,-2.4,-20.8,-15.1,0.052,-0.029,-0.043,-0.117,-0.136,-0.301,-0.574,-0.519,-0.624,-0.597,-0.939,0.093,-1.058,-0.344
시흥2동,8.6,7.8,7.2,5.9,6.8,3.92,4.95,4.42,3.28,3.49,,-9.1,-7.5,-17.9,14.8,-0.519,-0.533,-0.523,-0.521,-0.502,-1.184,-0.98,-0.938,-0.969,-0.835,-0.897,-0.291,-0.784,2.555
시흥3동,32.3,32.3,30.0,26.5,21.4,6.8,5.87,5.44,5.54,4.88,,0.1,-7.1,-11.7,-19.2,-0.47,-0.483,-0.477,-0.477,-0.468,-0.778,-0.836,-0.778,-0.596,-0.589,-0.512,-0.261,-0.198,-0.742
시흥4동,35.2,46.5,43.6,35.1,28.9,8.97,8.85,8.29,7.01,5.64,,32.2,-6.1,-19.6,-17.5,-0.463,-0.454,-0.45,-0.459,-0.451,-0.472,-0.368,-0.331,-0.354,-0.455,0.831,-0.186,-0.944,-0.577
시흥5동,80.2,89.5,88.2,77.9,58.9,8.7,8.1,7.31,6.45,5.37,,11.6,-1.4,-11.8,-24.3,-0.369,-0.365,-0.361,-0.368,-0.382,-0.51,-0.486,-0.484,-0.447,-0.503,-0.031,0.168,-0.208,-1.236
신길1동,93.5,122.1,115.6,108.8,95.4,8.37,8.99,8.4,8.23,7.55,,30.5,-5.3,-5.9,-12.3,-0.341,-0.298,-0.306,-0.302,-0.298,-0.556,-0.346,-0.313,-0.153,-0.118,0.76,-0.125,0.35,-0.073
신길3동,48.2,53.1,49.7,40.6,37.7,8.56,6.32,5.84,4.83,4.57,,10.2,-6.4,-18.3,-7.1,-0.436,-0.44,-0.438,-0.447,-0.431,-0.53,-0.765,-0.715,-0.713,-0.644,-0.089,-0.208,-0.822,0.431
신길4동,10.1,20.5,20.6,17.2,18.9,8.53,7.13,6.99,5.94,5.71,,103.1,0.6,-16.5,9.7,-0.516,-0.507,-0.496,-0.497,-0.474,-0.534,-0.638,-0.535,-0.531,-0.443,3.196,0.319,-0.652,2.06
신길5동,13.0,23.2,16.9,16.4,12.6,4.99,5.42,3.66,3.02,2.61,,78.9,-27.1,-3.3,-23.2,-0.51,-0.502,-0.503,-0.498,-0.489,-1.033,-0.907,-1.057,-1.011,-0.99,2.785,-1.766,0.595,-1.13
신길6동,101.2,148.3,132.2,110.8,94.7,9.09,10.67,9.41,7.73,6.91,,46.6,-10.9,-16.2,-14.6,-0.325,-0.245,-0.273,-0.298,-0.3,-0.455,-0.082,-0.155,-0.236,-0.231,1.433,-0.547,-0.623,-0.296
신길7동,47.7,64.5,45.5,36.5,27.4,16.33,14.25,10.95,9.87,7.71,,35.2,-29.6,-19.7,-25.0,-0.437,-0.417,-0.446,-0.456,-0.455,0.566,0.48,0.087,0.117,-0.09,0.957,-1.955,-0.954,-1.304
신내1동,182.8,122.6,115.9,95.3,76.4,8.64,8.59,8.0,6.3,5.25,,-32.9,-5.4,-17.8,-19.8,-0.154,-0.297,-0.305,-0.331,-0.342,-0.518,-0.409,-0.376,-0.471,-0.524,-1.892,-0.133,-0.774,-0.8
신내2동,90.5,75.7,77.5,71.9,66.2,9.9,7.52,6.51,5.91,5.01,,-16.3,2.3,-7.1,-8.0,-0.348,-0.394,-0.382,-0.38,-0.366,-0.341,-0.577,-0.61,-0.535,-0.567,-1.198,0.447,0.236,0.344
신당5동,94.4,97.8,114.8,110.1,103.7,13.02,10.47,10.75,9.79,9.16,,3.6,17.4,-4.1,-5.8,-0.34,-0.348,-0.307,-0.299,-0.279,0.1,-0.114,0.056,0.104,0.166,-0.365,1.583,0.52,0.558
신당동,239.3,247.2,263.2,251.0,273.8,11.54,9.88,9.75,8.69,9.42,,3.3,6.5,-4.7,9.1,-0.036,-0.041,-0.01,0.001,0.111,-0.109,-0.206,-0.101,-0.078,0.212,-0.378,0.763,0.463,2.002
신대방1동,95.3,69.2,72.0,90.1,89.2,15.4,11.46,11.63,13.11,11.83,,-27.3,4.0,25.1,-0.9,-0.338,-0.407,-0.393,-0.342,-0.313,0.435,0.042,0.194,0.65,0.637,-1.658,0.575,3.278,1.033
신대방2동,165.6,190.5,199.6,173.6,151.3,14.88,13.1,12.1,10.57,9.61,,15.1,4.8,-13.0,-12.9,-0.19,-0.158,-0.138,-0.164,-0.17,0.362,0.299,0.268,0.232,0.245,0.116,0.635,-0.321,-0.131
신도림동,130.6,135.0,125.7,109.2,121.9,10.8,10.57,9.45,8.37,9.19,,3.3,-6.9,-13.1,11.7,-0.264,-0.272,-0.286,-0.301,-0.238,-0.214,-0.098,-0.148,-0.13,0.171,-0.378,-0.246,-0.33,2.254
신림동,620.6,767.8,819.0,697.5,562.6,31.2,29.16,27.58,24.23,20.87,,23.7,6.7,-14.8,-19.3,0.762,1.029,1.102,0.951,0.774,2.664,2.821,2.698,2.482,2.232,0.475,0.778,-0.491,-0.751
신사1동,82.8,92.3,88.3,87.6,77.2,10.87,10.55,9.64,8.9,8.24,,11.4,-4.3,-0.8,-11.9,-0.364,-0.36,-0.36,-0.347,-0.34,-0.204,-0.101,-0.119,-0.043,0.003,-0.039,-0.05,0.831,-0.034
신사2동,22.9,35.8,28.2,20.5,19.6,6.26,7.57,6.48,4.5,4.43,,56.6,-21.3,-27.1,-4.5,-0.489,-0.476,-0.481,-0.49,-0.473,-0.854,-0.569,-0.615,-0.768,-0.669,1.852,-1.33,-1.653,0.684
신사동,2840.6,2504.2,2431.4,2087.4,1799.0,25.43,21.4,19.71,17.12,15.28,,-11.8,-2.9,-14.1,-13.8,5.411,4.598,4.329,3.908,3.612,1.85,1.602,1.462,1.311,1.246,-1.01,0.055,-0.425,-0.218
신수동,68.5,51.8,46.1,42.5,36.1,9.61,6.23,6.1,6.18,5.64,,-24.3,-11.1,-7.8,-15.1,-0.394,-0.443,-0.445,-0.443,-0.435,-0.381,-0.78,-0.674,-0.491,-0.455,-1.533,-0.562,0.17,-0.344
신원동,71.3,86.9,79.9,71.6,57.8,12.62,11.51,10.08,8.76,6.98,,21.9,-8.1,-10.4,-19.2,-0.388,-0.371,-0.377,-0.381,-0.385,0.043,0.05,-0.05,-0.066,-0.219,0.4,-0.336,-0.075,-0.742
신월1동,80.5,88.7,80.3,62.6,50.6,8.47,6.75,6.31,4.73,4.04,,10.3,-9.5,-22.0,-19.1,-0.369,-0.367,-0.376,-0.4,-0.401,-0.542,-0.698,-0.641,-0.73,-0.738,-0.085,-0.442,-1.171,-0.732
신월2동,33.8,35.9,29.3,21.4,16.4,5.22,5.2,4.48,3.39,2.68,,6.0,-18.4,-26.8,-23.5,-0.466,-0.476,-0.478,-0.488,-0.48,-1.001,-0.941,-0.929,-0.95,-0.978,-0.265,-1.112,-1.624,-1.159
신월3동,29.9,43.0,34.6,27.5,19.1,11.71,10.16,8.18,6.05,4.53,,43.6,-19.4,-20.7,-30.6,-0.475,-0.461,-0.468,-0.475,-0.474,-0.085,-0.162,-0.348,-0.512,-0.651,1.308,-1.187,-1.048,-1.847
신월4동,44.9,49.5,49.8,44.3,38.2,9.11,7.86,7.18,6.08,5.23,,10.2,0.6,-11.0,-13.8,-0.443,-0.448,-0.437,-0.439,-0.43,-0.452,-0.524,-0.505,-0.507,-0.528,-0.089,0.319,-0.132,-0.218
신월5동,40.7,51.0,46.6,37.6,33.3,12.27,8.63,7.07,5.63,5.26,,25.3,-8.7,-19.3,-11.5,-0.452,-0.445,-0.444,-0.453,-0.441,-0.006,-0.403,-0.522,-0.582,-0.522,0.542,-0.381,-0.916,0.005
신월6동,22.8,35.4,37.2,39.3,31.7,5.68,5.63,5.18,4.9,3.84,,55.0,5.2,5.6,-19.3,-0.489,-0.477,-0.463,-0.45,-0.445,-0.936,-0.874,-0.819,-0.702,-0.773,1.785,0.665,1.436,-0.751
신월7동,55.5,48.7,48.0,38.1,30.5,9.81,7.97,7.35,5.9,4.86,,-12.1,-1.4,-20.6,-20.0,-0.421,-0.449,-0.441,-0.452,-0.447,-0.353,-0.506,-0.478,-0.537,-0.593,-1.022,0.168,-1.039,-0.819
신정1동,90.2,86.5,86.1,83.0,72.9,8.35,6.97,6.5,5.87,5.3,,-4.1,-0.5,-3.5,-12.3,-0.348,-0.372,-0.365,-0.357,-0.35,-0.559,-0.663,-0.612,-0.542,-0.515,-0.688,0.236,0.576,-0.073
신정2동,42.2,56.5,51.6,50.0,50.3,4.8,4.89,4.09,3.68,3.88,,33.8,-8.6,-3.1,0.7,-0.449,-0.433,-0.434,-0.427,-0.402,-1.06,-0.99,-0.99,-0.903,-0.766,0.898,-0.374,0.614,1.188
신정3동,92.7,135.4,133.5,113.0,101.6,9.14,9.68,9.46,7.66,6.48,,46.0,-1.4,-15.4,-10.0,-0.343,-0.271,-0.27,-0.293,-0.284,-0.448,-0.238,-0.147,-0.247,-0.307,1.408,0.168,-0.548,0.15
신정4동,288.7,343.0,326.0,297.2,253.1,10.89,11.19,10.15,8.82,7.66,,18.8,-5.0,-8.9,-14.8,0.067,0.156,0.115,0.099,0.064,-0.201,-0.001,-0.039,-0.056,-0.099,0.27,-0.103,0.066,-0.315
신정6동,25.4,9.2,7.7,5.3,4.5,8.02,2.44,1.99,1.38,1.19,,-63.7,-16.7,-30.3,-15.7,-0.484,-0.53,-0.522,-0.522,-0.507,-0.606,-1.375,-1.32,-1.282,-1.241,-2.58,-0.984,-1.955,-0.402
신정7동,52.3,89.5,86.0,67.0,65.1,6.37,6.92,6.27,4.25,3.84,,71.1,-3.9,-22.2,-2.8,-0.428,-0.365,-0.365,-0.391,-0.368,-0.839,-0.671,-0.648,-0.809,-0.773,2.458,-0.02,-1.19,0.848
신촌동,1604.9,1408.3,1660.8,1720.5,1515.6,40.86,33.21,33.15,32.03,29.39,,-12.2,17.9,3.6,-11.9,2.823,2.346,2.787,3.127,2.962,4.027,3.457,3.572,3.767,3.735,-1.026,1.621,1.247,-0.034
쌍문1동,47.9,56.3,55.2,51.5,43.8,11.24,10.27,10.46,9.88,8.65,,17.7,-2.1,-6.6,-15.0,-0.437,-0.434,-0.427,-0.424,-0.417,-0.152,-0.145,0.01,0.118,0.076,0.224,0.115,0.283,-0.335
쌍문2동,98.2,92.0,86.6,63.9,66.2,10.67,8.4,7.61,5.57,6.17,,-6.3,-5.8,-26.2,3.5,-0.332,-0.36,-0.364,-0.397,-0.366,-0.232,-0.439,-0.437,-0.591,-0.362,-0.78,-0.163,-1.568,1.459
쌍문3동,85.6,107.4,103.0,109.7,84.1,10.51,8.9,7.82,8.27,6.77,,25.4,-4.0,6.5,-23.4,-0.358,-0.329,-0.331,-0.3,-0.324,-0.255,-0.36,-0.404,-0.147,-0.256,0.547,-0.028,1.521,-1.149
쌍문4동,26.4,32.6,27.7,23.3,19.8,6.85,6.58,5.37,4.0,3.46,,23.8,-15.2,-15.6,-15.1,-0.482,-0.482,-0.482,-0.484,-0.472,-0.771,-0.725,-0.789,-0.85,-0.84,0.48,-0.871,-0.567,-0.344
아현동,101.8,110.1,129.9,133.3,106.1,10.3,9.74,9.65,8.42,6.9,,8.2,18.0,2.7,-20.5,-0.324,-0.323,-0.277,-0.25,-0.274,-0.284,-0.228,-0.117,-0.122,-0.233,-0.173,1.629,1.162,-0.868
안암동,402.4,402.4,519.4,514.1,468.8,35.16,32.63,33.69,31.14,29.3,,0.0,29.1,-1.0,-8.8,0.305,0.278,0.502,0.56,0.559,3.223,3.366,3.657,3.62,3.719,-0.516,2.464,0.812,0.267
암사1동,96.3,109.7,91.4,84.8,78.6,7.88,7.96,6.38,5.88,5.32,,13.9,-16.7,-7.2,-7.4,-0.336,-0.324,-0.354,-0.353,-0.337,-0.626,-0.508,-0.63,-0.54,-0.512,0.065,-0.984,0.227,0.402
암사2동,88.7,89.8,88.1,80.6,77.3,11.89,10.15,9.19,8.06,7.93,,1.2,-1.9,-8.4,-4.1,-0.351,-0.365,-0.361,-0.362,-0.34,-0.06,-0.164,-0.189,-0.181,-0.051,-0.466,0.131,0.113,0.722
암사3동,29.2,30.3,24.8,23.3,20.0,5.63,5.49,4.28,3.54,2.68,,3.5,-17.9,-6.0,-14.2,-0.476,-0.487,-0.488,-0.484,-0.472,-0.943,-0.896,-0.96,-0.926,-0.978,-0.37,-1.074,0.34,-0.257
압구정동,1841.0,2360.9,2385.4,2052.7,1827.7,17.93,16.82,16.66,14.34,12.98,,28.2,1.0,-13.9,-11.0,3.318,4.304,4.237,3.834,3.678,0.792,0.883,0.983,0.853,0.84,0.664,0.349,-0.406,0.053
약수동,100.0,105.2,100.8,98.9,85.4,7.4,10.15,10.52,9.58,8.1,,5.3,-4.2,-2.0,-13.6,-0.328,-0.333,-0.335,-0.323,-0.321,-0.693,-0.164,0.02,0.069,-0.021,-0.294,-0.043,0.718,-0.199
양재1동,324.1,375.2,344.4,296.5,259.8,9.27,9.18,7.85,6.0,5.23,,15.8,-8.2,-13.9,-12.4,0.141,0.222,0.152,0.098,0.079,-0.429,-0.316,-0.4,-0.521,-0.528,0.145,-0.344,-0.406,-0.082
양재2동,437.4,430.4,409.5,387.9,324.4,9.68,8.35,7.43,6.95,5.86,,-1.6,-4.8,-5.3,-16.4,0.379,0.335,0.282,0.292,0.227,-0.372,-0.447,-0.466,-0.364,-0.417,-0.583,-0.088,0.406,-0.47
양평1동,91.7,93.3,105.7,95.9,80.8,8.52,9.08,9.66,8.46,6.95,,1.8,13.2,-9.3,-15.7,-0.345,-0.358,-0.326,-0.329,-0.332,-0.535,-0.332,-0.115,-0.115,-0.224,-0.441,1.267,0.028,-0.402
양평2동,128.3,147.0,132.7,123.8,117.6,4.62,5.07,4.53,4.81,6.26,,14.6,-9.7,-6.7,-5.1,-0.269,-0.247,-0.272,-0.27,-0.248,-1.085,-0.962,-0.921,-0.717,-0.346,0.095,-0.457,0.274,0.625
여의동,1069.0,1244.8,1401.3,1305.6,1157.5,11.25,11.19,10.8,9.42,8.26,,16.4,12.6,-6.8,-11.3,1.701,2.009,2.268,2.244,2.14,-0.15,-0.001,0.063,0.043,0.007,0.17,1.222,0.265,0.024
역삼1동,3935.3,4034.8,4217.0,4034.5,3604.9,23.15,20.64,19.96,18.64,17.18,,2.5,4.5,-4.3,-10.6,7.703,7.745,7.903,8.05,7.758,1.528,1.483,1.501,1.561,1.581,-0.411,0.612,0.501,0.092
역삼2동,420.9,455.4,406.9,363.2,305.8,11.98,11.12,10.27,9.04,8.01,,8.2,-10.7,-10.7,-15.8,0.344,0.387,0.277,0.239,0.185,-0.047,-0.012,-0.02,-0.02,-0.037,-0.173,-0.532,-0.104,-0.412
역촌동,158.4,164.7,150.3,136.1,119.5,11.45,10.46,9.74,8.76,7.99,,4.0,-8.8,-9.5,-12.2,-0.206,-0.211,-0.236,-0.244,-0.243,-0.122,-0.115,-0.103,-0.066,-0.041,-0.349,-0.389,0.01,-0.063
연남동,422.0,568.0,598.8,551.9,520.8,35.46,37.64,35.88,36.43,34.84,,34.6,5.4,-7.8,-5.6,0.346,0.618,0.661,0.641,0.678,3.265,4.152,4.001,4.491,4.697,0.931,0.68,0.17,0.577
연희동,287.1,323.6,345.6,318.5,295.5,13.52,13.83,13.86,12.24,11.83,,12.7,6.8,-7.8,-7.2,0.064,0.116,0.155,0.144,0.161,0.17,0.414,0.544,0.507,0.637,0.015,0.785,0.17,0.422
염리동,77.9,86.0,93.9,88.2,78.9,15.14,13.37,12.43,11.15,9.96,,10.4,9.3,-6.2,-10.5,-0.374,-0.373,-0.349,-0.346,-0.336,0.399,0.342,0.319,0.328,0.307,-0.081,0.974,0.321,0.102
염창동,174.9,199.0,180.9,170.2,145.1,8.83,9.46,8.38,7.76,6.31,,13.8,-9.1,-6.0,-14.8,-0.171,-0.14,-0.175,-0.171,-0.184,-0.492,-0.272,-0.316,-0.231,-0.337,0.061,-0.411,0.34,-0.315
영등포동,1727.7,1662.5,1735.4,1572.1,1395.8,18.4,16.98,15.23,14.02,12.43,,-3.8,4.4,-9.4,-11.2,3.081,2.868,2.936,2.811,2.687,0.858,0.908,0.759,0.8,0.743,-0.675,0.605,0.019,0.034
영등포본동,209.4,309.6,288.0,496.8,403.5,19.49,17.14,15.83,19.32,16.08,,47.9,-7.0,72.5,-18.8,-0.099,0.087,0.039,0.524,0.409,1.012,0.934,0.853,1.673,1.387,1.488,-0.253,3.462,-0.703
오금동,145.1,159.4,178.7,166.5,129.6,5.42,5.4,5.71,5.09,4.38,,9.9,12.1,-6.8,-22.2,-0.233,-0.222,-0.179,-0.179,-0.22,-0.973,-0.91,-0.736,-0.67,-0.678,-0.102,1.184,0.265,-1.033
오류1동,192.2,227.6,197.0,184.1,168.1,15.19,16.19,14.16,12.85,11.84,,18.4,-13.4,-6.5,-8.7,-0.135,-0.082,-0.143,-0.142,-0.132,0.406,0.784,0.591,0.608,0.639,0.254,-0.735,0.293,0.276
오류2동,66.2,70.3,60.5,51.2,42.6,8.7,8.28,7.27,5.83,4.82,,6.2,-13.9,-15.4,-16.8,-0.399,-0.405,-0.416,-0.424,-0.42,-0.51,-0.458,-0.491,-0.549,-0.6,-0.257,-0.773,-0.548,-0.509
오륜동,14.4,15.0,24.7,27.7,24.2,11.27,8.55,11.32,11.73,10.63,,4.3,64.3,12.2,-12.6,-0.507,-0.519,-0.488,-0.474,-0.462,-0.147,-0.415,0.145,0.423,0.425,-0.336,2.828,2.059,-0.102
옥수동,66.9,37.1,33.3,23.7,22.3,10.66,9.91,7.99,5.59,4.98,,-44.6,-10.4,-28.8,-5.9,-0.397,-0.473,-0.47,-0.483,-0.466,-0.233,-0.202,-0.378,-0.588,-0.572,-2.382,-0.509,-1.813,0.548
왕십리2동,67.7,53.4,52.7,52.0,48.1,19.49,12.22,11.31,10.28,9.16,,-21.0,-1.3,-1.5,-7.4,-0.395,-0.44,-0.432,-0.423,-0.407,1.012,0.161,0.144,0.184,0.166,-1.395,0.176,0.765,0.402
왕십리도선동,194.2,187.3,204.9,186.7,191.9,17.64,13.48,13.23,11.01,11.57,,-3.6,9.4,-8.9,2.8,-0.131,-0.164,-0.127,-0.136,-0.077,0.751,0.359,0.445,0.305,0.591,-0.667,0.981,0.066,1.391
용강동,130.9,167.0,161.0,146.5,126.9,6.2,5.75,5.19,4.39,3.57,,27.6,-3.6,-9.0,-13.3,-0.263,-0.206,-0.215,-0.222,-0.226,-0.863,-0.855,-0.817,-0.786,-0.821,0.639,0.003,0.057,-0.17
용답동,189.3,147.8,147.0,132.7,119.3,15.96,13.12,11.54,9.98,8.84,,-21.9,-0.6,-9.7,-10.1,-0.141,-0.246,-0.243,-0.251,-0.244,0.514,0.302,0.18,0.135,0.109,-1.432,0.228,-0.009,0.141
용문동,36.5,56.3,56.9,50.6,44.5,5.61,5.74,5.38,4.68,3.89,,54.1,1.1,-11.1,-12.0,-0.461,-0.434,-0.423,-0.426,-0.415,-0.946,-0.856,-0.787,-0.738,-0.764,1.747,0.356,-0.142,-0.044
용산2가동,89.3,125.4,123.6,109.4,129.9,22.43,23.39,23.41,20.87,23.55,,40.4,-1.5,-11.5,18.7,-0.35,-0.292,-0.29,-0.301,-0.219,1.427,1.915,2.043,1.928,2.705,1.174,0.161,-0.179,2.933
용신동,272.1,288.4,267.3,229.1,208.7,8.43,7.72,6.87,5.51,4.6,,6.0,-7.3,-14.3,-8.9,0.033,0.043,-0.002,-0.046,-0.038,-0.548,-0.546,-0.553,-0.601,-0.639,-0.265,-0.276,-0.444,0.257
우이동,57.2,90.2,78.7,70.4,59.4,7.81,8.25,6.71,5.71,4.77,,57.5,-12.7,-10.6,-15.6,-0.417,-0.364,-0.38,-0.383,-0.381,-0.635,-0.462,-0.579,-0.568,-0.609,1.889,-0.682,-0.094,-0.393
우장산동,114.5,92.3,83.9,70.4,64.0,11.79,8.61,7.31,5.84,5.31,,-19.4,-9.1,-16.1,-9.1,-0.297,-0.36,-0.369,-0.383,-0.371,-0.074,-0.406,-0.484,-0.547,-0.514,-1.328,-0.411,-0.614,0.238
원효로1동,535.1,394.6,325.8,276.3,294.0,7.25,5.71,5.42,5.26,6.29,,-26.3,-17.4,-15.2,6.4,0.583,0.262,0.115,0.055,0.157,-0.714,-0.861,-0.781,-0.643,-0.341,-1.616,-1.036,-0.529,1.74
원효로2동,143.7,91.6,65.0,44.5,44.0,3.25,4.21,3.57,2.18,2.03,,-36.3,-29.0,-31.6,-1.0,-0.236,-0.361,-0.407,-0.439,-0.416,-1.279,-1.097,-1.072,-1.15,-1.092,-2.035,-1.909,-2.078,1.023
월계1동,168.7,137.7,156.6,152.9,125.8,22.3,16.83,16.69,15.58,13.54,,-18.4,13.7,-2.3,-17.8,-0.184,-0.266,-0.224,-0.208,-0.229,1.409,0.885,0.988,1.057,0.939,-1.286,1.305,0.69,-0.606
월계2동,17.3,17.1,17.6,14.2,13.9,9.02,7.29,8.36,7.18,6.74,,-0.8,3.0,-19.8,-1.4,-0.501,-0.514,-0.502,-0.503,-0.486,-0.465,-0.613,-0.32,-0.326,-0.261,-0.549,0.499,-0.963,0.984
월계3동,19.5,27.9,18.0,16.1,14.8,9.52,8.48,5.6,4.93,4.37,,43.1,-35.3,-10.9,-8.1,-0.496,-0.492,-0.501,-0.499,-0.484,-0.394,-0.426,-0.753,-0.697,-0.679,1.287,-2.384,-0.123,0.334
월곡1동,37.4,60.5,52.9,45.6,35.8,7.44,8.95,7.66,6.4,4.78,,61.9,-12.6,-13.6,-21.5,-0.459,-0.425,-0.431,-0.436,-0.435,-0.688,-0.352,-0.429,-0.455,-0.607,2.074,-0.675,-0.378,-0.965
월곡2동,134.4,144.9,154.7,136.6,119.4,15.15,12.06,12.53,11.33,10.57,,7.8,6.8,-11.7,-12.6,-0.256,-0.252,-0.227,-0.243,-0.243,0.4,0.136,0.335,0.357,0.415,-0.19,0.785,-0.198,-0.102
위례동,15.5,28.0,27.3,22.9,19.0,13.52,12.45,9.93,8.21,6.85,,80.5,-2.6,-16.0,-17.2,-0.505,-0.492,-0.482,-0.485,-0.474,0.17,0.197,-0.073,-0.157,-0.242,2.852,0.078,-0.604,-0.548
은천동,181.3,195.6,176.0,159.6,142.0,12.8,12.38,11.19,9.47,9.34,,7.9,-10.0,-9.3,-11.1,-0.158,-0.147,-0.185,-0.194,-0.192,0.068,0.186,0.125,0.051,0.197,-0.186,-0.479,0.028,0.044
을지로동,591.9,764.6,872.3,730.8,658.4,6.43,8.4,8.93,7.95,7.09,,29.2,14.1,-16.2,-9.9,0.702,1.022,1.209,1.022,0.994,-0.83,-0.439,-0.23,-0.199,-0.2,0.706,1.335,-0.623,0.16
응봉동,2.0,5.6,4.5,4.2,4.6,3.64,5.75,4.32,3.78,4.31,,173.0,-19.8,-6.8,11.1,-0.533,-0.538,-0.528,-0.524,-0.507,-1.224,-0.855,-0.954,-0.886,-0.69,3.196,-1.217,0.265,2.196
응암1동,156.3,163.4,169.8,154.0,135.4,10.75,9.96,9.87,8.95,8.11,,4.5,3.9,-9.3,-12.1,-0.21,-0.213,-0.197,-0.206,-0.207,-0.221,-0.194,-0.083,-0.035,-0.02,-0.328,0.567,0.028,-0.053
응암2동,27.0,42.5,26.0,27.6,20.5,7.7,5.4,4.19,3.74,3.03,,57.3,-38.7,5.9,-25.7,-0.481,-0.462,-0.485,-0.475,-0.47,-0.651,-0.91,-0.974,-0.893,-0.916,1.881,-2.64,1.464,-1.372
응암3동,182.7,185.8,181.8,157.1,134.3,11.25,10.29,9.88,8.06,6.82,,1.7,-2.2,-13.6,-14.5,-0.155,-0.167,-0.173,-0.199,-0.209,-0.15,-0.142,-0.081,-0.181,-0.247,-0.445,0.108,-0.378,-0.286
이문1동,269.5,252.5,293.8,299.0,273.5,31.47,27.37,28.89,27.0,25.59,,-6.3,16.4,1.8,-8.5,0.027,-0.03,0.051,0.103,0.11,2.702,2.54,2.903,2.938,3.065,-0.78,1.508,1.077,0.296
이문2동,26.4,25.4,21.4,19.1,18.6,9.99,8.11,6.77,5.62,5.55,,-3.9,-15.7,-10.9,-2.5,-0.482,-0.497,-0.494,-0.493,-0.475,-0.328,-0.484,-0.569,-0.583,-0.471,-0.679,-0.908,-0.123,0.877
이촌1동,70.8,73.1,68.0,58.5,46.9,5.61,5.36,5.09,4.14,3.45,,3.3,-7.0,-13.9,-19.8,-0.389,-0.399,-0.401,-0.409,-0.41,-0.946,-0.916,-0.833,-0.827,-0.842,-0.378,-0.253,-0.406,-0.8
이촌2동,27.1,23.9,13.6,23.1,12.3,12.9,10.83,5.44,7.78,4.94,,-11.8,-43.1,69.4,-46.6,-0.48,-0.5,-0.51,-0.484,-0.489,0.083,-0.057,-0.778,-0.227,-0.579,-1.01,-2.961,3.462,-2.844
이태원1동,695.1,701.1,994.4,679.4,685.4,31.89,29.51,30.06,23.8,22.99,,0.9,41.8,-31.7,0.9,0.918,0.892,1.453,0.912,1.056,2.761,2.876,3.087,2.411,2.606,-0.478,2.828,-2.087,1.207
이태원2동,99.8,143.8,148.3,110.7,105.4,21.98,22.9,21.0,17.09,15.65,,44.1,3.1,-25.4,-4.7,-0.328,-0.254,-0.24,-0.298,-0.276,1.363,1.838,1.665,1.306,1.311,1.329,0.507,-1.492,0.664
이화동,285.3,278.9,314.8,302.1,260.8,26.61,23.22,22.35,20.34,17.78,,-2.2,12.9,-4.0,-13.7,0.06,0.024,0.093,0.109,0.081,2.017,1.888,1.877,1.841,1.687,-0.608,1.245,0.529,-0.208
인수동,58.9,66.9,60.7,46.1,45.5,9.29,8.28,7.26,5.65,5.38,,13.4,-9.2,-24.0,-1.5,-0.414,-0.412,-0.416,-0.435,-0.413,-0.427,-0.458,-0.492,-0.578,-0.501,0.045,-0.419,-1.36,0.974
인헌동,217.8,238.5,233.6,227.6,184.5,18.77,15.66,14.68,13.3,11.3,,9.5,-2.0,-2.6,-19.0,-0.081,-0.059,-0.07,-0.049,-0.094,0.911,0.701,0.673,0.682,0.543,-0.119,0.123,0.661,-0.722
일원1동,122.1,105.8,113.1,111.5,90.3,12.92,10.69,10.69,9.23,7.03,,-13.3,6.9,-1.4,-19.0,-0.282,-0.332,-0.311,-0.296,-0.31,0.085,-0.079,0.046,0.011,-0.21,-1.072,0.793,0.775,-0.722
일원2동,14.0,17.3,13.1,10.9,8.8,14.25,11.38,7.47,6.06,5.23,,23.8,-24.5,-16.7,-19.4,-0.508,-0.514,-0.511,-0.51,-0.497,0.273,0.029,-0.459,-0.511,-0.528,0.48,-1.571,-0.67,-0.761
일원본동,45.6,41.4,38.0,34.8,26.9,12.32,10.21,8.15,7.02,5.95,,-9.1,-8.4,-8.3,-22.7,-0.442,-0.464,-0.461,-0.459,-0.456,0.001,-0.155,-0.353,-0.353,-0.401,-0.897,-0.359,0.123,-1.081
자양1동,151.2,154.9,149.4,143.2,135.9,12.16,10.84,10.08,8.97,8.04,,2.4,-3.5,-4.2,-5.1,-0.221,-0.231,-0.238,-0.229,-0.206,-0.022,-0.056,-0.05,-0.031,-0.032,-0.416,0.01,0.51,0.625
자양2동,66.0,73.3,65.5,58.7,46.1,11.11,9.87,8.58,7.49,6.48,,11.1,-10.7,-10.4,-21.4,-0.399,-0.399,-0.406,-0.408,-0.412,-0.17,-0.208,-0.285,-0.275,-0.307,-0.052,-0.532,-0.075,-0.955
자양3동,468.0,275.0,215.9,299.3,276.8,28.64,18.21,14.01,16.14,15.26,,-41.2,-21.5,38.6,-7.5,0.443,0.016,-0.105,0.104,0.118,2.303,1.102,0.567,1.149,1.242,-2.24,-1.345,3.462,0.393
자양4동,369.4,390.5,429.6,428.3,377.5,27.38,26.55,25.25,23.55,21.04,,5.7,10.0,-0.3,-11.9,0.236,0.253,0.323,0.378,0.349,2.125,2.411,2.332,2.37,2.262,-0.278,1.026,0.879,-0.034
잠실2동,73.2,117.2,147.5,146.4,161.7,5.39,6.25,7.65,6.06,6.17,,60.0,25.9,-0.8,10.5,-0.384,-0.308,-0.242,-0.222,-0.146,-0.977,-0.776,-0.431,-0.511,-0.362,1.994,2.223,0.831,2.138
잠실3동,148.4,220.1,126.6,161.5,250.9,12.22,11.41,9.46,8.47,9.26,,48.3,-42.5,27.6,55.3,-0.226,-0.097,-0.284,-0.19,0.058,-0.013,0.034,-0.147,-0.114,0.183,1.505,-2.926,3.462,3.576
잠실4동,17.2,30.6,26.9,24.1,20.5,5.6,6.97,5.57,4.65,3.97,,77.8,-12.2,-10.3,-14.9,-0.501,-0.486,-0.483,-0.482,-0.47,-0.947,-0.663,-0.758,-0.743,-0.75,2.739,-0.645,-0.066,-0.325
잠실6동,1235.1,1484.4,266.4,1393.4,1952.9,24.24,24.83,14.99,20.55,18.31,,20.2,-82.1,423.1,40.1,2.049,2.502,-0.004,2.431,3.966,1.682,2.141,0.721,1.876,1.78,0.329,-2.961,3.462,3.576
잠실7동,2.6,7.9,7.9,6.9,7.6,1.51,3.2,3.13,3.36,3.98,,207.3,0.8,-13.0,9.7,-0.532,-0.533,-0.521,-0.519,-0.5,-1.524,-1.255,-1.141,-0.955,-0.748,3.196,0.334,-0.321,2.06
잠실본동,781.2,810.0,918.8,871.2,776.8,17.46,14.93,14.88,13.24,12.26,,3.7,13.4,-5.2,-10.8,1.099,1.116,1.302,1.32,1.266,0.726,0.587,0.704,0.672,0.713,-0.361,1.282,0.416,0.073
잠원동,320.0,323.8,335.8,332.2,272.1,13.04,11.8,11.22,10.42,8.42,,1.2,3.7,-1.1,-18.1,0.133,0.116,0.135,0.174,0.107,0.102,0.095,0.129,0.207,0.035,-0.466,0.552,0.803,-0.635
장안1동,281.2,333.2,306.3,271.4,229.6,6.54,6.63,5.7,4.33,3.55,,18.5,-8.1,-11.4,-15.4,0.052,0.136,0.076,0.044,0.01,-0.815,-0.717,-0.737,-0.796,-0.824,0.258,-0.336,-0.17,-0.373
장안2동,206.7,239.2,201.4,187.7,171.8,6.97,6.95,5.95,5.2,4.46,,15.7,-15.8,-6.8,-8.5,-0.104,-0.058,-0.134,-0.134,-0.123,-0.754,-0.666,-0.698,-0.652,-0.664,0.141,-0.916,0.265,0.296
장위1동,33.6,43.2,40.7,41.0,34.3,9.95,10.43,8.9,8.26,7.56,,28.7,-5.8,0.7,-16.2,-0.467,-0.461,-0.456,-0.446,-0.439,-0.334,-0.12,-0.235,-0.148,-0.117,0.685,-0.163,0.973,-0.451
장위2동,30.2,32.1,32.3,28.5,25.0,6.53,6.24,6.01,5.26,4.51,,6.3,0.8,-12.0,-12.1,-0.474,-0.483,-0.472,-0.473,-0.46,-0.816,-0.778,-0.689,-0.643,-0.655,-0.252,0.334,-0.227,-0.053
장위3동,16.3,23.2,21.2,15.5,9.4,5.84,6.3,7.13,5.74,2.59,,42.8,-8.7,-26.9,-39.1,-0.503,-0.502,-0.495,-0.5,-0.496,-0.913,-0.769,-0.513,-0.563,-0.994,1.274,-0.381,-1.634,-2.671
장지동,79.8,83.9,76.7,66.4,53.9,7.94,6.97,5.9,4.85,4.06,,5.1,-8.6,-13.4,-18.9,-0.37,-0.377,-0.384,-0.392,-0.394,-0.617,-0.663,-0.706,-0.71,-0.734,-0.303,-0.374,-0.359,-0.713
장충동,60.8,73.5,83.0,80.6,72.0,9.8,8.45,8.6,8.25,8.25,,20.8,13.0,-2.9,-10.7,-0.41,-0.398,-0.371,-0.362,-0.352,-0.355,-0.431,-0.282,-0.15,0.005,0.354,1.252,0.633,0.082
전농1동,221.6,264.6,214.9,247.1,221.5,20.4,14.17,16.26,15.42,12.03,,19.4,-18.8,14.9,-10.3,-0.073,-0.005,-0.107,-0.008,-0.009,1.141,0.467,0.921,1.031,0.672,0.296,-1.142,2.314,0.121
전농2동,60.4,55.0,57.7,50.4,43.8,12.94,9.02,8.37,7.64,7.37,,-8.9,4.9,-12.7,-13.1,-0.411,-0.436,-0.422,-0.426,-0.417,0.088,-0.341,-0.318,-0.251,-0.15,-0.888,0.642,-0.293,-0.15
정릉1동,36.1,45.4,49.7,38.2,30.7,9.85,11.54,10.85,8.34,7.09,,25.8,9.4,-23.1,-19.7,-0.462,-0.456,-0.438,-0.452,-0.447,-0.348,0.054,0.071,-0.135,-0.2,0.563,0.981,-1.275,-0.79
정릉2동,44.8,59.9,45.3,55.8,37.2,10.62,11.16,8.04,9.24,6.32,,33.8,-24.5,23.2,-33.2,-0.443,-0.426,-0.446,-0.415,-0.432,-0.239,-0.005,-0.37,0.013,-0.335,0.898,-1.571,3.098,-2.099
정릉3동,48.2,60.7,68.8,62.4,62.6,16.24,14.98,15.65,13.01,13.32,,25.9,13.4,-9.3,0.3,-0.436,-0.425,-0.399,-0.401,-0.374,0.554,0.594,0.825,0.634,0.9,0.567,1.282,0.028,1.149
정릉4동,67.1,80.1,78.9,68.3,64.3,9.47,9.26,8.76,7.48,7.18,,19.5,-1.5,-13.4,-5.9,-0.397,-0.385,-0.379,-0.388,-0.37,-0.401,-0.304,-0.257,-0.277,-0.184,0.3,0.161,-0.359,0.548
제기동,381.7,600.1,599.6,590.8,535.2,2.38,2.59,2.52,2.17,1.72,,57.2,-0.1,-1.5,-9.4,0.262,0.684,0.663,0.724,0.711,-1.401,-1.351,-1.236,-1.151,-1.147,1.877,0.266,0.765,0.208
조원동,228.4,245.6,222.0,212.6,196.0,12.63,10.26,9.55,8.74,7.98,,7.5,-9.6,-4.3,-7.8,-0.059,-0.045,-0.093,-0.081,-0.068,0.045,-0.147,-0.133,-0.069,-0.042,-0.202,-0.449,0.501,0.364
종로1·2·3·4가동,1900.1,2285.7,2340.9,2186.1,2123.4,12.87,11.71,10.67,9.47,9.23,,20.3,2.4,-6.6,-2.9,3.442,4.149,4.148,4.118,4.357,0.078,0.081,0.043,0.051,0.178,0.333,0.454,0.283,0.839
종로5·6가동,254.2,276.7,321.1,340.7,307.5,7.77,7.09,7.84,7.82,7.18,,8.8,16.1,6.1,-9.7,-0.005,0.019,0.106,0.192,0.188,-0.641,-0.644,-0.401,-0.221,-0.184,-0.148,1.486,1.483,0.179
종암동,129.0,135.0,129.1,116.1,103.5,11.08,9.48,8.4,7.63,6.3,,4.7,-4.3,-10.1,-10.9,-0.267,-0.272,-0.279,-0.286,-0.28,-0.174,-0.269,-0.313,-0.252,-0.339,-0.319,-0.05,-0.047,0.063
중계1동,19.4,17.9,11.9,11.1,10.4,4.82,4.38,2.88,2.38,2.2,,-7.7,-33.3,-7.3,-6.0,-0.497,-0.513,-0.513,-0.51,-0.494,-1.057,-1.07,-1.18,-1.117,-1.062,-0.838,-2.233,0.217,0.538
중계2·3동,336.3,105.4,125.9,129.4,125.6,6.67,5.72,5.83,5.64,5.88,,-68.6,19.4,2.8,-2.9,0.167,-0.333,-0.285,-0.258,-0.229,-0.796,-0.86,-0.717,-0.58,-0.413,-2.58,1.734,1.171,0.839
중계4동,98.9,116.8,108.4,103.8,85.1,9.66,9.2,8.09,5.73,4.87,,18.1,-7.2,-4.2,-18.1,-0.33,-0.309,-0.32,-0.312,-0.322,-0.374,-0.313,-0.362,-0.565,-0.591,0.241,-0.268,0.51,-0.635
중계본동,74.1,88.2,76.2,67.3,61.8,5.56,5.75,4.69,3.91,3.57,,19.1,-13.6,-11.7,-8.2,-0.382,-0.368,-0.385,-0.39,-0.376,-0.953,-0.855,-0.896,-0.865,-0.821,0.283,-0.75,-0.198,0.325
중곡1동,153.2,149.3,168.1,156.4,160.4,9.16,8.25,8.49,7.27,7.21,,-2.5,12.6,-7.0,2.6,-0.216,-0.242,-0.201,-0.201,-0.149,-0.445,-0.462,-0.299,-0.311,-0.178,-0.621,1.222,0.246,1.372
중곡2동,168.9,185.2,161.3,135.1,122.8,11.73,11.54,10.25,8.58,7.8,,9.6,-12.9,-16.2,-9.2,-0.184,-0.169,-0.214,-0.246,-0.236,-0.082,0.054,-0.023,-0.096,-0.074,-0.114,-0.698,-0.623,0.228
중곡3동,81.0,102.2,93.6,72.5,58.9,13.44,12.97,11.26,9.2,7.72,,26.2,-8.3,-22.6,-18.7,-0.368,-0.339,-0.35,-0.379,-0.382,0.159,0.279,0.136,0.006,-0.088,0.58,-0.351,-1.228,-0.693
중곡4동,148.9,155.2,148.1,117.1,106.7,11.95,11.88,10.95,8.02,8.16,,4.2,-4.5,-21.0,-8.8,-0.225,-0.23,-0.241,-0.284,-0.273,-0.051,0.108,0.087,-0.188,-0.011,-0.34,-0.065,-1.077,0.267
중림동,68.6,76.9,78.1,77.7,76.4,6.76,8.02,7.59,6.85,5.88,,12.2,1.5,-0.5,-1.6,-0.394,-0.391,-0.381,-0.368,-0.342,-0.784,-0.498,-0.44,-0.381,-0.413,-0.006,0.386,0.86,0.965
중앙동,234.0,263.1,246.1,224.4,190.6,18.42,17.64,16.17,14.63,12.72,,12.4,-6.5,-8.8,-15.1,-0.047,-0.009,-0.045,-0.056,-0.08,0.861,1.012,0.907,0.901,0.794,0.003,-0.216,0.076,-0.344
중화1동,41.9,44.4,33.9,35.7,26.7,8.09,7.53,5.71,4.38,3.22,,5.9,-23.6,5.2,-25.2,-0.449,-0.458,-0.469,-0.457,-0.456,-0.596,-0.575,-0.736,-0.787,-0.882,-0.269,-1.503,1.398,-1.324
중화2동,156.9,166.8,160.6,140.0,114.5,11.99,10.95,10.03,8.12,7.44,,6.3,-3.7,-12.8,-18.2,-0.209,-0.206,-0.216,-0.235,-0.255,-0.046,-0.038,-0.057,-0.171,-0.138,-0.252,-0.005,-0.302,-0.645
증산동,31.7,31.9,39.3,30.6,26.1,7.63,7.22,7.09,4.9,4.73,,0.7,22.9,-22.0,-14.7,-0.471,-0.484,-0.458,-0.468,-0.458,-0.661,-0.624,-0.519,-0.702,-0.616,-0.487,1.997,-1.171,-0.305
진관동,87.8,96.0,99.5,94.9,74.8,10.42,8.92,7.42,6.62,5.57,,9.3,3.6,-4.6,-21.2,-0.353,-0.352,-0.338,-0.331,-0.346,-0.267,-0.357,-0.467,-0.419,-0.468,-0.127,0.545,0.472,-0.936
창1동,156.9,146.0,141.3,125.3,107.8,15.69,13.99,13.08,11.24,9.68,,-6.9,-3.2,-11.3,-14.0,-0.209,-0.249,-0.254,-0.267,-0.27,0.476,0.439,0.421,0.342,0.257,-0.805,0.033,-0.16,-0.238
창2동,58.9,70.4,57.1,51.7,44.5,8.2,8.19,6.62,6.15,5.38,,19.6,-18.9,-9.5,-14.0,-0.414,-0.405,-0.423,-0.423,-0.415,-0.58,-0.472,-0.593,-0.496,-0.501,0.304,-1.149,0.01,-0.238
창3동,35.4,40.7,36.7,35.7,27.2,7.65,6.83,5.87,5.38,4.07,,15.0,-9.9,-2.8,-23.8,-0.463,-0.466,-0.464,-0.457,-0.455,-0.658,-0.685,-0.71,-0.623,-0.732,0.112,-0.472,0.642,-1.188
창4동,157.4,77.7,74.5,69.9,69.4,18.28,10.96,9.51,8.13,7.73,,-50.6,-4.1,-6.2,-0.7,-0.208,-0.39,-0.388,-0.385,-0.358,0.841,-0.037,-0.139,-0.17,-0.087,-2.58,-0.035,0.321,1.052
창5동,178.7,215.2,197.4,167.9,156.0,11.82,9.42,8.4,7.15,6.62,,20.4,-8.2,-15.0,-7.1,-0.163,-0.107,-0.142,-0.176,-0.159,-0.07,-0.279,-0.313,-0.331,-0.282,0.337,-0.344,-0.51,0.431
창신1동,175.4,223.9,202.0,151.9,166.9,6.64,7.82,5.99,4.76,5.78,,27.6,-9.8,-24.8,9.9,-0.17,-0.089,-0.133,-0.21,-0.134,-0.8,-0.53,-0.692,-0.725,-0.431,0.639,-0.464,-1.436,2.08
창신2동,47.4,46.5,45.9,42.4,40.1,12.21,9.76,8.97,8.13,7.7,,-2.0,-1.3,-7.5,-5.4,-0.438,-0.454,-0.445,-0.443,-0.425,-0.015,-0.225,-0.224,-0.17,-0.092,-0.6,0.176,0.198,0.596
창신3동,4.0,3.2,2.3,1.7,1.9,27.49,19.37,13.62,9.76,9.34,,-17.9,-29.6,-24.2,7.2,-0.529,-0.543,-0.533,-0.53,-0.513,2.141,1.284,0.506,0.099,0.197,-1.265,-1.955,-1.379,1.818
천연동,38.8,46.6,47.3,45.7,33.0,7.53,6.47,6.41,5.65,4.64,,20.1,1.6,-3.6,-27.7,-0.456,-0.454,-0.442,-0.436,-0.442,-0.675,-0.742,-0.626,-0.578,-0.632,0.325,0.394,0.567,-1.566
천호1동,119.5,83.3,76.2,74.3,65.3,12.58,8.14,7.02,6.51,5.61,,-30.3,-8.5,-2.5,-12.0,-0.287,-0.378,-0.385,-0.375,-0.368,0.037,-0.48,-0.53,-0.437,-0.461,-1.784,-0.366,0.671,-0.044
천호2동,674.4,611.3,594.2,522.3,473.3,14.15,11.75,9.52,8.89,8.16,,-9.4,-2.8,-12.1,-9.4,0.875,0.707,0.652,0.578,0.569,0.259,0.087,-0.137,-0.045,-0.011,-0.909,0.063,-0.236,0.208
천호3동,243.0,226.7,226.2,212.4,199.3,21.11,16.0,16.34,14.4,13.3,,-6.7,-0.2,-6.1,-6.2,-0.028,-0.083,-0.084,-0.081,-0.06,1.241,0.755,0.933,0.863,0.896,-0.796,0.258,0.331,0.519
청구동,72.8,75.9,37.2,30.8,22.5,13.16,17.46,9.55,7.58,5.41,,4.2,-50.9,-17.2,-26.9,-0.385,-0.393,-0.463,-0.468,-0.466,0.119,0.984,-0.133,-0.26,-0.496,-0.34,-2.961,-0.718,-1.488
청담동,1376.5,1316.6,1258.2,1067.3,1006.4,14.05,12.67,11.49,9.99,9.07,,-4.4,-4.4,-15.2,-5.7,2.345,2.157,1.981,1.737,1.793,0.245,0.232,0.172,0.137,0.15,-0.7,-0.058,-0.529,0.567
청량리동,241.2,211.4,170.3,147.2,140.2,16.75,11.35,8.69,7.05,6.45,,-12.3,-19.5,-13.5,-4.8,-0.032,-0.115,-0.196,-0.22,-0.196,0.626,0.024,-0.268,-0.348,-0.312,-1.031,-1.194,-0.368,0.654
청룡동,1061.7,685.1,621.1,538.6,446.9,26.21,19.71,18.75,16.9,15.51,,-35.5,-9.3,-13.3,-17.0,1.686,0.859,0.706,0.613,0.508,1.96,1.337,1.312,1.275,1.286,-2.001,-0.427,-0.349,-0.528
청림동,9.5,10.0,9.0,7.9,6.1,7.36,5.71,4.87,4.23,3.99,,6.0,-10.0,-12.6,-23.0,-0.517,-0.529,-0.519,-0.516,-0.503,-0.699,-0.861,-0.867,-0.812,-0.746,-0.265,-0.479,-0.283,-1.11
청운효자동,142.7,207.9,208.5,200.4,203.9,20.52,21.25,20.48,19.46,19.28,,45.7,0.3,-3.9,1.8,-0.238,-0.122,-0.12,-0.107,-0.049,1.157,1.579,1.583,1.696,1.951,1.396,0.296,0.539,1.294
청파동,201.7,308.5,335.6,329.0,267.7,18.62,20.29,20.02,18.88,16.67,,53.0,8.8,-2.0,-18.6,-0.115,0.085,0.135,0.167,0.097,0.889,1.428,1.511,1.601,1.491,1.701,0.936,0.718,-0.684
충현동,132.8,137.0,141.5,117.5,105.1,12.87,11.49,11.25,9.1,8.15,,3.2,3.2,-17.0,-10.5,-0.259,-0.268,-0.254,-0.283,-0.276,0.078,0.046,0.134,-0.01,-0.012,-0.382,0.514,-0.699,0.102
평창동,20.5,23.0,19.3,16.2,12.6,5.35,5.21,5.47,4.42,3.68,,11.8,-16.1,-16.0,-22.3,-0.494,-0.502,-0.499,-0.499,-0.489,-0.982,-0.94,-0.773,-0.781,-0.801,-0.022,-0.938,-0.604,-1.042
풍납1동,27.9,25.0,22.0,16.5,13.8,7.07,5.52,4.98,3.85,3.4,,-10.5,-11.8,-25.0,-16.3,-0.479,-0.498,-0.493,-0.498,-0.486,-0.74,-0.891,-0.85,-0.875,-0.851,-0.955,-0.615,-1.454,-0.461
풍납2동,63.7,65.5,63.3,51.7,39.5,7.43,5.59,5.56,4.73,3.92,,2.9,-3.5,-18.4,-23.5,-0.404,-0.415,-0.41,-0.423,-0.427,-0.689,-0.88,-0.759,-0.73,-0.759,-0.395,0.01,-0.831,-1.159
필동,172.7,190.9,244.4,257.1,249.8,18.31,17.13,18.76,18.04,16.97,,10.5,28.0,5.2,-2.8,-0.176,-0.157,-0.048,0.014,0.056,0.846,0.932,1.313,1.462,1.544,-0.077,2.381,1.398,0.848
하계1동,142.7,150.5,129.0,99.0,90.6,6.37,6.42,5.44,4.23,3.97,,5.4,-14.3,-23.3,-8.5,-0.238,-0.24,-0.279,-0.323,-0.31,-0.839,-0.75,-0.778,-0.812,-0.75,-0.29,-0.803,-1.294,0.296
하계2동,11.2,9.8,7.5,6.2,6.6,6.93,7.17,8.63,6.36,5.83,,-12.0,-24.0,-16.4,5.9,-0.514,-0.529,-0.522,-0.52,-0.502,-0.76,-0.632,-0.277,-0.461,-0.422,-1.018,-1.533,-0.642,1.692
한강로동,2836.4,2535.7,1752.8,1647.6,1510.2,7.41,6.81,5.77,6.1,6.22,,-10.6,-30.9,-6.0,-8.3,5.402,4.663,2.971,2.972,2.949,-0.692,-0.688,-0.726,-0.504,-0.353,-0.959,-2.053,0.34,0.315
한남동,630.7,714.0,748.7,705.7,672.1,22.17,22.21,20.18,18.4,17.75,,13.2,4.9,-5.7,-4.8,0.783,0.918,0.961,0.968,1.025,1.39,1.73,1.536,1.522,1.681,0.036,0.642,0.368,0.654
합정동,687.9,483.0,536.5,500.3,475.0,29.56,23.62,21.67,20.34,17.21,,-29.8,11.1,-6.8,-5.0,0.903,0.444,0.537,0.531,0.573,2.433,1.951,1.77,1.841,1.586,-1.763,1.109,0.265,0.635
항동,,1.1,0.7,0.6,0.3,,12.9,9.42,6.37,5.0,,,-31.6,-19.0,-52.8,-0.288,-0.547,-0.536,-0.532,-0.517,-0.236,0.268,-0.153,-0.46,-0.568,-0.106,-2.105,-0.888,-2.844
행당1동,220.3,229.8,232.1,219.7,203.7,15.89,16.31,15.32,13.49,12.36,,4.3,1.0,-5.3,-7.3,-0.076,-0.077,-0.073,-0.066,-0.05,0.504,0.803,0.773,0.713,0.73,-0.336,0.349,0.406,0.412
행당2동,26.8,21.8,17.3,13.0,13.0,5.6,9.5,7.68,5.53,5.42,,-18.7,-20.7,-24.9,0.4,-0.481,-0.505,-0.503,-0.506,-0.488,-0.947,-0.266,-0.426,-0.598,-0.494,-1.298,-1.285,-1.445,1.159
행운동,267.9,292.9,277.7,243.1,202.2,18.86,17.99,16.91,15.34,13.25,,9.3,-5.2,-12.5,-16.8,0.024,0.053,0.019,-0.016,-0.053,0.923,1.067,1.023,1.018,0.887,-0.127,-0.118,-0.274,-0.509
혜화동,539.2,524.8,641.4,683.5,636.8,34.06,31.28,31.03,29.84,28.63,,-2.7,22.2,6.6,-6.8,0.592,0.529,0.747,0.921,0.944,3.067,3.154,3.239,3.406,3.601,-0.629,1.945,1.53,0.461
홍은1동,33.5,50.3,41.4,33.7,25.1,6.39,6.03,5.02,3.72,2.96,,50.5,-17.8,-18.7,-25.5,-0.467,-0.446,-0.454,-0.462,-0.46,-0.836,-0.811,-0.844,-0.896,-0.928,1.597,-1.066,-0.859,-1.353
홍은2동,63.8,69.3,78.6,77.6,69.0,10.88,9.21,8.66,7.98,7.83,,8.7,13.4,-1.3,-11.2,-0.404,-0.407,-0.38,-0.368,-0.359,-0.202,-0.312,-0.272,-0.195,-0.069,-0.152,1.282,0.784,0.034
홍제1동,58.3,65.1,62.6,61.7,54.3,10.49,8.58,7.67,7.08,6.59,,11.8,-3.8,-1.4,-12.0,-0.415,-0.416,-0.412,-0.402,-0.393,-0.257,-0.411,-0.428,-0.343,-0.288,-0.022,-0.012,0.775,-0.044
홍제2동,29.7,48.9,50.5,45.4,44.2,12.76,16.53,14.88,10.73,10.36,,64.3,3.5,-10.2,-2.6,-0.475,-0.449,-0.436,-0.437,-0.416,0.063,0.838,0.704,0.258,0.377,2.174,0.537,-0.057,0.868
홍제3동,87.5,102.7,126.8,91.4,82.2,6.39,5.1,6.14,4.03,3.51,,17.4,23.4,-27.9,-10.0,-0.354,-0.338,-0.283,-0.339,-0.329,-0.836,-0.957,-0.668,-0.845,-0.831,0.212,2.035,-1.728,0.15
화곡1동,449.5,483.9,493.9,463.2,428.8,17.23,16.23,15.07,13.0,12.06,,7.6,2.1,-6.2,-7.4,0.404,0.445,0.451,0.452,0.467,0.693,0.791,0.734,0.632,0.677,-0.198,0.432,0.321,0.402
화곡2동,30.2,35.8,31.8,20.3,15.8,6.97,7.09,6.77,4.63,3.96,,18.3,-11.3,-35.9,-22.3,-0.474,-0.476,-0.473,-0.49,-0.481,-0.754,-0.644,-0.569,-0.746,-0.752,0.25,-0.577,-2.482,-1.042
화곡3동,170.4,192.4,175.5,164.7,134.3,18.58,16.64,14.74,13.35,10.96,,12.9,-8.8,-6.1,-18.4,-0.18,-0.154,-0.186,-0.183,-0.209,0.884,0.855,0.682,0.69,0.483,0.024,-0.389,0.331,-0.664
화곡4동,130.1,143.0,120.9,93.7,79.8,9.86,8.87,7.63,5.99,5.35,,9.9,-15.5,-22.5,-14.8,-0.265,-0.255,-0.295,-0.334,-0.334,-0.346,-0.365,-0.434,-0.522,-0.507,-0.102,-0.893,-1.218,-0.315
화곡6동,229.0,203.9,207.7,176.5,158.5,17.86,14.04,13.7,11.2,10.26,,-11.0,1.8,-15.0,-10.2,-0.058,-0.13,-0.121,-0.158,-0.154,0.782,0.447,0.519,0.336,0.36,-0.976,0.409,-0.51,0.131
화곡8동,114.2,145.6,140.3,125.2,100.2,12.1,10.72,10.42,9.33,7.85,,27.5,-3.6,-10.8,-19.9,-0.298,-0.25,-0.256,-0.267,-0.287,-0.03,-0.075,0.004,0.028,-0.065,0.634,0.003,-0.113,-0.81
화곡본동,142.5,168.4,159.0,135.1,118.2,12.54,11.21,10.34,8.84,8.21,,18.2,-5.6,-15.1,-12.5,-0.239,-0.203,-0.219,-0.246,-0.246,0.032,0.002,-0.009,-0.053,-0.002,0.245,-0.148,-0.519,-0.092
화양동,1387.3,1371.2,1639.8,1556.6,1363.1,49.03,43.81,43.02,40.47,37.84,,-1.2,19.6,-5.1,-12.4,2.368,2.269,2.745,2.778,2.612,5.179,5.121,5.122,5.157,5.226,-0.566,1.749,0.425,-0.082
황학동,120.5,146.7,146.9,172.4,144.0,7.13,7.17,6.74,6.88,6.39,,21.7,0.1,17.4,-16.5,-0.285,-0.248,-0.243,-0.166,-0.187,-0.731,-0.632,-0.574,-0.376,-0.323,0.392,0.281,2.55,-0.48
회기동,298.3,402.5,485.9,447.7,377.3,32.95,33.94,34.96,31.5,29.42,,35.0,20.7,-7.8,-15.7,0.087,0.278,0.435,0.419,0.349,2.911,3.571,3.856,3.679,3.74,0.948,1.832,0.17,-0.402
회현동,312.4,459.1,392.8,383.3,316.9,5.75,5.95,4.76,4.29,3.37,,47.0,-14.4,-2.4,-17.3,0.117,0.394,0.249,0.282,0.21,-0.926,-0.823,-0.885,-0.802,-0.856,1.45,-0.81,0.68,-0.558
효창동,33.9,32.4,29.7,20.5,17.7,9.23,7.78,6.47,4.83,3.99,,-4.4,-8.4,-30.9,-13.6,-0.466,-0.483,-0.478,-0.49,-0.477,-0.435,-0.536,-0.616,-0.713,-0.746,-0.7,-0.359,-2.012,-0.199
후암동,77.5,81.5,84.4,72.4,70.7,10.56,9.86,9.95,8.85,8.01,,5.1,3.5,-14.2,-2.4,-0.375,-0.382,-0.368,-0.379,-0.355,-0.247,-0.21,-0.07,-0.051,-0.037,-0.303,0.537,-0.434,0.887
휘경1동,174.9,157.9,171.4,156.5,131.4,25.19,23.85,23.25,19.22,16.84,,-9.7,8.6,-8.7,-16.0,-0.171,-0.225,-0.194,-0.2,-0.216,1.816,1.987,2.018,1.657,1.521,-0.922,0.921,0.085,-0.432
휘경2동,79.4,76.6,85.0,74.6,58.2,15.79,12.49,14.04,11.79,9.77,,-3.5,10.9,-12.3,-22.0,-0.371,-0.392,-0.367,-0.375,-0.384,0.49,0.203,0.572,0.433,0.273,-0.662,1.094,-0.255,-1.013
흑석동,277.1,283.7,334.4,314.4,267.2,15.93,15.31,15.77,14.52,13.23,,2.4,17.9,-6.0,-15.0,0.043,0.034,0.132,0.136,0.096,0.51,0.646,0.844,0.883,0.884,-0.416,1.621,0.34,-0.335
