행정동,20대_매출_억(2024),20대_매출비중(%),20대_성장률_23v24(%),매출규모_순위,비중_순위,성장률_순위
가락1동,301.2,1.74,-11.5,76,419,200
가락2동,93.5,4.18,-21.9,215,352,373
가락본동,203.3,6.89,-15.0,119,195,276
가리봉동,38.9,5.69,-30.1,322,261,409
가산동,2473.0,7.96,-12.0,3,153,212
가양1동,524.2,11.6,-2.3,39,73,56
가양2동,57.9,6.28,-12.1,280,229,216
가양3동,47.7,9.77,59.7,300,98,2
가회동,216.8,19.87,-13.3,110,19,237
갈현1동,267.8,14.62,-14.2,88,45,255
갈현2동,207.7,9.37,-17.8,113,111,325
강일동,31.5,5.15,-11.1,339,301,189
개봉1동,70.7,5.76,-16.7,252,255,308
개봉2동,75.8,7.12,-6.6,244,184,106
개봉3동,27.0,3.69,-28.7,351,377,407
개포1동,1.0,4.6,4424.2,422,329,1
개포2동,48.6,4.15,-4.6,297,355,78
개포4동,86.7,3.92,-16.7,225,367,308
거여1동,33.1,4.91,-17.2,335,315,317
거여2동,61.6,6.0,-14.5,273,242,262
고덕1동,12.1,3.56,3.5,401,382,27
고덕2동,50.8,5.2,-0.8,291,298,44
고척1동,164.7,7.44,14.0,138,173,10
고척2동,43.9,3.86,-1.5,311,371,50
공덕동,118.6,6.08,-15.6,186,239,286
공릉1동,226.7,8.85,-15.9,107,126,294
공릉2동,218.8,13.39,-8.0,109,51,129
공항동,138.7,8.1,14.6,161,144,9
광장동,93.5,5.74,-2.2,215,258,54
광희동,685.5,10.23,-9.4,25,90,155
교남동,19.3,5.03,-10.1,379,306,171
구로1동,15.8,3.17,-9.8,391,396,163
구로2동,104.8,1.5,-40.8,200,422,418
구로3동,813.6,13.23,-14.2,22,55,255
구로4동,89.7,4.26,-17.4,222,349,320
구로5동,384.9,9.49,-8.6,57,105,140
구산동,46.5,7.32,-11.3,303,177,197
구의1동,231.3,10.06,-13.1,103,95,235
구의2동,83.4,6.81,-16.7,230,201,308
구의3동,330.0,6.99,-4.8,67,190,82
군자동,191.9,11.66,-11.7,124,72,204
금호1가동,9.3,4.51,-32.7,406,337,412
금호2·3가동,33.8,4.57,-3.5,333,332,72
금호4가동,39.6,5.78,-10.1,320,253,171
길동,293.8,6.87,-11.6,79,197,202
길음1동,20.8,4.18,-18.5,371,352,337
길음2동,46.7,5.29,-14.9,302,288,271
낙성대동,510.9,25.21,-12.3,42,12,221
난곡동,55.0,7.24,-16.7,284,180,308
난향동,6.0,3.46,-6.0,415,388,101
남가좌1동,17.9,2.07,-10.3,385,416,176
남가좌2동,119.9,10.51,0.2,182,87,42
남영동,386.8,15.28,-7.5,56,41,124
남현동,195.1,16.85,-9.9,123,31,165
내곡동,9.2,3.75,3.3,407,376,29
노량진1동,1012.8,7.56,-23.4,18,169,383
노량진2동,2146.4,6.73,-11.8,4,209,206
녹번동,83.0,4.55,-21.2,231,334,368
논현1동,1421.7,14.0,-11.2,12,47,193
논현2동,703.0,9.17,-15.5,24,119,285
능동,137.3,13.42,-8.7,163,50,142
다산동,150.2,9.07,-22.0,149,122,374
답십리1동,68.2,4.75,-18.2,257,326,332
답십리2동,73.0,6.08,-12.0,248,239,212
당산1동,366.5,6.27,18.2,61,230,7
당산2동,279.3,12.09,-16.2,82,66,299
대림1동,63.2,5.3,-14.9,270,286,271
대림2동,67.8,4.17,-18.8,258,354,342
대림3동,92.3,1.82,-34.4,217,418,415
대방동,181.5,8.0,-18.3,129,149,334
대조동,227.2,9.22,-7.5,106,117,124
대치1동,136.7,2.57,-4.8,164,409,82
대치2동,206.1,2.96,-15.1,114,398,281
대치4동,518.5,6.06,-11.4,41,241,199
대학동,256.9,20.99,-19.7,93,17,358
대흥동,365.2,16.21,-8.2,62,36,133
도곡1동,144.6,5.25,-9.9,154,291,165
도곡2동,152.3,5.25,-6.6,147,291,106
도림동,24.6,4.41,-27.4,362,342,405
도봉1동,66.9,3.57,-19.3,260,380,355
도봉2동,26.1,5.38,-3.4,356,279,70
도화동,158.5,6.78,-16.2,141,203,299
독산1동,237.6,2.69,-17.9,102,403,328
독산2동,43.4,5.15,-24.6,314,301,393
독산3동,74.3,4.93,-10.1,247,313,171
독산4동,61.6,8.8,-26.3,273,128,401
돈암1동,10.3,2.93,-31.8,403,402,411
돈암2동,13.1,4.2,-5.0,396,350,86
동선동,640.3,23.83,-14.2,30,13,255
동화동,89.1,9.68,12.3,224,101,11
둔촌2동,50.7,4.88,-18.5,292,317,337
등촌1동,241.7,7.8,-10.7,101,160,183
등촌2동,28.3,6.81,4.1,347,201,25
등촌3동,164.8,6.21,-16.0,137,236,296
마장동,67.4,6.23,-13.7,259,233,245
마천1동,35.3,2.49,11.5,331,411,13
마천2동,55.7,3.53,-7.0,283,384,110
망우3동,30.6,5.25,-18.9,342,291,344
망우본동,146.4,5.34,-12.5,150,283,227
망원1동,285.6,13.82,-9.2,80,48,151
망원2동,102.3,7.99,-26.3,203,150,401
면목2동,51.9,5.04,-13.5,289,305,240
면목3·8동,145.7,9.61,-17.7,152,103,323
면목4동,27.1,5.45,-18.4,350,274,335
면목5동,20.9,5.68,27.2,370,262,5
면목7동,102.1,5.49,-12.3,204,271,221
면목본동,152.4,6.67,-14.3,146,210,259
명동,1258.3,12.66,-2.7,15,61,62
명일1동,121.9,5.02,-14.4,180,307,261
명일2동,144.2,4.29,-25.2,155,348,396
목1동,255.4,7.57,-9.5,95,168,158
목2동,100.3,8.68,-22.8,207,131,380
목3동,96.9,6.55,-4.6,209,217,78
목4동,47.8,4.31,-7.4,299,346,120
목5동,59.9,2.11,-8.8,275,415,146
무악동,16.5,5.19,-7.3,388,300,117
묵1동,105.3,5.46,-11.2,198,272,193
묵2동,91.5,7.74,0.7,218,162,37
문래동,468.9,7.44,-3.7,47,173,73
문정1동,91.4,7.12,3.3,219,184,29
문정2동,377.0,6.6,-14.1,60,213,253
미성동,63.9,5.89,-11.3,269,246,197
미아동,124.5,6.75,-43.7,177,207,421
반포1동,353.1,10.82,-2.3,65,82,56
반포2동,29.4,2.41,-24.4,345,412,392
반포3동,179.5,4.45,-6.5,130,340,105
반포4동,131.2,2.95,-19.0,170,400,347
반포본동,1.4,2.26,-25.4,421,413,398
발산1동,205.4,3.24,-16.8,115,394,312
방배1동,252.4,8.92,-8.2,98,124,133
방배2동,213.5,11.41,-15.0,111,78,276
방배3동,25.9,2.5,-13.0,358,410,232
방배4동,142.8,5.92,-8.8,157,245,146
방배본동,115.4,5.45,7.2,189,274,21
방이1동,76.0,3.99,-6.0,242,360,101
방이2동,904.9,18.42,-0.8,20,22,44
방학1동,138.6,6.32,-13.6,162,224,242
방학2동,37.6,1.66,-24.3,326,421,390
방학3동,24.4,4.35,-7.1,363,345,113
방화1동,139.7,5.45,-8.7,160,274,142
방화2동,72.5,6.25,-6.4,250,232,104
방화3동,25.3,4.9,-11.6,359,316,202
번1동,256.4,10.2,-11.7,94,92,204
번2동,8.6,4.18,-41.1,409,352,420
번3동,18.9,3.46,-20.5,382,388,365
보광동,35.7,7.92,-38.5,330,155,416
보라매동,94.0,9.48,-24.2,214,106,388
보문동,53.2,9.29,-5.4,287,114,91
부암동,26.6,8.72,-21.5,354,129,371
북가좌1동,5.3,2.94,-40.9,417,401,419
북가좌2동,110.7,6.6,-16.9,193,213,314
북아현동,40.5,7.4,-3.0,317,175,67
불광1동,155.2,7.87,-7.1,144,157,113
불광2동,69.6,5.57,-13.0,254,268,232
사근동,622.2,41.09,-15.9,32,1,294
사당1동,428.5,16.42,-7.5,52,34,124
사당2동,317.7,10.21,-7.6,71,91,127
사당3동,39.8,6.76,0.4,319,206,39
사당4동,51.1,5.79,-5.0,290,252,86
사당5동,16.2,7.32,-3.2,390,177,68
사직동,479.3,11.56,-5.1,44,75,89
삼각산동,19.7,3.83,-28.7,377,374,407
삼선동,229.8,9.44,1.3,104,107,34
삼성1동,1082.7,10.56,-26.8,17,86,403
삼성2동,285.2,7.92,-13.7,81,155,245
삼성동,17.8,3.83,-5.5,386,374,93
삼양동,42.5,5.63,-14.3,316,266,259
삼전동,171.9,5.72,-17.2,131,259,317
삼청동,253.8,16.23,-16.7,96,35,308
상계10동,22.1,11.18,-3.4,368,80,70
상계1동,125.1,6.61,-17.6,176,212,322
상계2동,552.6,15.59,-12.5,36,39,227
상계3·4동,26.4,4.58,-11.0,355,331,187
상계5동,48.9,5.2,-4.4,296,298,76
상계6·7동,438.1,10.6,-12.2,50,84,218
상계8동,32.4,6.39,-14.7,337,222,265
상계9동,38.6,4.83,0.9,323,322,35
상도1동,315.9,13.17,-10.5,73,57,179
상도2동,74.6,7.01,-8.7,246,189,142
상도3동,102.0,6.54,-13.8,205,218,248
상도4동,57.4,6.77,-9.4,282,204,155
상봉1동,46.0,8.92,-7.1,305,124,113
상봉2동,401.1,14.52,-14.9,55,46,271
상암동,321.5,10.19,-18.0,70,93,329
상일동,31.3,3.98,-17.8,340,362,325
서강동,401.6,28.13,-9.5,54,9,158
서교동,4972.5,34.21,-2.0,1,4,53
서림동,65.4,11.43,-18.6,263,77,339
서빙고동,6.0,4.52,-20.4,415,336,364
서원동,651.6,27.88,-14.3,29,10,259
서초1동,191.7,6.84,-6.7,126,199,108
서초2동,529.8,9.81,-15.0,38,97,276
서초3동,486.8,6.23,-13.1,43,233,235
서초4동,1437.9,18.4,-10.1,11,23,171
석관동,146.1,8.69,-2.5,151,130,59
석촌동,269.4,7.31,-11.2,87,179,193
성내1동,94.3,5.21,-8.3,213,297,135
성내2동,203.8,9.69,-9.4,117,100,155
성내3동,171.8,6.0,-13.8,132,242,248
성북동,64.6,5.75,-1.1,266,257,48
성산1동,123.7,9.43,-16.6,178,108,304
성산2동,113.5,8.49,-10.5,191,133,179
성수1가1동,83.5,10.18,-9.6,229,94,160
성수1가2동,323.9,12.84,-3.3,69,59,69
성수2가1동,604.0,18.77,-24.3,33,21,390
성수2가3동,850.2,17.63,3.8,21,27,26
성현동,20.7,4.93,-34.1,372,313,414
세곡동,76.0,5.07,-4.1,242,304,74
소공동,357.8,5.8,-13.4,64,251,239
송정동,23.5,8.1,-17.8,365,144,325
송중동,364.7,11.51,-10.3,63,76,176
송천동,96.4,5.65,-5.9,210,263,98
송파1동,345.2,12.64,-2.2,66,62,54
송파2동,52.7,5.1,-9.6,288,303,160
수궁동,29.8,5.76,-19.1,344,255,350
수색동,6.5,2.68,7.8,413,405,20
수서동,155.1,6.88,-19.0,145,196,347
수유1동,79.2,3.42,-24.6,235,391,393
수유2동,50.3,4.94,-20.8,294,311,367
수유3동,555.2,15.25,-16.6,35,44,304
숭인1동,9.9,6.59,-15.9,404,215,294
숭인2동,112.6,9.41,-15.7,192,110,289
시흥1동,166.0,4.84,-15.1,136,321,281
시흥2동,6.8,3.49,14.8,411,386,8
시흥3동,21.4,4.88,-19.2,369,317,352
시흥4동,28.9,5.64,-17.5,346,264,321
시흥5동,58.9,5.37,-24.3,277,281,390
신길1동,95.4,7.55,-12.3,211,171,221
신길3동,37.7,4.57,-7.1,325,332,113
신길4동,18.9,5.71,9.7,382,260,17
신길5동,12.6,2.61,-23.2,398,407,382
신길6동,94.7,6.91,-14.6,212,193,264
신길7동,27.4,7.71,-25.0,348,165,395
신내1동,76.4,5.25,-19.8,240,291,360
신내2동,66.2,5.01,-8.0,261,308,129
신당5동,103.7,9.16,-5.8,201,120,96
신당동,273.8,9.42,9.1,84,109,19
신대방1동,89.2,11.83,-0.9,223,70,46
신대방2동,151.3,9.61,-12.9,148,103,231
신도림동,121.9,9.19,11.7,180,118,12
신림동,562.6,20.87,-19.3,34,18,355
신사1동,77.2,8.24,-11.9,239,137,208
신사2동,19.6,4.43,-4.5,378,341,77
신사동,1799.0,15.28,-13.8,8,41,248
신수동,36.1,5.64,-15.1,328,264,281
신원동,57.8,6.98,-19.2,281,191,352
신월1동,50.6,4.04,-19.1,293,358,350
신월2동,16.4,2.68,-23.5,389,405,385
신월3동,19.1,4.53,-30.6,380,335,410
신월4동,38.2,5.23,-13.8,324,295,248
신월5동,33.3,5.26,-11.5,334,289,200
신월6동,31.7,3.84,-19.3,338,372,355
신월7동,30.5,4.86,-20.0,343,320,363
신정1동,72.9,5.3,-12.3,249,286,221
신정2동,50.3,3.88,0.7,294,370,37
신정3동,101.6,6.48,-10.0,206,219,167
신정4동,253.1,7.66,-14.8,97,167,268
신정6동,4.5,1.19,-15.7,419,423,289
신정7동,65.1,3.84,-2.8,265,372,63
신촌동,1515.6,29.39,-11.9,9,6,208
쌍문1동,43.8,8.65,-15.0,312,132,276
쌍문2동,66.2,6.17,3.5,261,237,27
쌍문3동,84.1,6.77,-23.4,228,204,383
쌍문4동,19.8,3.46,-15.1,376,388,281
아현동,106.1,6.9,-20.5,196,194,365
안암동,468.8,29.3,-8.8,48,7,146
암사1동,78.6,5.32,-7.4,237,284,120
암사2동,77.3,7.93,-4.1,238,154,74
암사3동,20.0,2.68,-14.2,375,405,255
압구정동,1827.7,12.98,-11.0,7,58,187
약수동,85.4,8.1,-13.6,226,144,242
양재1동,259.8,5.23,-12.4,92,295,224
양재2동,324.4,5.86,-16.4,68,249,302
양평1동,80.8,6.95,-15.7,233,192,289
양평2동,117.6,6.26,-5.1,188,231,89
여의동,1157.5,8.26,-11.3,16,135,197
역삼1동,3604.9,17.18,-10.6,2,29,182
역삼2동,305.8,8.01,-15.8,75,147,292
역촌동,119.5,7.99,-12.2,183,150,218
연남동,520.8,34.84,-5.6,40,3,94
연희동,295.5,11.83,-7.2,77,70,116
염리동,78.9,9.96,-10.5,236,96,179
염창동,145.1,6.31,-14.8,153,226,268
영등포동,1395.8,12.43,-11.2,13,63,193
영등포본동,403.5,16.08,-18.8,53,37,342
오금동,129.6,4.38,-22.2,172,343,376
오류1동,168.1,11.84,-8.7,134,69,142
오류2동,42.6,4.82,-16.8,315,323,312
오륜동,24.2,10.63,-12.6,364,83,229
옥수동,22.3,4.98,-5.9,367,310,98
왕십리2동,48.1,9.16,-7.4,298,120,120
왕십리도선동,191.9,11.57,2.8,124,74,31
용강동,126.9,3.57,-13.3,173,380,237
용답동,119.3,8.84,-10.1,185,127,171
용문동,44.5,3.89,-12.0,307,369,212
용산2가동,129.9,23.55,18.7,171,14,6
용신동,208.7,4.6,-8.9,112,329,149
우이동,59.4,4.77,-15.6,276,325,286
우장산동,64.0,5.31,-9.1,268,285,150
원효로1동,294.0,6.29,6.4,78,228,23
원효로2동,44.0,2.03,-1.0,310,417,47
월계1동,125.8,13.54,-17.8,174,49,325
월계2동,13.9,6.74,-1.4,394,208,49
월계3동,14.8,4.37,-8.1,393,344,131
월곡1동,35.8,4.78,-21.5,329,324,371
월곡2동,119.4,10.57,-12.6,184,85,229
위례동,19.0,6.85,-17.2,381,198,317
은천동,142.0,9.34,-11.1,158,112,189
을지로동,658.4,7.09,-9.9,28,186,165
응봉동,4.6,4.31,11.1,418,346,14
응암1동,135.4,8.11,-12.1,166,142,216
응암2동,20.5,3.03,-25.7,373,397,400
응암3동,134.3,6.82,-14.5,167,200,262
이문1동,273.5,25.59,-8.5,85,11,138
이문2동,18.6,5.55,-2.5,384,270,59
이촌1동,46.9,3.45,-19.8,301,390,360
이촌2동,12.3,4.94,-46.6,400,311,422
이태원1동,685.4,22.99,0.9,26,15,35
이태원2동,105.4,15.65,-4.7,197,38,80
이화동,260.8,17.78,-13.7,91,25,245
인수동,45.5,5.38,-1.5,306,279,50
인헌동,184.5,11.3,-19.0,128,79,347
일원1동,90.3,7.03,-19.0,221,188,347
일원2동,8.8,5.23,-19.4,408,295,357
일원본동,26.9,5.95,-22.7,352,244,379
자양1동,135.9,8.04,-5.1,165,146,89
자양2동,46.1,6.48,-21.4,304,219,370
자양3동,276.8,15.26,-7.5,83,43,124
자양4동,377.5,21.04,-11.9,58,16,208
잠실2동,161.7,6.17,10.5,139,237,15
잠실3동,250.9,9.26,55.3,99,115,3
잠실4동,20.5,3.97,-14.9,373,364,271
잠실6동,1952.9,18.31,40.1,6,24,4
잠실7동,7.6,3.98,9.7,410,362,17
잠실본동,776.8,12.26,-10.8,23,65,185
잠원동,272.1,8.42,-18.1,86,134,330
장안1동,229.6,3.55,-15.4,105,383,284
장안2동,171.8,4.46,-8.5,132,339,138
장위1동,34.3,7.56,-16.2,332,169,299
장위2동,25.0,4.51,-12.1,361,337,216
장위3동,9.4,2.59,-39.1,405,408,417
장지동,53.9,4.06,-18.9,286,357,344
장충동,72.0,8.25,-10.7,251,136,183
전농1동,221.5,12.03,-10.3,108,68,176
전농2동,43.8,7.37,-13.1,312,176,235
정릉1동,30.7,7.09,-19.7,341,186,358
정릉2동,37.2,6.32,-33.2,327,224,413
정릉3동,62.6,13.32,0.3,271,52,41
정릉4동,64.3,7.18,-5.9,267,182,98
제기동,535.2,1.72,-9.4,37,420,155
조원동,196.0,7.98,-7.8,122,152,128
종로1·2·3·4가동,2123.4,9.23,-2.9,5,116,65
종로5·6가동,307.5,7.18,-9.7,74,182,162
종암동,103.5,6.3,-10.9,202,227,186
중계1동,10.4,2.2,-6.0,402,414,101
중계2·3동,125.6,5.88,-2.9,175,247,65
중계4동,85.1,4.87,-18.1,227,319,330
중계본동,61.8,3.57,-8.2,272,380,133
중곡1동,160.4,7.21,2.6,140,181,32
중곡2동,122.8,7.8,-9.2,179,160,151
중곡3동,58.9,7.72,-18.7,277,164,341
중곡4동,106.7,8.16,-8.8,195,139,146
중림동,76.4,5.88,-1.6,240,247,52
중앙동,190.6,12.72,-15.1,127,60,281
중화1동,26.7,3.22,-25.2,353,395,396
중화2동,114.5,7.44,-18.2,190,173,332
증산동,26.1,4.73,-14.7,356,327,265
진관동,74.8,5.57,-21.2,245,268,368
창1동,107.8,9.68,-14.0,194,101,251
창2동,44.5,5.38,-14.0,307,279,251
창3동,27.2,4.07,-23.8,349,356,387
창4동,69.4,7.73,-0.7,255,163,43
창5동,156.0,6.62,-7.1,143,211,113
창신1동,166.9,5.78,9.9,135,253,16
창신2동,40.1,7.7,-5.4,318,166,91
창신3동,1.9,9.34,7.2,420,112,21
천연동,33.0,4.64,-27.7,336,328,406
천호1동,65.3,5.61,-12.0,264,267,212
천호2동,473.3,8.16,-9.4,46,139,155
천호3동,199.3,13.3,-6.2,121,53,103
청구동,22.5,5.41,-26.9,366,277,404
청담동,1006.4,9.07,-5.7,19,122,95
청량리동,140.2,6.45,-4.8,159,221,82
청룡동,446.9,15.51,-17.0,49,40,315
청림동,6.1,3.99,-23.0,414,360,381
청운효자동,203.9,19.28,1.8,116,20,33
청파동,267.7,16.67,-18.6,89,33,339
충현동,105.1,8.15,-10.5,199,141,179
평창동,12.6,3.68,-22.3,398,378,377
풍납1동,13.8,3.4,-16.3,395,392,301
풍납2동,39.5,3.92,-23.5,321,367,385
필동,249.8,16.97,-2.8,100,30,63
하계1동,90.6,3.97,-8.5,220,364,138
하계2동,6.6,5.83,5.9,412,250,24
한강로동,1510.2,6.22,-8.3,10,235,135
한남동,672.1,17.75,-4.8,27,26,82
합정동,475.0,17.21,-5.0,45,28,86
항동,0.3,5.0,-52.8,423,309,423
행당1동,203.7,12.36,-7.3,118,64,117
행당2동,13.0,5.42,0.4,397,276,39
행운동,202.2,13.25,-16.8,120,54,312
혜화동,636.8,28.63,-6.8,31,8,109
홍은1동,25.1,2.96,-25.5,360,398,399
홍은2동,69.0,7.83,-11.2,256,159,193
홍제1동,54.3,6.59,-12.0,285,215,212
홍제2동,44.2,10.36,-2.6,309,88,61
홍제3동,82.2,3.51,-10.0,232,385,167
화곡1동,428.8,12.06,-7.4,51,67,120
화곡2동,15.8,3.96,-22.3,391,366,377
화곡3동,134.3,10.96,-18.4,167,81,335
화곡4동,79.8,5.35,-14.8,234,282,268
화곡6동,158.5,10.26,-10.2,141,89,174
화곡8동,100.2,7.85,-19.9,208,158,362
화곡본동,118.2,8.21,-12.5,187,138,227
화양동,1363.1,37.84,-12.4,14,2,224
황학동,144.0,6.39,-16.5,156,222,303
회기동,377.3,29.42,-15.7,59,5,289
회현동,316.9,3.37,-17.3,72,393,319
효창동,17.7,3.99,-13.6,387,360,242
후암동,70.7,8.01,-2.4,252,147,58
휘경1동,131.4,16.84,-16.0,169,32,296
휘경2동,58.2,9.77,-22.0,279,98,374
흑석동,267.2,13.23,-15.0,90,55,276
