행정동,20대매출_2020억,20대매출_2021억,20대매출_2022억,20대매출_2023억,20대매출_2024억,20대비중_2020%,20대비중_2021%,20대비중_2022%,20대비중_2023%,20대비중_2024%,20대성장률_2019v2020%,20대성장률_2020v2021%,20대성장률_2021v2022%,20대성장률_2022v2023%,20대성장률_2023v2024%
가락1동,641.4,499.6,531.1,340.4,301.2,4.84,3.2,2.93,1.87,1.74,,-22.1,6.3,-35.9,-11.5
가락2동,141.8,163.3,144.1,119.8,93.5,8.27,7.11,6.12,5.23,4.18,,15.2,-11.8,-16.9,-21.9
가락본동,284.2,300.1,294.1,239.2,203.3,10.99,10.73,10.0,7.92,6.89,,5.6,-2.0,-18.7,-15.0
가리봉동,68.9,77.7,81.1,55.7,38.9,10.91,10.38,10.07,7.24,5.69,,12.8,4.3,-31.3,-30.1
가산동,4056.0,3843.8,3384.7,2810.7,2473.0,14.75,13.36,11.59,9.19,7.96,,-5.2,-11.9,-17.0,-12.0
가양1동,750.9,591.2,537.0,536.3,524.2,21.8,15.59,13.64,12.42,11.6,,-21.3,-9.2,-0.1,-2.3
가양2동,120.5,96.5,82.3,65.9,57.9,11.95,11.08,8.97,7.02,6.28,,-19.9,-14.7,-19.9,-12.1
가양3동,30.6,36.0,33.0,29.9,47.7,10.4,10.35,10.29,6.61,9.77,,17.4,-8.1,-9.6,59.7
가회동,114.6,190.5,257.7,250.2,216.8,22.58,23.99,22.97,21.18,19.87,,66.2,35.3,-2.9,-13.3
갈현1동,309.0,310.4,337.2,312.2,267.8,21.57,18.26,18.36,16.89,14.62,,0.4,8.6,-7.4,-14.2
갈현2동,280.0,268.3,288.0,252.6,207.7,14.82,12.66,12.95,11.15,9.37,,-4.2,7.4,-12.3,-17.8
강일동,40.6,35.2,39.0,35.4,31.5,9.9,7.6,7.19,5.65,5.15,,-13.1,10.6,-9.2,-11.1
개봉1동,93.0,102.3,94.6,84.9,70.7,9.11,8.15,7.7,6.88,5.76,,10.0,-7.5,-10.3,-16.7
개봉2동,102.9,111.8,100.2,81.1,75.8,12.31,10.88,9.54,7.6,7.12,,8.6,-10.4,-19.1,-6.6
개봉3동,48.0,50.2,44.4,37.9,27.0,7.9,7.03,6.11,4.95,3.69,,4.7,-11.5,-14.7,-28.7
개포1동,0.0,1.2,0.1,0.0,1.0,0.86,11.51,5.24,1.44,4.6,,4887.4,-90.2,-82.0,4424.2
개포2동,47.1,50.8,49.4,51.0,48.6,7.08,5.99,5.77,4.89,4.15,,7.7,-2.8,3.2,-4.6
개포4동,109.7,153.0,130.2,104.2,86.7,5.88,6.62,5.53,4.5,3.92,,39.5,-14.9,-20.0,-16.7
거여1동,45.9,52.9,58.9,40.0,33.1,10.41,8.24,8.52,5.46,4.91,,15.3,11.4,-32.1,-17.2
거여2동,84.0,84.7,87.8,72.0,61.6,10.05,9.2,8.52,6.73,6.0,,0.8,3.7,-17.9,-14.5
고덕1동,9.4,17.4,14.2,11.7,12.1,4.51,4.36,4.34,3.37,3.56,,84.0,-18.3,-17.8,3.5
고덕2동,34.2,58.2,55.7,51.2,50.8,6.29,7.06,6.54,5.4,5.2,,70.3,-4.2,-8.1,-0.8
고척1동,130.8,135.0,149.8,144.4,164.7,6.94,6.53,7.17,6.82,7.44,,3.2,11.0,-3.6,14.0
고척2동,68.6,70.3,53.9,44.5,43.9,7.59,6.38,4.79,4.0,3.86,,2.5,-23.3,-17.4,-1.5
공덕동,140.3,154.8,150.1,140.5,118.6,9.7,8.71,8.1,7.43,6.08,,10.3,-3.0,-6.4,-15.6
공릉1동,221.1,250.1,276.9,269.5,226.7,11.33,11.3,11.34,10.37,8.85,,13.1,10.7,-2.7,-15.9
공릉2동,192.1,217.9,234.8,237.7,218.8,15.94,15.37,15.23,14.41,13.39,,13.4,7.7,1.3,-8.0
공항동,150.5,168.1,139.8,121.0,138.7,12.26,11.43,9.05,7.34,8.1,,11.7,-16.8,-13.4,14.6
광장동,80.8,109.9,95.1,95.6,93.5,7.6,8.23,6.74,6.06,5.74,,36.0,-13.4,0.6,-2.2
광희동,657.9,580.6,657.2,757.0,685.5,14.79,12.05,12.93,11.63,10.23,,-11.8,13.2,15.2,-9.4
교남동,13.7,24.3,25.4,21.5,19.3,8.45,6.83,6.61,5.38,5.03,,77.2,4.4,-15.4,-10.1
구로1동,22.4,22.8,21.4,17.5,15.8,4.75,4.96,4.46,3.57,3.17,,1.9,-6.0,-18.4,-9.8
구로2동,138.0,163.4,141.8,177.0,104.8,2.15,2.24,1.97,2.39,1.5,,18.4,-13.2,24.8,-40.8
구로3동,874.2,890.8,959.3,948.6,813.6,19.49,17.5,17.06,15.45,13.23,,1.9,7.7,-1.1,-14.2
구로4동,116.5,142.7,129.7,108.6,89.7,7.67,7.59,6.43,5.08,4.26,,22.5,-9.1,-16.2,-17.4
구로5동,425.6,453.3,451.6,421.4,384.9,16.03,14.18,13.43,10.76,9.49,,6.5,-0.4,-6.7,-8.6
구산동,63.8,69.1,61.7,52.5,46.5,11.36,10.45,9.82,8.09,7.32,,8.3,-10.7,-15.0,-11.3
구의1동,260.6,276.8,287.6,266.3,231.3,14.04,13.55,13.57,11.98,10.06,,6.2,3.9,-7.4,-13.1
구의2동,104.3,128.6,106.1,100.2,83.4,11.0,11.45,9.45,8.63,6.81,,23.3,-17.5,-5.5,-16.7
구의3동,617.8,472.4,421.7,346.8,330.0,10.86,8.96,8.56,7.47,6.99,,-23.5,-10.7,-17.8,-4.8
군자동,269.2,219.4,214.4,217.2,191.9,17.39,14.68,13.21,12.01,11.66,,-18.5,-2.3,1.3,-11.7
금호1가동,11.3,20.2,18.0,13.8,9.3,5.1,7.45,6.73,6.13,4.51,,78.8,-10.5,-23.3,-32.7
금호2·3가동,51.6,52.7,44.1,35.1,33.8,7.92,7.16,5.86,4.52,4.57,,2.2,-16.3,-20.5,-3.5
금호4가동,43.1,46.7,53.9,44.1,39.6,12.29,9.37,9.48,6.83,5.78,,8.4,15.5,-18.3,-10.1
길동,344.2,370.3,356.5,332.6,293.8,10.8,9.86,8.75,7.63,6.87,,7.6,-3.7,-6.7,-11.6
길음1동,23.0,29.7,29.6,25.5,20.8,6.71,7.37,6.26,4.94,4.18,,29.4,-0.6,-13.7,-18.5
길음2동,55.7,75.9,65.6,54.9,46.7,7.29,9.21,7.11,5.69,5.29,,36.2,-13.7,-16.2,-14.9
낙성대동,466.8,562.6,623.9,582.6,510.9,30.8,31.67,31.38,27.77,25.21,,20.5,10.9,-6.6,-12.3
난곡동,67.7,94.5,77.7,66.1,55.0,13.7,13.7,10.79,8.86,7.24,,39.7,-17.7,-15.0,-16.7
난향동,6.7,12.1,10.2,6.3,6.0,5.72,5.83,5.6,3.61,3.46,,82.0,-16.0,-37.8,-6.0
남가좌1동,14.8,17.6,16.8,19.9,17.9,3.82,4.38,3.43,2.67,2.07,,19.0,-4.5,18.7,-10.3
남가좌2동,112.3,132.4,130.0,119.6,119.9,14.93,13.07,11.62,10.84,10.51,,17.8,-1.8,-8.0,0.2
남영동,330.0,370.0,435.6,418.1,386.8,21.02,20.1,19.29,17.07,15.28,,12.1,17.7,-4.0,-7.5
남현동,194.6,194.8,213.7,216.4,195.1,24.31,20.83,20.54,18.81,16.85,,0.1,9.7,1.3,-9.9
내곡동,10.8,12.1,13.9,8.9,9.2,4.6,5.08,5.57,3.55,3.75,,11.9,15.0,-35.8,3.3
노량진1동,1282.6,1146.5,1276.9,1322.6,1012.8,13.55,11.37,9.23,8.48,7.56,,-10.6,11.4,3.6,-23.4
노량진2동,2325.1,2602.2,2579.6,2433.8,2146.4,9.99,8.91,8.28,7.5,6.73,,11.9,-0.9,-5.7,-11.8
녹번동,102.2,138.3,117.1,105.4,83.0,9.05,8.4,6.88,5.62,4.55,,35.3,-15.4,-10.0,-21.2
논현1동,1629.5,1718.3,1738.2,1600.5,1421.7,17.16,17.02,16.53,15.1,14.0,,5.4,1.2,-7.9,-11.2
논현2동,857.2,918.7,972.2,831.9,703.0,14.6,12.75,12.27,10.66,9.17,,7.2,5.8,-14.4,-15.5
능동,136.2,174.2,173.7,150.4,137.3,17.56,17.11,16.3,13.97,13.42,,27.9,-0.3,-13.5,-8.7
다산동,217.9,180.9,178.0,192.7,150.2,18.68,12.8,11.31,11.4,9.07,,-17.0,-1.6,8.2,-22.0
답십리1동,83.7,102.4,96.3,83.4,68.2,9.05,7.54,6.82,5.68,4.75,,22.2,-5.9,-13.4,-18.2
답십리2동,74.7,96.5,86.1,82.9,73.0,8.95,8.3,7.2,6.75,6.08,,29.1,-10.8,-3.6,-12.0
당산1동,278.4,316.9,335.6,310.0,366.5,6.25,5.19,6.3,5.69,6.27,,13.9,5.9,-7.6,18.2
당산2동,322.1,359.4,368.3,333.2,279.3,19.53,16.95,15.6,13.96,12.09,,11.6,2.5,-9.5,-16.2
대림1동,66.6,80.4,77.0,74.2,63.2,7.15,6.98,6.63,6.15,5.3,,20.8,-4.2,-3.7,-14.9
대림2동,97.7,118.5,110.8,83.5,67.8,9.46,7.72,6.74,5.19,4.17,,21.2,-6.5,-24.7,-18.8
대림3동,146.6,147.0,130.5,140.7,92.3,3.28,2.51,2.3,2.76,1.82,,0.3,-11.2,7.8,-34.4
대방동,210.1,224.9,243.3,222.3,181.5,12.42,11.76,11.33,9.87,8.0,,7.0,8.2,-8.6,-18.3
대조동,270.8,312.4,261.5,245.6,227.2,12.87,12.48,10.55,9.47,9.22,,15.4,-16.3,-6.1,-7.5
대치1동,124.3,169.7,161.5,143.6,136.7,4.44,4.05,3.42,2.87,2.57,,36.5,-4.9,-11.1,-4.8
대치2동,361.2,335.8,277.3,242.6,206.1,7.0,5.83,4.54,3.54,2.96,,-7.0,-17.4,-12.5,-15.1
대치4동,531.0,609.1,625.9,585.4,518.5,10.83,8.2,7.54,6.76,6.06,,14.7,2.7,-6.5,-11.4
대학동,318.0,354.1,324.7,319.9,256.9,29.4,27.05,24.99,23.87,20.99,,11.3,-8.3,-1.5,-19.7
대흥동,354.2,406.0,424.5,397.8,365.2,19.69,17.72,18.74,16.93,16.21,,14.6,4.5,-6.3,-8.2
도곡1동,190.7,238.7,187.7,160.5,144.6,8.86,8.62,6.76,5.89,5.25,,25.1,-21.3,-14.5,-9.9
도곡2동,175.7,204.1,191.0,163.1,152.3,8.25,7.97,6.67,5.87,5.25,,16.2,-6.4,-14.6,-6.6
도림동,53.4,48.2,46.7,33.8,24.6,10.68,8.84,7.85,5.76,4.41,,-9.6,-3.1,-27.6,-27.4
도봉1동,92.9,107.9,97.1,82.9,66.9,5.43,5.65,4.9,4.32,3.57,,16.2,-10.0,-14.7,-19.3
도봉2동,27.8,29.1,32.6,27.0,26.1,6.44,6.48,6.72,5.6,5.38,,5.0,11.8,-17.2,-3.4
도화동,182.4,182.8,200.7,189.0,158.5,12.15,10.69,9.16,8.58,6.78,,0.2,9.8,-5.8,-16.2
독산1동,302.9,351.7,342.7,289.5,237.6,3.32,3.55,3.59,3.32,2.69,,16.1,-2.6,-15.5,-17.9
독산2동,64.3,86.7,71.3,57.6,43.4,9.03,9.02,7.93,6.73,5.15,,35.0,-17.8,-19.2,-24.6
독산3동,93.2,106.2,96.6,82.7,74.3,7.41,6.72,5.97,5.22,4.93,,14.0,-9.1,-14.4,-10.1
독산4동,101.8,90.1,90.5,83.5,61.6,16.36,13.78,11.89,11.35,8.8,,-11.5,0.5,-7.8,-26.3
돈암1동,7.9,11.2,13.5,15.1,10.3,3.71,3.63,3.63,3.78,2.93,,40.6,20.9,12.1,-31.8
돈암2동,11.4,15.7,14.2,13.8,13.1,6.15,5.9,5.16,4.47,4.2,,37.6,-9.7,-2.3,-5.0
동선동,636.9,686.9,783.0,746.5,640.3,32.38,29.36,28.68,25.82,23.83,,7.8,14.0,-4.7,-14.2
동화동,59.0,70.1,63.5,79.3,89.1,9.15,10.09,9.72,13.22,9.68,,18.7,-9.4,24.9,12.3
둔촌2동,62.9,77.9,71.9,62.2,50.7,7.38,6.82,6.23,5.49,4.88,,23.7,-7.6,-13.5,-18.5
등촌1동,261.2,302.2,279.7,270.6,241.7,10.4,10.27,9.9,8.92,7.8,,15.7,-7.5,-3.2,-10.7
등촌2동,35.3,30.5,26.6,27.2,28.3,11.1,7.09,7.01,7.13,6.81,,-13.6,-13.0,2.5,4.1
등촌3동,234.2,220.9,212.1,196.1,164.8,10.97,9.05,8.18,6.98,6.21,,-5.7,-4.0,-7.6,-16.0
마장동,78.3,98.7,92.8,78.0,67.4,9.7,9.85,8.41,7.03,6.23,,26.1,-6.0,-15.9,-13.7
마천1동,41.4,44.5,38.9,31.7,35.3,5.62,2.81,2.63,2.12,2.49,,7.4,-12.5,-18.6,11.5
마천2동,82.5,96.3,79.6,59.9,55.7,7.51,6.32,5.02,3.94,3.53,,16.8,-17.3,-24.8,-7.0
망우3동,41.1,50.9,45.1,37.8,30.6,9.03,7.89,7.62,6.36,5.25,,23.8,-11.3,-16.3,-18.9
망우본동,193.3,231.4,199.7,167.4,146.4,9.17,8.77,7.55,6.27,5.34,,19.7,-13.7,-16.2,-12.5
망원1동,280.3,336.6,340.2,314.5,285.6,17.61,17.42,16.56,14.86,13.82,,20.1,1.1,-7.5,-9.2
망원2동,128.7,142.4,153.5,138.7,102.3,13.44,12.8,12.8,10.95,7.99,,10.7,7.8,-9.6,-26.3
면목2동,67.5,79.4,67.4,60.0,51.9,9.05,7.83,6.44,5.72,5.04,,17.7,-15.1,-11.0,-13.5
면목3·8동,198.9,205.2,196.0,177.1,145.7,17.42,14.94,12.85,11.12,9.61,,3.2,-4.4,-9.7,-17.7
면목4동,28.1,39.7,40.6,33.3,27.1,7.01,7.24,7.19,6.61,5.45,,41.2,2.2,-18.0,-18.4
면목5동,26.6,23.9,18.4,16.4,20.9,6.88,7.33,6.08,5.46,5.68,,-9.8,-23.3,-10.5,27.2
면목7동,156.2,151.2,134.3,116.4,102.1,11.27,9.54,8.12,6.63,5.49,,-3.2,-11.2,-13.3,-12.3
면목본동,199.5,229.0,203.7,177.8,152.4,10.94,10.56,9.19,7.9,6.67,,14.8,-11.1,-12.7,-14.3
명동,1506.8,1273.7,1299.2,1293.8,1258.3,20.54,16.93,15.36,13.67,12.66,,-15.5,2.0,-0.4,-2.7
명일1동,163.4,180.3,167.7,142.5,121.9,9.38,8.54,7.27,5.86,5.02,,10.4,-7.0,-15.0,-14.4
명일2동,129.2,214.6,210.0,192.9,144.2,8.21,8.52,7.08,5.72,4.29,,66.1,-2.1,-8.1,-25.2
목1동,322.8,361.9,346.0,282.4,255.4,13.13,12.5,10.61,8.41,7.57,,12.1,-4.4,-18.4,-9.5
목2동,139.6,151.6,153.2,130.0,100.3,13.67,12.8,11.75,10.01,8.68,,8.6,1.1,-15.1,-22.8
목3동,137.2,135.9,120.7,101.6,96.9,10.01,9.7,8.32,6.94,6.55,,-0.9,-11.2,-15.8,-4.6
목4동,67.0,77.0,64.7,51.6,47.8,6.53,6.21,5.61,4.54,4.31,,14.9,-16.0,-20.1,-7.4
목5동,65.3,75.7,65.2,65.6,59.9,4.38,3.48,2.72,2.4,2.11,,15.8,-13.9,0.7,-8.8
무악동,17.3,21.8,21.4,17.8,16.5,9.18,6.94,6.69,5.64,5.19,,26.0,-1.5,-16.9,-7.3
묵1동,152.2,154.2,146.9,118.6,105.3,13.23,10.65,10.36,6.55,5.46,,1.3,-4.7,-19.2,-11.2
묵2동,87.6,124.6,91.9,90.8,91.5,9.7,11.01,9.27,8.09,7.74,,42.2,-26.3,-1.1,0.7
문래동,381.5,447.5,502.6,486.8,468.9,9.4,10.48,11.24,9.02,7.44,,17.3,12.3,-3.1,-3.7
문정1동,88.3,81.2,83.7,88.4,91.4,8.94,7.56,7.23,6.81,7.12,,-8.0,3.1,5.6,3.3
문정2동,448.3,509.0,452.7,438.8,377.0,11.02,8.5,8.77,8.27,6.6,,13.5,-11.0,-3.1,-14.1
미성동,89.6,102.3,92.9,72.0,63.9,10.69,9.93,9.19,6.63,5.89,,14.2,-9.2,-22.5,-11.3
미아동,198.7,183.7,274.6,221.0,124.5,14.16,10.99,15.49,11.54,6.75,,-7.5,49.5,-19.5,-43.7
반포1동,320.1,354.4,390.5,361.4,353.1,14.06,13.2,13.63,11.49,10.82,,10.7,10.2,-7.4,-2.3
반포2동,36.4,31.4,38.6,38.9,29.4,5.62,4.5,4.34,3.23,2.41,,-13.6,22.8,0.8,-24.4
반포3동,156.9,221.9,229.3,192.0,179.5,5.97,6.64,7.72,4.92,4.45,,41.4,3.4,-16.3,-6.5
반포4동,195.9,203.6,198.5,161.9,131.2,6.76,5.59,4.81,3.64,2.95,,4.0,-2.5,-18.4,-19.0
반포본동,8.2,3.5,1.8,1.8,1.4,6.17,3.31,1.99,2.19,2.26,,-57.6,-46.8,0.1,-25.4
발산1동,327.7,345.3,310.0,247.0,205.4,4.96,4.87,4.52,3.61,3.24,,5.4,-10.2,-20.3,-16.8
방배1동,274.8,263.0,283.9,275.0,252.4,10.83,10.63,10.14,8.77,8.92,,-4.3,7.9,-3.1,-8.2
방배2동,190.1,224.7,239.3,251.1,213.5,13.62,15.91,14.45,13.41,11.41,,18.2,6.5,4.9,-15.0
방배3동,35.9,42.5,35.3,29.7,25.9,4.09,4.24,3.47,2.84,2.5,,18.2,-16.8,-15.9,-13.0
방배4동,205.0,196.5,182.2,156.5,142.8,9.57,8.52,7.56,6.31,5.92,,-4.2,-7.3,-14.1,-8.8
방배본동,141.9,155.7,129.6,107.7,115.4,8.05,7.58,6.21,5.02,5.45,,9.7,-16.8,-16.9,7.2
방이1동,98.9,91.9,87.8,80.9,76.0,8.59,6.62,5.88,4.56,3.99,,-7.0,-4.4,-7.8,-6.0
방이2동,755.7,807.7,935.4,912.0,904.9,22.56,20.1,20.64,18.92,18.42,,6.9,15.8,-2.5,-0.8
방학1동,166.4,172.1,192.7,160.4,138.6,10.32,9.02,9.36,7.41,6.32,,3.4,12.0,-16.8,-13.6
방학2동,55.4,60.3,52.0,49.6,37.6,3.94,3.21,2.72,2.24,1.66,,8.8,-13.7,-4.5,-24.3
방학3동,40.1,40.6,29.5,26.3,24.4,8.54,7.95,6.01,4.93,4.35,,1.3,-27.4,-11.0,-7.1
방화1동,162.8,190.9,164.1,153.0,139.7,9.62,8.02,6.75,6.01,5.45,,17.2,-14.0,-6.7,-8.7
방화2동,80.6,94.3,84.2,77.5,72.5,9.11,8.65,7.59,6.77,6.25,,17.0,-10.7,-7.9,-6.4
방화3동,44.1,44.6,41.7,28.6,25.3,12.12,9.12,8.22,5.81,4.9,,1.3,-6.5,-31.5,-11.6
번1동,423.2,344.3,320.5,290.4,256.4,18.55,15.17,13.62,11.75,10.2,,-18.7,-6.9,-9.4,-11.7
번2동,17.8,20.8,18.7,14.6,8.6,6.35,6.87,6.38,5.66,4.18,,16.5,-10.1,-21.9,-41.1
번3동,29.9,31.2,29.9,23.7,18.9,6.47,5.96,5.56,4.02,3.46,,4.2,-4.2,-20.7,-20.5
보광동,80.2,72.0,76.0,58.1,35.7,10.94,10.3,9.81,8.56,7.92,,-10.3,5.6,-23.6,-38.5
보라매동,112.0,129.8,139.9,124.0,94.0,13.23,12.57,13.0,11.34,9.48,,15.9,7.8,-11.4,-24.2
보문동,79.2,63.7,55.6,56.2,53.2,15.17,11.43,11.84,10.48,9.29,,-19.5,-12.9,1.2,-5.4
부암동,23.8,30.1,32.9,33.8,26.6,15.8,11.42,11.32,11.24,8.72,,26.2,9.4,2.8,-21.5
북가좌1동,11.9,11.1,10.4,9.0,5.3,8.88,5.6,5.8,4.78,2.94,,-7.0,-6.0,-14.2,-40.9
북가좌2동,135.7,116.2,117.8,133.2,110.7,9.92,8.15,7.46,7.34,6.6,,-14.3,1.3,13.1,-16.9
북아현동,39.6,45.1,38.3,41.7,40.5,8.61,8.46,6.82,7.34,7.4,,13.8,-15.1,9.1,-3.0
불광1동,160.7,200.6,174.4,167.0,155.2,10.74,10.35,9.72,8.58,7.87,,24.8,-13.1,-4.2,-7.1
불광2동,97.2,109.2,90.3,80.0,69.6,10.12,9.02,7.79,6.65,5.57,,12.4,-17.3,-11.4,-13.0
사근동,616.2,643.1,749.4,740.0,622.2,53.86,47.77,47.35,44.45,41.09,,4.4,16.5,-1.3,-15.9
사당1동,423.5,403.5,441.8,463.0,428.5,22.26,19.58,18.51,17.79,16.42,,-4.7,9.5,4.8,-7.5
사당2동,329.5,385.5,384.4,344.0,317.7,13.73,13.72,12.41,11.09,10.21,,17.0,-0.3,-10.5,-7.6
사당3동,37.3,38.0,39.6,39.7,39.8,11.11,9.54,8.15,7.01,6.76,,1.7,4.3,0.1,0.4
사당4동,79.2,78.3,66.8,53.8,51.1,10.41,8.86,7.88,6.29,5.79,,-1.1,-14.7,-19.5,-5.0
사당5동,23.1,23.7,20.0,16.8,16.2,13.55,12.32,9.86,7.91,7.32,,2.9,-15.7,-16.3,-3.2
사직동,355.0,494.6,548.6,505.0,479.3,14.75,15.27,14.12,12.41,11.56,,39.3,10.9,-7.9,-5.1
삼각산동,28.4,37.0,29.2,27.6,19.7,7.43,7.41,5.71,5.2,3.83,,30.0,-20.9,-5.7,-28.7
삼선동,205.0,218.7,231.7,226.8,229.8,12.01,10.83,10.46,9.64,9.44,,6.7,5.9,-2.1,1.3
삼성1동,1643.9,1761.5,1826.0,1478.3,1082.7,13.5,16.04,15.16,12.73,10.56,,7.2,3.7,-19.0,-26.8
삼성2동,492.4,393.4,386.9,330.4,285.2,12.22,10.79,10.09,9.0,7.92,,-20.1,-1.7,-14.6,-13.7
삼성동,24.1,35.4,23.6,18.9,17.8,6.52,7.31,4.86,3.62,3.83,,46.7,-33.5,-19.8,-5.5
삼양동,53.9,80.2,85.1,49.6,42.5,8.92,11.48,10.53,6.53,5.63,,49.0,6.1,-41.7,-14.3
삼전동,243.7,253.2,242.8,207.7,171.9,10.7,8.94,8.02,7.11,5.72,,3.9,-4.1,-14.5,-17.2
삼청동,226.1,389.6,389.6,304.8,253.8,26.84,29.57,22.89,19.14,16.23,,72.3,-0.0,-21.8,-16.7
상계10동,21.5,26.7,20.9,22.8,22.1,20.41,14.68,13.22,11.95,11.18,,24.5,-21.7,9.2,-3.4
상계1동,182.1,196.6,176.1,151.8,125.1,12.81,11.26,9.16,7.57,6.61,,8.0,-10.5,-13.8,-17.6
상계2동,698.1,756.3,737.1,631.4,552.6,23.36,21.74,20.12,17.34,15.59,,8.3,-2.5,-14.3,-12.5
상계3·4동,30.2,40.4,33.2,29.7,26.4,7.13,8.08,6.47,5.0,4.58,,33.8,-17.8,-10.6,-11.0
상계5동,65.4,77.9,61.3,51.2,48.9,8.92,7.44,6.2,5.39,5.2,,19.1,-21.3,-16.6,-4.4
상계6·7동,483.1,499.4,475.0,498.7,438.1,17.7,14.62,12.93,12.39,10.6,,3.4,-4.9,5.0,-12.2
상계8동,38.6,40.8,40.0,38.0,32.4,8.82,9.0,8.29,7.66,6.39,,5.6,-1.8,-5.1,-14.7
상계9동,37.4,51.8,43.5,38.3,38.6,7.21,7.42,7.49,5.48,4.83,,38.5,-16.0,-12.1,0.9
상도1동,360.1,315.8,361.2,353.0,315.9,18.09,14.32,16.2,14.82,13.17,,-12.3,14.4,-2.3,-10.5
상도2동,91.0,102.0,96.1,81.8,74.6,12.13,10.63,9.59,7.74,7.01,,12.1,-5.8,-14.9,-8.7
상도3동,118.9,148.9,121.5,118.3,102.0,10.21,10.5,8.63,7.81,6.54,,25.2,-18.4,-2.6,-13.8
상도4동,90.2,77.0,73.8,63.4,57.4,10.02,8.81,8.04,7.04,6.77,,-14.6,-4.1,-14.1,-9.4
상봉1동,471.2,64.7,51.2,49.5,46.0,23.38,13.44,10.95,9.26,8.92,,-86.3,-20.8,-3.3,-7.1
상봉2동,522.5,445.3,468.3,471.6,401.1,24.34,19.28,17.9,16.7,14.52,,-14.8,5.2,0.7,-14.9
상암동,382.2,386.7,401.9,392.2,321.5,14.46,13.65,12.75,11.77,10.19,,1.2,3.9,-2.4,-18.0
상일동,40.1,52.1,41.3,38.1,31.3,6.08,6.54,6.1,5.46,3.98,,29.8,-20.7,-7.8,-17.8
서강동,365.1,362.9,433.8,444.1,401.6,30.44,28.5,30.73,29.69,28.13,,-0.6,19.5,2.4,-9.5
서교동,4037.7,4474.0,5178.0,5075.1,4972.5,40.95,38.67,37.65,35.33,34.21,,10.8,15.7,-2.0,-2.0
서림동,125.9,115.9,101.6,80.3,65.4,20.21,17.57,15.68,13.37,11.43,,-7.9,-12.3,-20.9,-18.6
서빙고동,5.0,8.8,10.3,7.5,6.0,3.3,4.12,5.8,4.91,4.52,,75.2,16.5,-27.3,-20.4
서원동,722.9,687.1,850.8,760.4,651.6,39.34,35.18,34.8,31.24,27.88,,-5.0,23.8,-10.6,-14.3
서초1동,260.3,242.2,236.1,205.5,191.7,11.08,9.4,8.67,7.4,6.84,,-7.0,-2.5,-12.9,-6.7
서초2동,477.2,636.7,694.6,623.5,529.8,13.27,13.11,12.78,11.27,9.81,,33.4,9.1,-10.2,-15.0
서초3동,585.0,608.1,606.3,560.1,486.8,10.22,8.88,8.0,7.04,6.23,,3.9,-0.3,-7.6,-13.1
서초4동,1496.0,1540.0,1722.4,1598.7,1437.9,25.86,21.92,22.51,19.65,18.4,,2.9,11.8,-7.2,-10.1
석관동,138.4,156.1,162.6,149.8,146.1,11.72,10.8,10.45,9.08,8.69,,12.7,4.2,-7.9,-2.5
석촌동,325.8,361.2,319.7,303.3,269.4,10.56,10.69,9.62,8.65,7.31,,10.9,-11.5,-5.1,-11.2
성내1동,117.6,135.4,109.6,102.8,94.3,7.58,7.39,6.47,5.44,5.21,,15.2,-19.0,-6.3,-8.3
성내2동,210.2,223.5,233.9,225.0,203.8,15.35,12.79,12.89,11.89,9.69,,6.3,4.7,-3.8,-9.4
성내3동,228.8,223.2,206.7,199.3,171.8,9.81,7.95,7.12,6.87,6.0,,-2.4,-7.4,-3.6,-13.8
성북동,61.1,84.3,75.4,65.3,64.6,9.5,8.2,7.39,6.21,5.75,,38.0,-10.6,-13.4,-1.1
성산1동,116.6,108.1,131.1,148.4,123.7,9.63,8.72,8.53,8.66,9.43,,-7.3,21.3,13.2,-16.6
성산2동,182.1,140.6,136.0,126.8,113.5,13.43,10.71,10.97,9.52,8.49,,-22.8,-3.2,-6.8,-10.5
성수1가1동,87.8,106.7,98.8,92.4,83.5,10.43,11.46,10.19,11.06,10.18,,21.6,-7.4,-6.5,-9.6
성수1가2동,226.8,321.6,370.6,334.8,323.9,12.82,14.09,15.69,13.22,12.84,,41.8,15.3,-9.7,-3.3
성수2가1동,320.4,318.6,723.6,797.7,604.0,14.84,14.4,21.78,23.94,18.77,,-0.6,127.1,10.2,-24.3
성수2가3동,612.2,639.1,824.4,819.3,850.2,17.09,15.8,17.17,17.36,17.63,,4.4,29.0,-0.6,3.8
성현동,33.1,53.3,39.2,31.4,20.7,10.72,4.9,4.71,7.58,4.93,,61.2,-26.5,-19.8,-34.1
세곡동,72.8,86.3,81.9,79.2,76.0,7.37,7.42,6.48,5.63,5.07,,18.5,-5.1,-3.3,-4.1
소공동,328.8,423.7,441.1,413.4,357.8,11.2,9.33,9.15,7.55,5.8,,28.9,4.1,-6.3,-13.4
송정동,22.5,42.7,38.5,28.6,23.5,11.78,14.11,12.86,10.25,8.1,,90.0,-10.0,-25.5,-17.8
송중동,508.3,502.7,469.0,406.6,364.7,17.38,15.28,15.34,13.34,11.51,,-1.1,-6.7,-13.3,-10.3
송천동,136.6,153.8,123.0,102.5,96.4,9.9,9.35,7.35,6.08,5.65,,12.6,-20.0,-16.7,-5.9
송파1동,312.9,374.8,376.5,353.1,345.2,13.52,14.21,14.01,13.1,12.64,,19.8,0.5,-6.2,-2.2
송파2동,65.3,70.2,69.9,58.3,52.7,7.75,5.75,5.75,5.5,5.1,,7.6,-0.5,-16.6,-9.6
수궁동,37.7,45.3,41.0,36.8,29.8,10.01,8.22,7.55,6.7,5.76,,20.2,-9.5,-10.3,-19.1
수색동,7.9,7.4,7.4,6.0,6.5,6.11,4.67,4.02,2.66,2.68,,-6.2,0.0,-18.7,7.8
수서동,223.5,190.1,201.4,191.4,155.1,10.52,8.85,8.4,7.96,6.88,,-14.9,5.9,-5.0,-19.0
수유1동,95.5,127.6,116.5,105.0,79.2,6.58,6.03,5.33,4.73,3.42,,33.5,-8.7,-9.9,-24.6
수유2동,79.2,74.9,67.1,63.5,50.3,9.99,8.54,7.05,6.5,4.94,,-5.4,-10.4,-5.4,-20.8
수유3동,486.5,663.8,699.6,665.6,555.2,20.86,21.6,20.61,18.53,15.25,,36.4,5.4,-4.9,-16.6
숭인1동,22.5,14.7,13.9,11.8,9.9,14.47,10.08,9.78,8.53,6.59,,-34.9,-5.5,-14.8,-15.9
숭인2동,133.8,138.9,154.1,133.6,112.6,15.68,12.51,13.39,10.69,9.41,,3.8,11.0,-13.3,-15.7
시흥1동,281.5,253.0,247.0,195.6,166.0,10.18,7.54,7.09,5.37,4.84,,-10.1,-2.4,-20.8,-15.1
시흥2동,8.6,7.8,7.2,5.9,6.8,3.92,4.95,4.42,3.28,3.49,,-9.1,-7.5,-17.9,14.8
시흥3동,32.3,32.3,30.0,26.5,21.4,6.8,5.87,5.44,5.54,4.88,,0.1,-7.1,-11.7,-19.2
시흥4동,35.2,46.5,43.6,35.1,28.9,8.97,8.85,8.29,7.01,5.64,,32.2,-6.1,-19.6,-17.5
시흥5동,80.2,89.5,88.2,77.9,58.9,8.7,8.1,7.31,6.45,5.37,,11.6,-1.4,-11.8,-24.3
신길1동,93.5,122.1,115.6,108.8,95.4,8.37,8.99,8.4,8.23,7.55,,30.5,-5.3,-5.9,-12.3
신길3동,48.2,53.1,49.7,40.6,37.7,8.56,6.32,5.84,4.83,4.57,,10.2,-6.4,-18.3,-7.1
신길4동,10.1,20.5,20.6,17.2,18.9,8.53,7.13,6.99,5.94,5.71,,103.1,0.6,-16.5,9.7
신길5동,13.0,23.2,16.9,16.4,12.6,4.99,5.42,3.66,3.02,2.61,,78.9,-27.1,-3.3,-23.2
신길6동,101.2,148.3,132.2,110.8,94.7,9.09,10.67,9.41,7.73,6.91,,46.6,-10.9,-16.2,-14.6
신길7동,47.7,64.5,45.5,36.5,27.4,16.33,14.25,10.95,9.87,7.71,,35.2,-29.6,-19.7,-25.0
신내1동,182.8,122.6,115.9,95.3,76.4,8.64,8.59,8.0,6.3,5.25,,-32.9,-5.4,-17.8,-19.8
신내2동,90.5,75.7,77.5,71.9,66.2,9.9,7.52,6.51,5.91,5.01,,-16.3,2.3,-7.1,-8.0
신당5동,94.4,97.8,114.8,110.1,103.7,13.02,10.47,10.75,9.79,9.16,,3.6,17.4,-4.1,-5.8
신당동,239.3,247.2,263.2,251.0,273.8,11.54,9.88,9.75,8.69,9.42,,3.3,6.5,-4.7,9.1
신대방1동,95.3,69.2,72.0,90.1,89.2,15.4,11.46,11.63,13.11,11.83,,-27.3,4.0,25.1,-0.9
신대방2동,165.6,190.5,199.6,173.6,151.3,14.88,13.1,12.1,10.57,9.61,,15.1,4.8,-13.0,-12.9
신도림동,130.6,135.0,125.7,109.2,121.9,10.8,10.57,9.45,8.37,9.19,,3.3,-6.9,-13.1,11.7
신림동,620.6,767.8,819.0,697.5,562.6,31.2,29.16,27.58,24.23,20.87,,23.7,6.7,-14.8,-19.3
신사1동,82.8,92.3,88.3,87.6,77.2,10.87,10.55,9.64,8.9,8.24,,11.4,-4.3,-0.8,-11.9
신사2동,22.9,35.8,28.2,20.5,19.6,6.26,7.57,6.48,4.5,4.43,,56.6,-21.3,-27.1,-4.5
신사동,2840.6,2504.2,2431.4,2087.4,1799.0,25.43,21.4,19.71,17.12,15.28,,-11.8,-2.9,-14.1,-13.8
신수동,68.5,51.8,46.1,42.5,36.1,9.61,6.23,6.1,6.18,5.64,,-24.3,-11.1,-7.8,-15.1
신원동,71.3,86.9,79.9,71.6,57.8,12.62,11.51,10.08,8.76,6.98,,21.9,-8.1,-10.4,-19.2
신월1동,80.5,88.7,80.3,62.6,50.6,8.47,6.75,6.31,4.73,4.04,,10.3,-9.5,-22.0,-19.1
신월2동,33.8,35.9,29.3,21.4,16.4,5.22,5.2,4.48,3.39,2.68,,6.0,-18.4,-26.8,-23.5
신월3동,29.9,43.0,34.6,27.5,19.1,11.71,10.16,8.18,6.05,4.53,,43.6,-19.4,-20.7,-30.6
신월4동,44.9,49.5,49.8,44.3,38.2,9.11,7.86,7.18,6.08,5.23,,10.2,0.6,-11.0,-13.8
신월5동,40.7,51.0,46.6,37.6,33.3,12.27,8.63,7.07,5.63,5.26,,25.3,-8.7,-19.3,-11.5
신월6동,22.8,35.4,37.2,39.3,31.7,5.68,5.63,5.18,4.9,3.84,,55.0,5.2,5.6,-19.3
신월7동,55.5,48.7,48.0,38.1,30.5,9.81,7.97,7.35,5.9,4.86,,-12.1,-1.4,-20.6,-20.0
신정1동,90.2,86.5,86.1,83.0,72.9,8.35,6.97,6.5,5.87,5.3,,-4.1,-0.5,-3.5,-12.3
신정2동,42.2,56.5,51.6,50.0,50.3,4.8,4.89,4.09,3.68,3.88,,33.8,-8.6,-3.1,0.7
신정3동,92.7,135.4,133.5,113.0,101.6,9.14,9.68,9.46,7.66,6.48,,46.0,-1.4,-15.4,-10.0
신정4동,288.7,343.0,326.0,297.2,253.1,10.89,11.19,10.15,8.82,7.66,,18.8,-5.0,-8.9,-14.8
신정6동,25.4,9.2,7.7,5.3,4.5,8.02,2.44,1.99,1.38,1.19,,-63.7,-16.7,-30.3,-15.7
신정7동,52.3,89.5,86.0,67.0,65.1,6.37,6.92,6.27,4.25,3.84,,71.1,-3.9,-22.2,-2.8
신촌동,1604.9,1408.3,1660.8,1720.5,1515.6,40.86,33.21,33.15,32.03,29.39,,-12.2,17.9,3.6,-11.9
쌍문1동,47.9,56.3,55.2,51.5,43.8,11.24,10.27,10.46,9.88,8.65,,17.7,-2.1,-6.6,-15.0
쌍문2동,98.2,92.0,86.6,63.9,66.2,10.67,8.4,7.61,5.57,6.17,,-6.3,-5.8,-26.2,3.5
쌍문3동,85.6,107.4,103.0,109.7,84.1,10.51,8.9,7.82,8.27,6.77,,25.4,-4.0,6.5,-23.4
쌍문4동,26.4,32.6,27.7,23.3,19.8,6.85,6.58,5.37,4.0,3.46,,23.8,-15.2,-15.6,-15.1
아현동,101.8,110.1,129.9,133.3,106.1,10.3,9.74,9.65,8.42,6.9,,8.2,18.0,2.7,-20.5
안암동,402.4,402.4,519.4,514.1,468.8,35.16,32.63,33.69,31.14,29.3,,0.0,29.1,-1.0,-8.8
암사1동,96.3,109.7,91.4,84.8,78.6,7.88,7.96,6.38,5.88,5.32,,13.9,-16.7,-7.2,-7.4
암사2동,88.7,89.8,88.1,80.6,77.3,11.89,10.15,9.19,8.06,7.93,,1.2,-1.9,-8.4,-4.1
암사3동,29.2,30.3,24.8,23.3,20.0,5.63,5.49,4.28,3.54,2.68,,3.5,-17.9,-6.0,-14.2
압구정동,1841.0,2360.9,2385.4,2052.7,1827.7,17.93,16.82,16.66,14.34,12.98,,28.2,1.0,-13.9,-11.0
약수동,100.0,105.2,100.8,98.9,85.4,7.4,10.15,10.52,9.58,8.1,,5.3,-4.2,-2.0,-13.6
양재1동,324.1,375.2,344.4,296.5,259.8,9.27,9.18,7.85,6.0,5.23,,15.8,-8.2,-13.9,-12.4
양재2동,437.4,430.4,409.5,387.9,324.4,9.68,8.35,7.43,6.95,5.86,,-1.6,-4.8,-5.3,-16.4
양평1동,91.7,93.3,105.7,95.9,80.8,8.52,9.08,9.66,8.46,6.95,,1.8,13.2,-9.3,-15.7
양평2동,128.3,147.0,132.7,123.8,117.6,4.62,5.07,4.53,4.81,6.26,,14.6,-9.7,-6.7,-5.1
여의동,1069.0,1244.8,1401.3,1305.6,1157.5,11.25,11.19,10.8,9.42,8.26,,16.4,12.6,-6.8,-11.3
역삼1동,3935.3,4034.8,4217.0,4034.5,3604.9,23.15,20.64,19.96,18.64,17.18,,2.5,4.5,-4.3,-10.6
역삼2동,420.9,455.4,406.9,363.2,305.8,11.98,11.12,10.27,9.04,8.01,,8.2,-10.7,-10.7,-15.8
역촌동,158.4,164.7,150.3,136.1,119.5,11.45,10.46,9.74,8.76,7.99,,4.0,-8.8,-9.5,-12.2
연남동,422.0,568.0,598.8,551.9,520.8,35.46,37.64,35.88,36.43,34.84,,34.6,5.4,-7.8,-5.6
연희동,287.1,323.6,345.6,318.5,295.5,13.52,13.83,13.86,12.24,11.83,,12.7,6.8,-7.8,-7.2
염리동,77.9,86.0,93.9,88.2,78.9,15.14,13.37,12.43,11.15,9.96,,10.4,9.3,-6.2,-10.5
염창동,174.9,199.0,180.9,170.2,145.1,8.83,9.46,8.38,7.76,6.31,,13.8,-9.1,-6.0,-14.8
영등포동,1727.7,1662.5,1735.4,1572.1,1395.8,18.4,16.98,15.23,14.02,12.43,,-3.8,4.4,-9.4,-11.2
영등포본동,209.4,309.6,288.0,496.8,403.5,19.49,17.14,15.83,19.32,16.08,,47.9,-7.0,72.5,-18.8
오금동,145.1,159.4,178.7,166.5,129.6,5.42,5.4,5.71,5.09,4.38,,9.9,12.1,-6.8,-22.2
오류1동,192.2,227.6,197.0,184.1,168.1,15.19,16.19,14.16,12.85,11.84,,18.4,-13.4,-6.5,-8.7
오류2동,66.2,70.3,60.5,51.2,42.6,8.7,8.28,7.27,5.83,4.82,,6.2,-13.9,-15.4,-16.8
오륜동,14.4,15.0,24.7,27.7,24.2,11.27,8.55,11.32,11.73,10.63,,4.3,64.3,12.2,-12.6
옥수동,66.9,37.1,33.3,23.7,22.3,10.66,9.91,7.99,5.59,4.98,,-44.6,-10.4,-28.8,-5.9
왕십리2동,67.7,53.4,52.7,52.0,48.1,19.49,12.22,11.31,10.28,9.16,,-21.0,-1.3,-1.5,-7.4
왕십리도선동,194.2,187.3,204.9,186.7,191.9,17.64,13.48,13.23,11.01,11.57,,-3.6,9.4,-8.9,2.8
용강동,130.9,167.0,161.0,146.5,126.9,6.2,5.75,5.19,4.39,3.57,,27.6,-3.6,-9.0,-13.3
용답동,189.3,147.8,147.0,132.7,119.3,15.96,13.12,11.54,9.98,8.84,,-21.9,-0.6,-9.7,-10.1
용문동,36.5,56.3,56.9,50.6,44.5,5.61,5.74,5.38,4.68,3.89,,54.1,1.1,-11.1,-12.0
용산2가동,89.3,125.4,123.6,109.4,129.9,22.43,23.39,23.41,20.87,23.55,,40.4,-1.5,-11.5,18.7
용신동,272.1,288.4,267.3,229.1,208.7,8.43,7.72,6.87,5.51,4.6,,6.0,-7.3,-14.3,-8.9
우이동,57.2,90.2,78.7,70.4,59.4,7.81,8.25,6.71,5.71,4.77,,57.5,-12.7,-10.6,-15.6
우장산동,114.5,92.3,83.9,70.4,64.0,11.79,8.61,7.31,5.84,5.31,,-19.4,-9.1,-16.1,-9.1
원효로1동,535.1,394.6,325.8,276.3,294.0,7.25,5.71,5.42,5.26,6.29,,-26.3,-17.4,-15.2,6.4
원효로2동,143.7,91.6,65.0,44.5,44.0,3.25,4.21,3.57,2.18,2.03,,-36.3,-29.0,-31.6,-1.0
월계1동,168.7,137.7,156.6,152.9,125.8,22.3,16.83,16.69,15.58,13.54,,-18.4,13.7,-2.3,-17.8
월계2동,17.3,17.1,17.6,14.2,13.9,9.02,7.29,8.36,7.18,6.74,,-0.8,3.0,-19.8,-1.4
월계3동,19.5,27.9,18.0,16.1,14.8,9.52,8.48,5.6,4.93,4.37,,43.1,-35.3,-10.9,-8.1
월곡1동,37.4,60.5,52.9,45.6,35.8,7.44,8.95,7.66,6.4,4.78,,61.9,-12.6,-13.6,-21.5
월곡2동,134.4,144.9,154.7,136.6,119.4,15.15,12.06,12.53,11.33,10.57,,7.8,6.8,-11.7,-12.6
위례동,15.5,28.0,27.3,22.9,19.0,13.52,12.45,9.93,8.21,6.85,,80.5,-2.6,-16.0,-17.2
은천동,181.3,195.6,176.0,159.6,142.0,12.8,12.38,11.19,9.47,9.34,,7.9,-10.0,-9.3,-11.1
을지로동,591.9,764.6,872.3,730.8,658.4,6.43,8.4,8.93,7.95,7.09,,29.2,14.1,-16.2,-9.9
응봉동,2.0,5.6,4.5,4.2,4.6,3.64,5.75,4.32,3.78,4.31,,173.0,-19.8,-6.8,11.1
응암1동,156.3,163.4,169.8,154.0,135.4,10.75,9.96,9.87,8.95,8.11,,4.5,3.9,-9.3,-12.1
응암2동,27.0,42.5,26.0,27.6,20.5,7.7,5.4,4.19,3.74,3.03,,57.3,-38.7,5.9,-25.7
응암3동,182.7,185.8,181.8,157.1,134.3,11.25,10.29,9.88,8.06,6.82,,1.7,-2.2,-13.6,-14.5
이문1동,269.5,252.5,293.8,299.0,273.5,31.47,27.37,28.89,27.0,25.59,,-6.3,16.4,1.8,-8.5
이문2동,26.4,25.4,21.4,19.1,18.6,9.99,8.11,6.77,5.62,5.55,,-3.9,-15.7,-10.9,-2.5
이촌1동,70.8,73.1,68.0,58.5,46.9,5.61,5.36,5.09,4.14,3.45,,3.3,-7.0,-13.9,-19.8
이촌2동,27.1,23.9,13.6,23.1,12.3,12.9,10.83,5.44,7.78,4.94,,-11.8,-43.1,69.4,-46.6
이태원1동,695.1,701.1,994.4,679.4,685.4,31.89,29.51,30.06,23.8,22.99,,0.9,41.8,-31.7,0.9
이태원2동,99.8,143.8,148.3,110.7,105.4,21.98,22.9,21.0,17.09,15.65,,44.1,3.1,-25.4,-4.7
이화동,285.3,278.9,314.8,302.1,260.8,26.61,23.22,22.35,20.34,17.78,,-2.2,12.9,-4.0,-13.7
인수동,58.9,66.9,60.7,46.1,45.5,9.29,8.28,7.26,5.65,5.38,,13.4,-9.2,-24.0,-1.5
인헌동,217.8,238.5,233.6,227.6,184.5,18.77,15.66,14.68,13.3,11.3,,9.5,-2.0,-2.6,-19.0
일원1동,122.1,105.8,113.1,111.5,90.3,12.92,10.69,10.69,9.23,7.03,,-13.3,6.9,-1.4,-19.0
일원2동,14.0,17.3,13.1,10.9,8.8,14.25,11.38,7.47,6.06,5.23,,23.8,-24.5,-16.7,-19.4
일원본동,45.6,41.4,38.0,34.8,26.9,12.32,10.21,8.15,7.02,5.95,,-9.1,-8.4,-8.3,-22.7
자양1동,151.2,154.9,149.4,143.2,135.9,12.16,10.84,10.08,8.97,8.04,,2.4,-3.5,-4.2,-5.1
자양2동,66.0,73.3,65.5,58.7,46.1,11.11,9.87,8.58,7.49,6.48,,11.1,-10.7,-10.4,-21.4
자양3동,468.0,275.0,215.9,299.3,276.8,28.64,18.21,14.01,16.14,15.26,,-41.2,-21.5,38.6,-7.5
자양4동,369.4,390.5,429.6,428.3,377.5,27.38,26.55,25.25,23.55,21.04,,5.7,10.0,-0.3,-11.9
잠실2동,73.2,117.2,147.5,146.4,161.7,5.39,6.25,7.65,6.06,6.17,,60.0,25.9,-0.8,10.5
잠실3동,148.4,220.1,126.6,161.5,250.9,12.22,11.41,9.46,8.47,9.26,,48.3,-42.5,27.6,55.3
잠실4동,17.2,30.6,26.9,24.1,20.5,5.6,6.97,5.57,4.65,3.97,,77.8,-12.2,-10.3,-14.9
잠실6동,1235.1,1484.4,266.4,1393.4,1952.9,24.24,24.83,14.99,20.55,18.31,,20.2,-82.1,423.1,40.1
잠실7동,2.6,7.9,7.9,6.9,7.6,1.51,3.2,3.13,3.36,3.98,,207.3,0.8,-13.0,9.7
잠실본동,781.2,810.0,918.8,871.2,776.8,17.46,14.93,14.88,13.24,12.26,,3.7,13.4,-5.2,-10.8
잠원동,320.0,323.8,335.8,332.2,272.1,13.04,11.8,11.22,10.42,8.42,,1.2,3.7,-1.1,-18.1
장안1동,281.2,333.2,306.3,271.4,229.6,6.54,6.63,5.7,4.33,3.55,,18.5,-8.1,-11.4,-15.4
장안2동,206.7,239.2,201.4,187.7,171.8,6.97,6.95,5.95,5.2,4.46,,15.7,-15.8,-6.8,-8.5
장위1동,33.6,43.2,40.7,41.0,34.3,9.95,10.43,8.9,8.26,7.56,,28.7,-5.8,0.7,-16.2
장위2동,30.2,32.1,32.3,28.5,25.0,6.53,6.24,6.01,5.26,4.51,,6.3,0.8,-12.0,-12.1
장위3동,16.3,23.2,21.2,15.5,9.4,5.84,6.3,7.13,5.74,2.59,,42.8,-8.7,-26.9,-39.1
장지동,79.8,83.9,76.7,66.4,53.9,7.94,6.97,5.9,4.85,4.06,,5.1,-8.6,-13.4,-18.9
장충동,60.8,73.5,83.0,80.6,72.0,9.8,8.45,8.6,8.25,8.25,,20.8,13.0,-2.9,-10.7
전농1동,221.6,264.6,214.9,247.1,221.5,20.4,14.17,16.26,15.42,12.03,,19.4,-18.8,14.9,-10.3
전농2동,60.4,55.0,57.7,50.4,43.8,12.94,9.02,8.37,7.64,7.37,,-8.9,4.9,-12.7,-13.1
정릉1동,36.1,45.4,49.7,38.2,30.7,9.85,11.54,10.85,8.34,7.09,,25.8,9.4,-23.1,-19.7
정릉2동,44.8,59.9,45.3,55.8,37.2,10.62,11.16,8.04,9.24,6.32,,33.8,-24.5,23.2,-33.2
정릉3동,48.2,60.7,68.8,62.4,62.6,16.24,14.98,15.65,13.01,13.32,,25.9,13.4,-9.3,0.3
정릉4동,67.1,80.1,78.9,68.3,64.3,9.47,9.26,8.76,7.48,7.18,,19.5,-1.5,-13.4,-5.9
제기동,381.7,600.1,599.6,590.8,535.2,2.38,2.59,2.52,2.17,1.72,,57.2,-0.1,-1.5,-9.4
조원동,228.4,245.6,222.0,212.6,196.0,12.63,10.26,9.55,8.74,7.98,,7.5,-9.6,-4.3,-7.8
종로1·2·3·4가동,1900.1,2285.7,2340.9,2186.1,2123.4,12.87,11.71,10.67,9.47,9.23,,20.3,2.4,-6.6,-2.9
종로5·6가동,254.2,276.7,321.1,340.7,307.5,7.77,7.09,7.84,7.82,7.18,,8.8,16.1,6.1,-9.7
종암동,129.0,135.0,129.1,116.1,103.5,11.08,9.48,8.4,7.63,6.3,,4.7,-4.3,-10.1,-10.9
중계1동,19.4,17.9,11.9,11.1,10.4,4.82,4.38,2.88,2.38,2.2,,-7.7,-33.3,-7.3,-6.0
중계2·3동,336.3,105.4,125.9,129.4,125.6,6.67,5.72,5.83,5.64,5.88,,-68.6,19.4,2.8,-2.9
중계4동,98.9,116.8,108.4,103.8,85.1,9.66,9.2,8.09,5.73,4.87,,18.1,-7.2,-4.2,-18.1
중계본동,74.1,88.2,76.2,67.3,61.8,5.56,5.75,4.69,3.91,3.57,,19.1,-13.6,-11.7,-8.2
중곡1동,153.2,149.3,168.1,156.4,160.4,9.16,8.25,8.49,7.27,7.21,,-2.5,12.6,-7.0,2.6
중곡2동,168.9,185.2,161.3,135.1,122.8,11.73,11.54,10.25,8.58,7.8,,9.6,-12.9,-16.2,-9.2
중곡3동,81.0,102.2,93.6,72.5,58.9,13.44,12.97,11.26,9.2,7.72,,26.2,-8.3,-22.6,-18.7
중곡4동,148.9,155.2,148.1,117.1,106.7,11.95,11.88,10.95,8.02,8.16,,4.2,-4.5,-21.0,-8.8
중림동,68.6,76.9,78.1,77.7,76.4,6.76,8.02,7.59,6.85,5.88,,12.2,1.5,-0.5,-1.6
중앙동,234.0,263.1,246.1,224.4,190.6,18.42,17.64,16.17,14.63,12.72,,12.4,-6.5,-8.8,-15.1
중화1동,41.9,44.4,33.9,35.7,26.7,8.09,7.53,5.71,4.38,3.22,,5.9,-23.6,5.2,-25.2
중화2동,156.9,166.8,160.6,140.0,114.5,11.99,10.95,10.03,8.12,7.44,,6.3,-3.7,-12.8,-18.2
증산동,31.7,31.9,39.3,30.6,26.1,7.63,7.22,7.09,4.9,4.73,,0.7,22.9,-22.0,-14.7
진관동,87.8,96.0,99.5,94.9,74.8,10.42,8.92,7.42,6.62,5.57,,9.3,3.6,-4.6,-21.2
창1동,156.9,146.0,141.3,125.3,107.8,15.69,13.99,13.08,11.24,9.68,,-6.9,-3.2,-11.3,-14.0
창2동,58.9,70.4,57.1,51.7,44.5,8.2,8.19,6.62,6.15,5.38,,19.6,-18.9,-9.5,-14.0
창3동,35.4,40.7,36.7,35.7,27.2,7.65,6.83,5.87,5.38,4.07,,15.0,-9.9,-2.8,-23.8
창4동,157.4,77.7,74.5,69.9,69.4,18.28,10.96,9.51,8.13,7.73,,-50.6,-4.1,-6.2,-0.7
창5동,178.7,215.2,197.4,167.9,156.0,11.82,9.42,8.4,7.15,6.62,,20.4,-8.2,-15.0,-7.1
창신1동,175.4,223.9,202.0,151.9,166.9,6.64,7.82,5.99,4.76,5.78,,27.6,-9.8,-24.8,9.9
창신2동,47.4,46.5,45.9,42.4,40.1,12.21,9.76,8.97,8.13,7.7,,-2.0,-1.3,-7.5,-5.4
창신3동,4.0,3.2,2.3,1.7,1.9,27.49,19.37,13.62,9.76,9.34,,-17.9,-29.6,-24.2,7.2
천연동,38.8,46.6,47.3,45.7,33.0,7.53,6.47,6.41,5.65,4.64,,20.1,1.6,-3.6,-27.7
천호1동,119.5,83.3,76.2,74.3,65.3,12.58,8.14,7.02,6.51,5.61,,-30.3,-8.5,-2.5,-12.0
천호2동,674.4,611.3,594.2,522.3,473.3,14.15,11.75,9.52,8.89,8.16,,-9.4,-2.8,-12.1,-9.4
천호3동,243.0,226.7,226.2,212.4,199.3,21.11,16.0,16.34,14.4,13.3,,-6.7,-0.2,-6.1,-6.2
청구동,72.8,75.9,37.2,30.8,22.5,13.16,17.46,9.55,7.58,5.41,,4.2,-50.9,-17.2,-26.9
청담동,1376.5,1316.6,1258.2,1067.3,1006.4,14.05,12.67,11.49,9.99,9.07,,-4.4,-4.4,-15.2,-5.7
청량리동,241.2,211.4,170.3,147.2,140.2,16.75,11.35,8.69,7.05,6.45,,-12.3,-19.5,-13.5,-4.8
청룡동,1061.7,685.1,621.1,538.6,446.9,26.21,19.71,18.75,16.9,15.51,,-35.5,-9.3,-13.3,-17.0
청림동,9.5,10.0,9.0,7.9,6.1,7.36,5.71,4.87,4.23,3.99,,6.0,-10.0,-12.6,-23.0
청운효자동,142.7,207.9,208.5,200.4,203.9,20.52,21.25,20.48,19.46,19.28,,45.7,0.3,-3.9,1.8
청파동,201.7,308.5,335.6,329.0,267.7,18.62,20.29,20.02,18.88,16.67,,53.0,8.8,-2.0,-18.6
충현동,132.8,137.0,141.5,117.5,105.1,12.87,11.49,11.25,9.1,8.15,,3.2,3.2,-17.0,-10.5
평창동,20.5,23.0,19.3,16.2,12.6,5.35,5.21,5.47,4.42,3.68,,11.8,-16.1,-16.0,-22.3
풍납1동,27.9,25.0,22.0,16.5,13.8,7.07,5.52,4.98,3.85,3.4,,-10.5,-11.8,-25.0,-16.3
풍납2동,63.7,65.5,63.3,51.7,39.5,7.43,5.59,5.56,4.73,3.92,,2.9,-3.5,-18.4,-23.5
필동,172.7,190.9,244.4,257.1,249.8,18.31,17.13,18.76,18.04,16.97,,10.5,28.0,5.2,-2.8
하계1동,142.7,150.5,129.0,99.0,90.6,6.37,6.42,5.44,4.23,3.97,,5.4,-14.3,-23.3,-8.5
하계2동,11.2,9.8,7.5,6.2,6.6,6.93,7.17,8.63,6.36,5.83,,-12.0,-24.0,-16.4,5.9
한강로동,2836.4,2535.7,1752.8,1647.6,1510.2,7.41,6.81,5.77,6.1,6.22,,-10.6,-30.9,-6.0,-8.3
한남동,630.7,714.0,748.7,705.7,672.1,22.17,22.21,20.18,18.4,17.75,,13.2,4.9,-5.7,-4.8
합정동,687.9,483.0,536.5,500.3,475.0,29.56,23.62,21.67,20.34,17.21,,-29.8,11.1,-6.8,-5.0
항동,,1.1,0.7,0.6,0.3,,12.9,9.42,6.37,5.0,,,-31.6,-19.0,-52.8
행당1동,220.3,229.8,232.1,219.7,203.7,15.89,16.31,15.32,13.49,12.36,,4.3,1.0,-5.3,-7.3
행당2동,26.8,21.8,17.3,13.0,13.0,5.6,9.5,7.68,5.53,5.42,,-18.7,-20.7,-24.9,0.4
행운동,267.9,292.9,277.7,243.1,202.2,18.86,17.99,16.91,15.34,13.25,,9.3,-5.2,-12.5,-16.8
혜화동,539.2,524.8,641.4,683.5,636.8,34.06,31.28,31.03,29.84,28.63,,-2.7,22.2,6.6,-6.8
홍은1동,33.5,50.3,41.4,33.7,25.1,6.39,6.03,5.02,3.72,2.96,,50.5,-17.8,-18.7,-25.5
홍은2동,63.8,69.3,78.6,77.6,69.0,10.88,9.21,8.66,7.98,7.83,,8.7,13.4,-1.3,-11.2
홍제1동,58.3,65.1,62.6,61.7,54.3,10.49,8.58,7.67,7.08,6.59,,11.8,-3.8,-1.4,-12.0
홍제2동,29.7,48.9,50.5,45.4,44.2,12.76,16.53,14.88,10.73,10.36,,64.3,3.5,-10.2,-2.6
홍제3동,87.5,102.7,126.8,91.4,82.2,6.39,5.1,6.14,4.03,3.51,,17.4,23.4,-27.9,-10.0
화곡1동,449.5,483.9,493.9,463.2,428.8,17.23,16.23,15.07,13.0,12.06,,7.6,2.1,-6.2,-7.4
화곡2동,30.2,35.8,31.8,20.3,15.8,6.97,7.09,6.77,4.63,3.96,,18.3,-11.3,-35.9,-22.3
화곡3동,170.4,192.4,175.5,164.7,134.3,18.58,16.64,14.74,13.35,10.96,,12.9,-8.8,-6.1,-18.4
화곡4동,130.1,143.0,120.9,93.7,79.8,9.86,8.87,7.63,5.99,5.35,,9.9,-15.5,-22.5,-14.8
화곡6동,229.0,203.9,207.7,176.5,158.5,17.86,14.04,13.7,11.2,10.26,,-11.0,1.8,-15.0,-10.2
화곡8동,114.2,145.6,140.3,125.2,100.2,12.1,10.72,10.42,9.33,7.85,,27.5,-3.6,-10.8,-19.9
화곡본동,142.5,168.4,159.0,135.1,118.2,12.54,11.21,10.34,8.84,8.21,,18.2,-5.6,-15.1,-12.5
화양동,1387.3,1371.2,1639.8,1556.6,1363.1,49.03,43.81,43.02,40.47,37.84,,-1.2,19.6,-5.1,-12.4
황학동,120.5,146.7,146.9,172.4,144.0,7.13,7.17,6.74,6.88,6.39,,21.7,0.1,17.4,-16.5
회기동,298.3,402.5,485.9,447.7,377.3,32.95,33.94,34.96,31.5,29.42,,35.0,20.7,-7.8,-15.7
회현동,312.4,459.1,392.8,383.3,316.9,5.75,5.95,4.76,4.29,3.37,,47.0,-14.4,-2.4,-17.3
효창동,33.9,32.4,29.7,20.5,17.7,9.23,7.78,6.47,4.83,3.99,,-4.4,-8.4,-30.9,-13.6
후암동,77.5,81.5,84.4,72.4,70.7,10.56,9.86,9.95,8.85,8.01,,5.1,3.5,-14.2,-2.4
휘경1동,174.9,157.9,171.4,156.5,131.4,25.19,23.85,23.25,19.22,16.84,,-9.7,8.6,-8.7,-16.0
휘경2동,79.4,76.6,85.0,74.6,58.2,15.79,12.49,14.04,11.79,9.77,,-3.5,10.9,-12.3,-22.0
흑석동,277.1,283.7,334.4,314.4,267.2,15.93,15.31,15.77,14.52,13.23,,2.4,17.9,-6.0,-15.0
