행정동,연도,분기,나이,이동인구
성수2가1동,2020,1,0,21577.21
성수2가1동,2020,1,10,14008.38
성수2가1동,2020,1,15,28346.71
성수2가1동,2020,1,20,21761.58
성수2가1동,2020,1,25,39147.17
성수2가1동,2020,1,30,35625.1
성수2가1동,2020,1,35,52048.76
성수2가1동,2020,1,40,63364.74
성수2가1동,2020,1,45,79364.67
성수2가1동,2020,1,50,84943.11
성수2가1동,2020,1,55,88448.19
성수2가1동,2020,1,60,69942.5
성수2가1동,2020,1,65,34532.38
성수2가1동,2020,1,70,19220.42
성수2가1동,2020,1,75,15780.81
성수2가1동,2020,1,80,15703.49
성수2가1동,2020,2,0,23496.13
성수2가1동,2020,2,10,15498.01
성수2가1동,2020,2,15,29162.44
성수2가1동,2020,2,20,27079.62
성수2가1동,2020,2,25,48240.75
성수2가1동,2020,2,30,43121.1
성수2가1동,2020,2,35,57976.54
성수2가1동,2020,2,40,68540.23
성수2가1동,2020,2,45,82398.64
성수2가1동,2020,2,50,91096.3
성수2가1동,2020,2,55,97082.31999999999
성수2가1동,2020,2,60,76334.0
성수2가1동,2020,2,65,41243.79
성수2가1동,2020,2,70,21467.18
성수2가1동,2020,2,75,17973.51
성수2가1동,2020,2,80,17059.82
성수2가1동,2020,3,0,23510.43
성수2가1동,2020,3,10,15196.7
성수2가1동,2020,3,15,27687.59
성수2가1동,2020,3,20,29298.4
성수2가1동,2020,3,25,45062.47
성수2가1동,2020,3,30,43688.68
성수2가1동,2020,3,35,58962.5
성수2가1동,2020,3,40,69939.25
성수2가1동,2020,3,45,81411.23
성수2가1동,2020,3,50,90992.89
성수2가1동,2020,3,55,96423.74
성수2가1동,2020,3,60,77563.69
성수2가1동,2020,3,65,42502.64
성수2가1동,2020,3,70,21382.6
성수2가1동,2020,3,75,18424.57
성수2가1동,2020,3,80,15599.85
성수2가1동,2020,4,0,20634.86
성수2가1동,2020,4,10,14292.94
성수2가1동,2020,4,15,23367.86
성수2가1동,2020,4,20,23601.97
성수2가1동,2020,4,25,39640.27
성수2가1동,2020,4,30,37599.28
성수2가1동,2020,4,35,54408.159999999996
성수2가1동,2020,4,40,65880.31
성수2가1동,2020,4,45,75616.12
성수2가1동,2020,4,50,85812.38
성수2가1동,2020,4,55,88644.62
성수2가1동,2020,4,60,74494.86
성수2가1동,2020,4,65,40854.8
성수2가1동,2020,4,70,22028.68
성수2가1동,2020,4,75,19155.84
성수2가1동,2020,4,80,16576.79
성수2가1동,2021,1,0,21366.579999999998
성수2가1동,2021,1,10,13557.210000000001
성수2가1동,2021,1,15,25147.74
성수2가1동,2021,1,20,25924.8
성수2가1동,2021,1,25,43457.11
성수2가1동,2021,1,30,38519.2
성수2가1동,2021,1,35,52867.94
성수2가1동,2021,1,40,64843.14
성수2가1동,2021,1,45,72796.12
성수2가1동,2021,1,50,82190.15
성수2가1동,2021,1,55,86176.92
성수2가1동,2021,1,60,73476.47
성수2가1동,2021,1,65,41577.69
성수2가1동,2021,1,70,21665.0
성수2가1동,2021,1,75,17010.79
성수2가1동,2021,1,80,18620.53
성수2가1동,2021,2,0,32245.44
성수2가1동,2021,2,10,18975.12
성수2가1동,2021,2,15,30860.56
성수2가1동,2021,2,20,34568.56
성수2가1동,2021,2,25,55499.38
성수2가1동,2021,2,30,47883.46
성수2가1동,2021,2,35,64897.95
성수2가1동,2021,2,40,75200.68000000001
성수2가1동,2021,2,45,81361.38
성수2가1동,2021,2,50,93914.93
성수2가1동,2021,2,55,99278.45999999999
성수2가1동,2021,2,60,85431.27
성수2가1동,2021,2,65,50068.42
성수2가1동,2021,2,70,25393.43
성수2가1동,2021,2,75,20586.96
성수2가1동,2021,2,80,22889.81
성수2가1동,2021,3,0,22076.81
성수2가1동,2021,3,10,16134.78
성수2가1동,2021,3,15,25376.13
성수2가1동,2021,3,20,29577.34
성수2가1동,2021,3,25,49321.32
성수2가1동,2021,3,30,43464.45
성수2가1동,2021,3,35,56988.65
성수2가1동,2021,3,40,70793.94
성수2가1동,2021,3,45,75389.95
성수2가1동,2021,3,50,88934.41
성수2가1동,2021,3,55,93678.26
성수2가1동,2021,3,60,82211.27
성수2가1동,2021,3,65,49080.83
성수2가1동,2021,3,70,24626.51
성수2가1동,2021,3,75,19424.86
성수2가1동,2021,3,80,21637.82
성수2가1동,2021,4,0,20214.71
성수2가1동,2021,4,10,18036.13
성수2가1동,2021,4,15,28414.04
성수2가1동,2021,4,20,35570.1
성수2가1동,2021,4,25,55841.25
성수2가1동,2021,4,30,47256.89
성수2가1동,2021,4,35,60247.159999999996
성수2가1동,2021,4,40,73564.41
성수2가1동,2021,4,45,75666.8
성수2가1동,2021,4,50,89936.91
성수2가1동,2021,4,55,96649.26
성수2가1동,2021,4,60,83356.19
성수2가1동,2021,4,65,53556.74
성수2가1동,2021,4,70,24956.36
성수2가1동,2021,4,75,21032.04
성수2가1동,2021,4,80,26209.68
성수2가1동,2022,1,0,19106.72
성수2가1동,2022,1,10,17315.83
성수2가1동,2022,1,15,29066.91
성수2가1동,2022,1,20,34318.46
성수2가1동,2022,1,25,54786.4
성수2가1동,2022,1,30,44636.7
성수2가1동,2022,1,35,53931.14
성수2가1동,2022,1,40,66000.28
성수2가1동,2022,1,45,65940.78
성수2가1동,2022,1,50,82950.86
성수2가1동,2022,1,55,87483.59
성수2가1동,2022,1,60,75028.63
성수2가1동,2022,1,65,50564.16
성수2가1동,2022,1,70,22815.91
성수2가1동,2022,1,75,18928.86
성수2가1동,2022,1,80,23074.84
성수2가1동,2022,2,0,31702.59
성수2가1동,2022,2,10,24564.78
성수2가1동,2022,2,15,38449.55
성수2가1동,2022,2,20,49989.5
성수2가1동,2022,2,25,76062.79
성수2가1동,2022,2,30,61968.55
성수2가1동,2022,2,35,70312.84
성수2가1동,2022,2,40,81232.37
성수2가1동,2022,2,45,76719.87
성수2가1동,2022,2,50,97645.93000000001
성수2가1동,2022,2,55,102786.35
성수2가1동,2022,2,60,94953.34999999999
성수2가1동,2022,2,65,65098.87
성수2가1동,2022,2,70,30478.31
성수2가1동,2022,2,75,24364.95
성수2가1동,2022,2,80,30728.66
성수2가1동,2022,3,0,30142.41
성수2가1동,2022,3,10,22462.96
성수2가1동,2022,3,15,38065.66
성수2가1동,2022,3,20,48729.13
성수2가1동,2022,3,25,72073.33
성수2가1동,2022,3,30,58587.06
성수2가1동,2022,3,35,70408.28
성수2가1동,2022,3,40,79542.2
성수2가1동,2022,3,45,76268.73
성수2가1동,2022,3,50,94904.97
성수2가1동,2022,3,55,102111.45999999999
성수2가1동,2022,3,60,96522.97
성수2가1동,2022,3,65,62059.3
성수2가1동,2022,3,70,31089.31
성수2가1동,2022,3,75,22361.51
성수2가1동,2022,3,80,31684.02
성수2가1동,2022,4,0,27799.260000000002
성수2가1동,2022,4,10,23556.23
성수2가1동,2022,4,15,40333.62
성수2가1동,2022,4,20,53971.78
성수2가1동,2022,4,25,78749.67
성수2가1동,2022,4,30,63181.74
성수2가1동,2022,4,35,72440.45
성수2가1동,2022,4,40,81970.27
성수2가1동,2022,4,45,75945.86
성수2가1동,2022,4,50,96959.06
성수2가1동,2022,4,55,100892.73
성수2가1동,2022,4,60,100795.89
성수2가1동,2022,4,65,64814.35
성수2가1동,2022,4,70,31803.49
성수2가1동,2022,4,75,23217.44
성수2가1동,2022,4,80,31439.93
성수2가1동,2023,1,0,30182.7
성수2가1동,2023,1,10,22758.5
성수2가1동,2023,1,15,38964.7
성수2가1동,2023,1,20,49191.28
성수2가1동,2023,1,25,69227.75
성수2가1동,2023,1,30,56909.87
성수2가1동,2023,1,35,65825.87
성수2가1동,2023,1,40,74419.66
성수2가1동,2023,1,45,68385.89
성수2가1동,2023,1,50,88524.23
성수2가1동,2023,1,55,90621.73999999999
성수2가1동,2023,1,60,94846.79
성수2가1동,2023,1,65,60350.11
성수2가1동,2023,1,70,29330.14
성수2가1동,2023,1,75,21133.829999999998
성수2가1동,2023,1,80,28008.2
성수2가1동,2023,2,0,30602.26
성수2가1동,2023,2,10,20878.19
성수2가1동,2023,2,15,41342.44
성수2가1동,2023,2,20,59853.83
성수2가1동,2023,2,25,86099.72
성수2가1동,2023,2,30,67239.2
성수2가1동,2023,2,35,65350.17
성수2가1동,2023,2,40,74362.98
성수2가1동,2023,2,45,63913.28
성수2가1동,2023,2,50,84584.52
성수2가1동,2023,2,55,89239.98
성수2가1동,2023,2,60,97076.92
성수2가1동,2023,2,65,64388.61
성수2가1동,2023,2,70,31690.5
성수2가1동,2023,2,75,21295.51
성수2가1동,2023,2,80,31617.44
성수2가1동,2023,3,0,28843.04
성수2가1동,2023,3,10,19649.21
성수2가1동,2023,3,15,41529.26
성수2가1동,2023,3,20,54584.5
성수2가1동,2023,3,25,80457.92
성수2가1동,2023,3,30,62111.63
성수2가1동,2023,3,35,61732.65
성수2가1동,2023,3,40,70297.84
성수2가1동,2023,3,45,60923.9
성수2가1동,2023,3,50,80115.54
성수2가1동,2023,3,55,86012.29
성수2가1동,2023,3,60,91500.23
성수2가1동,2023,3,65,61804.57
성수2가1동,2023,3,70,31208.17
성수2가1동,2023,3,75,20619.86
성수2가1동,2023,3,80,32944.27
성수2가1동,2023,4,0,26393.16
성수2가1동,2023,4,10,21316.12
성수2가1동,2023,4,15,48436.07
성수2가1동,2023,4,20,68103.81
성수2가1동,2023,4,25,96918.64
성수2가1동,2023,4,30,70206.75
성수2가1동,2023,4,35,67957.61
성수2가1동,2023,4,40,73398.44
성수2가1동,2023,4,45,62924.590000000004
성수2가1동,2023,4,50,79971.4
성수2가1동,2023,4,55,84310.19
성수2가1동,2023,4,60,89311.67
성수2가1동,2023,4,65,63732.38
성수2가1동,2023,4,70,32384.989999999998
성수2가1동,2023,4,75,21657.34
성수2가1동,2023,4,80,32271.510000000002
성수2가1동,2024,1,0,29837.37
성수2가1동,2024,1,10,22790.62
성수2가1동,2024,1,15,48758.09
성수2가1동,2024,1,20,61251.729999999996
성수2가1동,2024,1,25,89195.65
성수2가1동,2024,1,30,64105.82
성수2가1동,2024,1,35,60576.44
성수2가1동,2024,1,40,68622.58
성수2가1동,2024,1,45,58516.78
성수2가1동,2024,1,50,75643.75
성수2가1동,2024,1,55,78094.45
성수2가1동,2024,1,60,85088.53
성수2가1동,2024,1,65,61075.25
성수2가1동,2024,1,70,29280.14
성수2가1동,2024,1,75,22467.77
성수2가1동,2024,1,80,31003.68
성수2가1동,2024,2,0,38832.14
성수2가1동,2024,2,10,23787.13
성수2가1동,2024,2,15,48952.57
성수2가1동,2024,2,20,68846.83
성수2가1동,2024,2,25,100060.62
성수2가1동,2024,2,30,72740.95
성수2가1동,2024,2,35,70794.54
성수2가1동,2024,2,40,76824.44
성수2가1동,2024,2,45,67411.15
성수2가1동,2024,2,50,80755.66
성수2가1동,2024,2,55,89214.02
성수2가1동,2024,2,60,95605.5
성수2가1동,2024,2,65,71573.62
성수2가1동,2024,2,70,33568.31
성수2가1동,2024,2,75,24711.579999999998
성수2가1동,2024,2,80,38911.68
성수2가1동,2024,3,0,29908.88
성수2가1동,2024,3,10,22383.100000000002
성수2가1동,2024,3,15,48801.159999999996
성수2가1동,2024,3,20,58234.72
성수2가1동,2024,3,25,83019.35
성수2가1동,2024,3,30,61339.1
성수2가1동,2024,3,35,61263.86
성수2가1동,2024,3,40,69288.0
성수2가1동,2024,3,45,59567.01
성수2가1동,2024,3,50,73820.69
성수2가1동,2024,3,55,84335.5
성수2가1동,2024,3,60,88832.02
성수2가1동,2024,3,65,67854.35
성수2가1동,2024,3,70,32755.69
성수2가1동,2024,3,75,23316.489999999998
성수2가1동,2024,3,80,35341.19
성수2가1동,2024,4,0,32154.27
성수2가1동,2024,4,10,26486.18
성수2가1동,2024,4,15,57860.69
성수2가1동,2024,4,20,68112.31999999999
성수2가1동,2024,4,25,97159.78
성수2가1동,2024,4,30,72497.81
성수2가1동,2024,4,35,68008.06
성수2가1동,2024,4,40,76220.31999999999
성수2가1동,2024,4,45,63818.87
성수2가1동,2024,4,50,75530.45
성수2가1동,2024,4,55,86271.3
성수2가1동,2024,4,60,91873.81999999999
성수2가1동,2024,4,65,70504.95
성수2가1동,2024,4,70,34481.26
성수2가1동,2024,4,75,22832.38
성수2가1동,2024,4,80,38617.36
여의동,2020,1,0,101155.83
여의동,2020,1,10,86632.11
여의동,2020,1,15,158234.13999999998
여의동,2020,1,20,128911.49
여의동,2020,1,25,263415.82
여의동,2020,1,30,241833.14
여의동,2020,1,35,312658.52
여의동,2020,1,40,317815.61
여의동,2020,1,45,334068.47
여의동,2020,1,50,285854.05
여의동,2020,1,55,270388.69
여의동,2020,1,60,249797.36
여의동,2020,1,65,181932.52
여의동,2020,1,70,131996.8
여의동,2020,1,75,109799.27
여의동,2020,1,80,120984.43000000001
여의동,2020,2,0,112222.39
여의동,2020,2,10,90672.78
여의동,2020,2,15,191134.86
여의동,2020,2,20,182220.64
여의동,2020,2,25,342949.94
여의동,2020,2,30,287037.72
여의동,2020,2,35,334702.33
여의동,2020,2,40,331384.12
여의동,2020,2,45,332984.47
여의동,2020,2,50,294862.06
여의동,2020,2,55,275713.38
여의동,2020,2,60,251962.19
여의동,2020,2,65,176388.35
여의동,2020,2,70,124241.71
여의동,2020,2,75,98615.02
여의동,2020,2,80,111277.25
여의동,2020,3,0,112025.23
여의동,2020,3,10,80113.68
여의동,2020,3,15,153933.21
여의동,2020,3,20,154202.98
여의동,2020,3,25,291225.83
여의동,2020,3,30,257049.59
여의동,2020,3,35,314651.09
여의동,2020,3,40,318227.04
여의동,2020,3,45,316630.57
여의동,2020,3,50,285092.96
여의동,2020,3,55,260116.86
여의동,2020,3,60,241273.33
여의동,2020,3,65,169185.3
여의동,2020,3,70,118618.18000000001
여의동,2020,3,75,98015.58
여의동,2020,3,80,112327.36
여의동,2020,4,0,93305.75
여의동,2020,4,10,78083.45
여의동,2020,4,15,132067.78
여의동,2020,4,20,112279.94
여의동,2020,4,25,230688.25
여의동,2020,4,30,220267.12
여의동,2020,4,35,279062.35
여의동,2020,4,40,295578.81
여의동,2020,4,45,294321.15
여의동,2020,4,50,272320.3
여의동,2020,4,55,252675.81
여의동,2020,4,60,236495.18
여의동,2020,4,65,169254.71
여의동,2020,4,70,118951.81
여의동,2020,4,75,95820.32
여의동,2020,4,80,111849.73
여의동,2021,1,0,112413.66
여의동,2021,1,10,83631.19
여의동,2021,1,15,170905.41999999998
여의동,2021,1,20,167718.25
여의동,2021,1,25,334987.70999999996
여의동,2021,1,30,292688.18
여의동,2021,1,35,324544.22
여의동,2021,1,40,329370.13
여의동,2021,1,45,316782.56
여의동,2021,1,50,289417.85
여의동,2021,1,55,259964.27
여의동,2021,1,60,239998.93
여의동,2021,1,65,169457.01
여의동,2021,1,70,119110.51
여의동,2021,1,75,92164.91
여의동,2021,1,80,110539.86
여의동,2021,2,0,186942.4
여의동,2021,2,10,126573.94
여의동,2021,2,15,264483.62
여의동,2021,2,20,311934.85
여의동,2021,2,25,558725.69
여의동,2021,2,30,446249.17
여의동,2021,2,35,452712.59
여의동,2021,2,40,434915.97
여의동,2021,2,45,392923.19
여의동,2021,2,50,361422.75
여의동,2021,2,55,328602.52999999997
여의동,2021,2,60,312075.66
여의동,2021,2,65,228221.41
여의동,2021,2,70,153464.35
여의동,2021,2,75,123239.12
여의동,2021,2,80,160736.71
여의동,2021,3,0,133578.14
여의동,2021,3,10,103988.97
여의동,2021,3,15,192684.02
여의동,2021,3,20,220569.93
여의동,2021,3,25,381675.37
여의동,2021,3,30,335812.41
여의동,2021,3,35,345487.51
여의동,2021,3,40,353326.12
여의동,2021,3,45,321148.74
여의동,2021,3,50,299315.56
여의동,2021,3,55,259419.91
여의동,2021,3,60,243574.08
여의동,2021,3,65,175821.02
여의동,2021,3,70,115008.74
여의동,2021,3,75,94934.98
여의동,2021,3,80,132498.62
여의동,2021,4,0,149989.0
여의동,2021,4,10,132669.74
여의동,2021,4,15,239605.86
여의동,2021,4,20,230890.51
여의동,2021,4,25,446494.2
여의동,2021,4,30,415436.05
여의동,2021,4,35,415080.88
여의동,2021,4,40,423707.98
여의동,2021,4,45,381757.02999999997
여의동,2021,4,50,366306.83
여의동,2021,4,55,331981.57
여의동,2021,4,60,319985.95
여의동,2021,4,65,238307.76
여의동,2021,4,70,154306.65
여의동,2021,4,75,130675.02
여의동,2021,4,80,169529.28
여의동,2022,1,0,140337.84
여의동,2022,1,10,113776.84
여의동,2022,1,15,197456.65
여의동,2022,1,20,184120.83
여의동,2022,1,25,367916.77
여의동,2022,1,30,352058.97000000003
여의동,2022,1,35,351048.56
여의동,2022,1,40,365452.52999999997
여의동,2022,1,45,337134.6
여의동,2022,1,50,325395.5
여의동,2022,1,55,286356.87
여의동,2022,1,60,283254.05
여의동,2022,1,65,217953.9
여의동,2022,1,70,139646.4
여의동,2022,1,75,124676.49
여의동,2022,1,80,151005.53
여의동,2022,2,0,331397.36
여의동,2022,2,10,217586.46
여의동,2022,2,15,407652.23
여의동,2022,2,20,431725.7
여의동,2022,2,25,703371.42
여의동,2022,2,30,595032.79
여의동,2022,2,35,554003.21
여의동,2022,2,40,567225.52
여의동,2022,2,45,467298.93
여의동,2022,2,50,451495.56
여의동,2022,2,55,400798.55
여의동,2022,2,60,408188.72
여의동,2022,2,65,326402.91
여의동,2022,2,70,208177.56
여의동,2022,2,75,185007.64
여의동,2022,2,80,236104.94
여의동,2022,3,0,284966.97
여의동,2022,3,10,201768.76
여의동,2022,3,15,329859.1
여의동,2022,3,20,342148.33
여의동,2022,3,25,560125.97
여의동,2022,3,30,517590.79
여의동,2022,3,35,504223.94
여의동,2022,3,40,542324.02
여의동,2022,3,45,446663.51
여의동,2022,3,50,428253.37
여의동,2022,3,55,370372.95
여의동,2022,3,60,376166.38
여의동,2022,3,65,303507.35
여의동,2022,3,70,194384.66
여의동,2022,3,75,179711.4
여의동,2022,3,80,236073.42
여의동,2022,4,0,294881.85
여의동,2022,4,10,230116.82
여의동,2022,4,15,383021.1
여의동,2022,4,20,363123.93
여의동,2022,4,25,620163.65
여의동,2022,4,30,583010.15
여의동,2022,4,35,538213.4
여의동,2022,4,40,587298.81
여의동,2022,4,45,478546.42
여의동,2022,4,50,477949.81
여의동,2022,4,55,421888.87
여의동,2022,4,60,427075.12
여의동,2022,4,65,347677.14
여의동,2022,4,70,218550.94
여의동,2022,4,75,197554.26
여의동,2022,4,80,262450.29
여의동,2023,1,0,235523.66
여의동,2023,1,10,177500.83
여의동,2023,1,15,270416.82
여의동,2023,1,20,237533.78
여의동,2023,1,25,442837.46
여의동,2023,1,30,450573.76
여의동,2023,1,35,428665.11
여의동,2023,1,40,485028.72
여의동,2023,1,45,402048.76
여의동,2023,1,50,400962.63
여의동,2023,1,55,357534.19
여의동,2023,1,60,369755.3
여의동,2023,1,65,308128.88
여의동,2023,1,70,196237.0
여의동,2023,1,75,181809.55
여의동,2023,1,80,244717.86000000002
여의동,2023,2,0,351666.31
여의동,2023,2,10,237642.58
여의동,2023,2,15,358432.86
여의동,2023,2,20,370395.28
여의동,2023,2,25,637531.58
여의동,2023,2,30,591120.15
여의동,2023,2,35,533676.61
여의동,2023,2,40,592983.84
여의동,2023,2,45,467284.59
여의동,2023,2,50,470006.64
여의동,2023,2,55,422845.01
여의동,2023,2,60,447873.51
여의동,2023,2,65,380764.08999999997
여의동,2023,2,70,242460.89
여의동,2023,2,75,223054.88
여의동,2023,2,80,317333.83
여의동,2023,3,0,315054.68
여의동,2023,3,10,224497.79
여의동,2023,3,15,316285.27
여의동,2023,3,20,324784.68
여의동,2023,3,25,582681.3
여의동,2023,3,30,574637.37
여의동,2023,3,35,541197.1
여의동,2023,3,40,618087.8
여의동,2023,3,45,491682.64
여의동,2023,3,50,491299.02
여의동,2023,3,55,411419.0
여의동,2023,3,60,430137.31
여의동,2023,3,65,364165.1
여의동,2023,3,70,231214.47
여의동,2023,3,75,217142.49
여의동,2023,3,80,317458.43
여의동,2023,4,0,309853.23
여의동,2023,4,10,246657.12
여의동,2023,4,15,369143.46
여의동,2023,4,20,320147.23
여의동,2023,4,25,589535.64
여의동,2023,4,30,595821.07
여의동,2023,4,35,547655.54
여의동,2023,4,40,626274.57
여의동,2023,4,45,501659.93
여의동,2023,4,50,507068.34
여의동,2023,4,55,449042.58
여의동,2023,4,60,467464.77999999997
여의동,2023,4,65,399480.62
여의동,2023,4,70,253426.38
여의동,2023,4,75,237122.36
여의동,2023,4,80,331441.83
여의동,2024,1,0,305233.07
여의동,2024,1,10,206221.21
여의동,2024,1,15,285898.83
여의동,2024,1,20,239347.02000000002
여의동,2024,1,25,474168.95
여의동,2024,1,30,501539.99
여의동,2024,1,35,477528.08
여의동,2024,1,40,560076.81
여의동,2024,1,45,442391.14
여의동,2024,1,50,449518.28
여의동,2024,1,55,401545.25
여의동,2024,1,60,417390.08
여의동,2024,1,65,365417.08
여의동,2024,1,70,244900.23
여의동,2024,1,75,225916.8
여의동,2024,1,80,316672.41
여의동,2024,2,0,427434.17
여의동,2024,2,10,273930.23
여의동,2024,2,15,378862.92
여의동,2024,2,20,363055.42
여의동,2024,2,25,655508.04
여의동,2024,2,30,654460.83
여의동,2024,2,35,584728.78
여의동,2024,2,40,656532.38
여의동,2024,2,45,508922.72
여의동,2024,2,50,515152.86
여의동,2024,2,55,460540.95999999996
여의동,2024,2,60,473346.17
여의동,2024,2,65,429247.15
여의동,2024,2,70,282856.81
여의동,2024,2,75,258048.62
여의동,2024,2,80,368930.62
여의동,2024,3,0,287610.6
여의동,2024,3,10,226939.29
여의동,2024,3,15,287684.2
여의동,2024,3,20,259533.37
여의동,2024,3,25,495312.06
여의동,2024,3,30,541328.41
여의동,2024,3,35,508592.41
여의동,2024,3,40,580461.68
여의동,2024,3,45,464100.64
여의동,2024,3,50,477642.4
여의동,2024,3,55,415325.69
여의동,2024,3,60,424237.88
여의동,2024,3,65,388678.48
여의동,2024,3,70,267101.23
여의동,2024,3,75,244628.3
여의동,2024,3,80,340493.64
여의동,2024,4,0,332511.27
여의동,2024,4,10,289353.4
여의동,2024,4,15,403420.44
여의동,2024,4,20,344709.05
여의동,2024,4,25,651068.3099999999
여의동,2024,4,30,696158.88
여의동,2024,4,35,614637.97
여의동,2024,4,40,706333.22
여의동,2024,4,45,610302.65
여의동,2024,4,50,661023.62
여의동,2024,4,55,577256.72
여의동,2024,4,60,540096.54
여의동,2024,4,65,479269.6
여의동,2024,4,70,309961.22000000003
여의동,2024,4,75,267034.65
여의동,2024,4,80,374670.7
