행정동,연도,분기,예측_상태,확률_하락,확률_유지,확률_상승,주말집중도,구역유형
청운효자동,2024,1,상승,0.135,0.32,0.545,0.97484726173548,주거형
청운효자동,2024,2,유지,0.43,0.499,0.071,0.97484726173548,주거형
청운효자동,2024,3,하락,0.875,0.108,0.017,0.97484726173548,주거형
청운효자동,2024,4,유지,0.347,0.544,0.109,0.97484726173548,주거형
사직동,2024,1,유지,0.1,0.858,0.042,0.7184166036096653,오피스형
사직동,2024,2,유지,0.072,0.91,0.017,0.7184166036096653,오피스형
사직동,2024,3,유지,0.036,0.885,0.079,0.7184166036096653,오피스형
사직동,2024,4,유지,0.062,0.903,0.035,0.7184166036096653,오피스형
삼청동,2024,1,유지,0.016,0.982,0.001,0.8865341911528192,혼합형
삼청동,2024,2,유지,0.011,0.983,0.007,0.8865341911528192,혼합형
삼청동,2024,3,유지,0.01,0.988,0.001,0.8865341911528192,혼합형
삼청동,2024,4,유지,0.02,0.97,0.01,0.8865341911528192,혼합형
부암동,2024,1,상승,0.262,0.193,0.545,0.9884283592699132,주거형
부암동,2024,2,하락,0.496,0.426,0.077,0.9884283592699132,주거형
부암동,2024,3,하락,0.395,0.299,0.306,0.9884283592699132,주거형
부암동,2024,4,하락,0.536,0.34,0.124,0.9884283592699132,주거형
평창동,2024,1,유지,0.222,0.755,0.023,1.075043087930917,주거형
평창동,2024,2,유지,0.305,0.677,0.017,1.075043087930917,주거형
평창동,2024,3,유지,0.416,0.57,0.013,1.075043087930917,주거형
평창동,2024,4,유지,0.341,0.563,0.096,1.075043087930917,주거형
무악동,2024,1,유지,0.092,0.833,0.074,0.9796880475167944,주거형
무악동,2024,2,유지,0.069,0.904,0.027,0.9796880475167944,주거형
무악동,2024,3,유지,0.021,0.949,0.03,0.9796880475167944,주거형
무악동,2024,4,유지,0.203,0.708,0.088,0.9796880475167944,주거형
교남동,2024,1,유지,0.003,0.845,0.151,0.9456909383877012,혼합형
교남동,2024,2,유지,0.017,0.88,0.102,0.9456909383877012,혼합형
교남동,2024,3,유지,0.038,0.903,0.059,0.9456909383877012,혼합형
교남동,2024,4,유지,0.041,0.864,0.095,0.9456909383877012,혼합형
가회동,2024,1,유지,0.008,0.99,0.001,0.7601050763070757,오피스형
가회동,2024,2,유지,0.005,0.994,0.001,0.7601050763070757,오피스형
가회동,2024,3,유지,0.004,0.994,0.002,0.7601050763070757,오피스형
가회동,2024,4,유지,0.011,0.988,0.001,0.7601050763070757,오피스형
종로1·2·3·4가동,2024,1,상승,0.048,0.101,0.851,0.647287697114966,오피스형
종로1·2·3·4가동,2024,2,상승,0.095,0.26,0.645,0.647287697114966,오피스형
종로1·2·3·4가동,2024,3,하락,0.594,0.324,0.082,0.647287697114966,오피스형
종로1·2·3·4가동,2024,4,하락,0.508,0.249,0.243,0.647287697114966,오피스형
종로5·6가동,2024,1,하락,0.573,0.213,0.214,0.7060754679667992,오피스형
종로5·6가동,2024,2,하락,0.395,0.235,0.369,0.7060754679667992,오피스형
종로5·6가동,2024,3,하락,0.38,0.286,0.334,0.7060754679667992,오피스형
종로5·6가동,2024,4,하락,0.404,0.192,0.403,0.7060754679667992,오피스형
이화동,2024,1,유지,0.013,0.981,0.006,0.767391051357039,오피스형
이화동,2024,2,유지,0.03,0.963,0.006,0.767391051357039,오피스형
이화동,2024,3,유지,0.024,0.973,0.003,0.767391051357039,오피스형
이화동,2024,4,유지,0.021,0.971,0.008,0.767391051357039,오피스형
혜화동,2024,1,유지,0.002,0.998,0.0,0.9864950209890178,주거형
혜화동,2024,2,유지,0.001,0.999,0.0,0.9864950209890178,주거형
혜화동,2024,3,유지,0.001,0.999,0.0,0.9864950209890178,주거형
혜화동,2024,4,유지,0.001,0.999,0.0,0.9864950209890178,주거형
창신1동,2024,1,유지,0.039,0.869,0.092,0.9048363233421928,혼합형
창신1동,2024,2,유지,0.088,0.852,0.06,0.9048363233421928,혼합형
창신1동,2024,3,유지,0.228,0.756,0.017,0.9048363233421928,혼합형
창신1동,2024,4,유지,0.008,0.97,0.021,0.9048363233421928,혼합형
창신2동,2024,1,하락,0.678,0.248,0.074,1.0209771989350036,주거형
창신2동,2024,2,유지,0.204,0.767,0.029,1.0209771989350036,주거형
창신2동,2024,3,유지,0.157,0.472,0.371,1.0209771989350036,주거형
창신2동,2024,4,상승,0.185,0.393,0.423,1.0209771989350036,주거형
창신3동,2024,1,유지,0.27,0.671,0.059,1.0457494307326105,주거형
창신3동,2024,2,상승,0.036,0.407,0.558,1.0457494307326105,주거형
창신3동,2024,3,유지,0.278,0.716,0.006,1.0457494307326105,주거형
창신3동,2024,4,유지,0.428,0.557,0.014,1.0457494307326105,주거형
숭인1동,2024,1,상승,0.394,0.207,0.399,1.0418863428078575,주거형
숭인1동,2024,2,하락,0.611,0.248,0.141,1.0418863428078575,주거형
숭인1동,2024,3,하락,0.555,0.28,0.165,1.0418863428078575,주거형
숭인1동,2024,4,하락,0.397,0.24,0.363,1.0418863428078575,주거형
숭인2동,2024,1,유지,0.432,0.487,0.081,1.0325909298952218,주거형
숭인2동,2024,2,상승,0.181,0.32,0.5,1.0325909298952218,주거형
숭인2동,2024,3,하락,0.469,0.463,0.068,1.0325909298952218,주거형
숭인2동,2024,4,유지,0.454,0.485,0.061,1.0325909298952218,주거형
소공동,2024,1,상승,0.148,0.157,0.694,0.4427648296902651,오피스형
소공동,2024,2,상승,0.032,0.236,0.732,0.4427648296902651,오피스형
소공동,2024,3,유지,0.367,0.479,0.153,0.4427648296902651,오피스형
소공동,2024,4,유지,0.063,0.673,0.264,0.4427648296902651,오피스형
회현동,2024,1,유지,0.256,0.513,0.23,0.5225068850782348,오피스형
회현동,2024,2,상승,0.048,0.188,0.765,0.5225068850782348,오피스형
회현동,2024,3,유지,0.435,0.476,0.089,0.5225068850782348,오피스형
회현동,2024,4,유지,0.218,0.535,0.247,0.5225068850782348,오피스형
명동,2024,1,유지,0.04,0.801,0.158,0.5124499052497337,오피스형
명동,2024,2,유지,0.069,0.88,0.05,0.5124499052497337,오피스형
명동,2024,3,유지,0.103,0.797,0.1,0.5124499052497337,오피스형
명동,2024,4,유지,0.035,0.951,0.014,0.5124499052497337,오피스형
필동,2024,1,유지,0.049,0.755,0.196,0.6572895035031051,오피스형
필동,2024,2,유지,0.137,0.844,0.018,0.6572895035031051,오피스형
필동,2024,3,유지,0.047,0.869,0.084,0.6572895035031051,오피스형
필동,2024,4,유지,0.036,0.907,0.057,0.6572895035031051,오피스형
장충동,2024,1,상승,0.07,0.363,0.567,0.9121591192083794,혼합형
장충동,2024,2,유지,0.347,0.649,0.003,0.9121591192083794,혼합형
장충동,2024,3,유지,0.114,0.855,0.031,0.9121591192083794,혼합형
장충동,2024,4,유지,0.345,0.496,0.159,0.9121591192083794,혼합형
광희동,2024,1,유지,0.341,0.571,0.089,0.722004371830322,오피스형
광희동,2024,2,하락,0.511,0.429,0.059,0.722004371830322,오피스형
광희동,2024,3,유지,0.139,0.622,0.239,0.722004371830322,오피스형
광희동,2024,4,유지,0.312,0.42,0.268,0.722004371830322,오피스형
을지로동,2024,1,유지,0.161,0.787,0.052,0.5173892766683099,오피스형
을지로동,2024,2,유지,0.026,0.719,0.255,0.5173892766683099,오피스형
을지로동,2024,3,유지,0.165,0.784,0.051,0.5173892766683099,오피스형
을지로동,2024,4,유지,0.078,0.898,0.023,0.5173892766683099,오피스형
신당동,2024,1,유지,0.086,0.491,0.423,0.7279210959190997,오피스형
신당동,2024,2,유지,0.15,0.691,0.159,0.7279210959190997,오피스형
신당동,2024,3,유지,0.134,0.7,0.166,0.7279210959190997,오피스형
신당동,2024,4,유지,0.066,0.787,0.148,0.7279210959190997,오피스형
다산동,2024,1,상승,0.25,0.279,0.47,0.9148918878674208,혼합형
다산동,2024,2,하락,0.499,0.359,0.142,0.9148918878674208,혼합형
다산동,2024,3,하락,0.467,0.405,0.128,0.9148918878674208,혼합형
다산동,2024,4,유지,0.323,0.491,0.186,0.9148918878674208,혼합형
약수동,2024,1,하락,0.425,0.307,0.268,1.0348317064269867,주거형
약수동,2024,2,유지,0.348,0.443,0.209,1.0348317064269867,주거형
약수동,2024,3,유지,0.371,0.45,0.178,1.0348317064269867,주거형
약수동,2024,4,유지,0.269,0.47,0.261,1.0348317064269867,주거형
청구동,2024,1,상승,0.047,0.083,0.871,0.9785223094888754,주거형
청구동,2024,2,상승,0.253,0.123,0.624,0.9785223094888754,주거형
청구동,2024,3,하락,0.933,0.05,0.017,0.9785223094888754,주거형
청구동,2024,4,하락,0.962,0.028,0.01,0.9785223094888754,주거형
신당5동,2024,1,상승,0.037,0.393,0.57,1.0485515395792664,주거형
신당5동,2024,2,유지,0.095,0.479,0.426,1.0485515395792664,주거형
신당5동,2024,3,유지,0.324,0.652,0.024,1.0485515395792664,주거형
신당5동,2024,4,유지,0.2,0.781,0.019,1.0485515395792664,주거형
동화동,2024,1,유지,0.233,0.515,0.252,1.0051585808196288,주거형
동화동,2024,2,하락,0.573,0.353,0.074,1.0051585808196288,주거형
동화동,2024,3,유지,0.269,0.688,0.042,1.0051585808196288,주거형
동화동,2024,4,상승,0.181,0.359,0.46,1.0051585808196288,주거형
황학동,2024,1,상승,0.406,0.169,0.425,1.0532115629480665,주거형
황학동,2024,2,상승,0.082,0.415,0.503,1.0532115629480665,주거형
황학동,2024,3,하락,0.979,0.012,0.009,1.0532115629480665,주거형
황학동,2024,4,하락,0.494,0.36,0.146,1.0532115629480665,주거형
중림동,2024,1,상승,0.015,0.063,0.922,0.8234354150792838,혼합형
중림동,2024,2,상승,0.099,0.192,0.709,0.8234354150792838,혼합형
중림동,2024,3,상승,0.227,0.36,0.413,0.8234354150792838,혼합형
중림동,2024,4,하락,0.75,0.156,0.093,0.8234354150792838,혼합형
후암동,2024,1,유지,0.042,0.509,0.449,1.0280809151121564,주거형
후암동,2024,2,유지,0.259,0.663,0.078,1.0280809151121564,주거형
후암동,2024,3,유지,0.205,0.569,0.226,1.0280809151121564,주거형
후암동,2024,4,유지,0.16,0.763,0.077,1.0280809151121564,주거형
용산2가동,2024,1,유지,0.005,0.994,0.0,1.0676124114883243,주거형
용산2가동,2024,2,유지,0.002,0.998,0.0,1.0676124114883243,주거형
용산2가동,2024,3,유지,0.005,0.995,0.0,1.0676124114883243,주거형
용산2가동,2024,4,유지,0.002,0.998,0.0,1.0676124114883243,주거형
남영동,2024,1,유지,0.007,0.986,0.007,0.7738694657040047,오피스형
남영동,2024,2,유지,0.014,0.966,0.02,0.7738694657040047,오피스형
남영동,2024,3,유지,0.027,0.963,0.01,0.7738694657040047,오피스형
남영동,2024,4,유지,0.02,0.97,0.01,0.7738694657040047,오피스형
청파동,2024,1,유지,0.033,0.709,0.258,0.9633458857985076,주거형
청파동,2024,2,유지,0.107,0.722,0.171,0.9633458857985076,주거형
청파동,2024,3,유지,0.154,0.667,0.179,0.9633458857985076,주거형
청파동,2024,4,유지,0.117,0.628,0.255,0.9633458857985076,주거형
원효로1동,2024,1,유지,0.005,0.982,0.012,0.9250773587105224,혼합형
원효로1동,2024,2,유지,0.015,0.893,0.093,0.9250773587105224,혼합형
원효로1동,2024,3,유지,0.001,0.944,0.055,0.9250773587105224,혼합형
원효로1동,2024,4,유지,0.001,0.694,0.305,0.9250773587105224,혼합형
원효로2동,2024,1,유지,0.003,0.954,0.043,0.970446701637198,주거형
원효로2동,2024,2,유지,0.252,0.732,0.016,0.970446701637198,주거형
원효로2동,2024,3,유지,0.01,0.974,0.017,0.970446701637198,주거형
원효로2동,2024,4,유지,0.002,0.981,0.017,0.970446701637198,주거형
효창동,2024,1,유지,0.039,0.645,0.316,0.9575761932497896,주거형
효창동,2024,2,유지,0.301,0.64,0.059,0.9575761932497896,주거형
효창동,2024,3,하락,0.784,0.178,0.038,0.9575761932497896,주거형
효창동,2024,4,유지,0.229,0.63,0.141,0.9575761932497896,주거형
용문동,2024,1,유지,0.429,0.494,0.077,1.041684127984908,주거형
용문동,2024,2,하락,0.467,0.4,0.134,1.041684127984908,주거형
용문동,2024,3,유지,0.25,0.607,0.143,1.041684127984908,주거형
용문동,2024,4,유지,0.193,0.592,0.216,1.041684127984908,주거형
한강로동,2024,1,유지,0.005,0.973,0.022,0.941150000388728,혼합형
한강로동,2024,2,유지,0.011,0.981,0.008,0.941150000388728,혼합형
한강로동,2024,3,유지,0.003,0.985,0.013,0.941150000388728,혼합형
한강로동,2024,4,유지,0.003,0.982,0.016,0.941150000388728,혼합형
이촌1동,2024,1,상승,0.033,0.268,0.699,1.0228415758355751,주거형
이촌1동,2024,2,유지,0.175,0.648,0.177,1.0228415758355751,주거형
이촌1동,2024,3,유지,0.227,0.677,0.096,1.0228415758355751,주거형
이촌1동,2024,4,유지,0.25,0.448,0.303,1.0228415758355751,주거형
이촌2동,2024,1,유지,0.046,0.767,0.187,1.1057476657757683,상권형
이촌2동,2024,2,유지,0.244,0.415,0.341,1.1057476657757683,상권형
이촌2동,2024,3,유지,0.008,0.651,0.341,1.1057476657757683,상권형
이촌2동,2024,4,하락,0.861,0.068,0.071,1.1057476657757683,상권형
이태원1동,2024,1,유지,0.02,0.98,0.001,1.2251230307924257,상권형
이태원1동,2024,2,유지,0.005,0.995,0.0,1.2251230307924257,상권형
이태원1동,2024,3,유지,0.009,0.99,0.001,1.2251230307924257,상권형
이태원1동,2024,4,유지,0.005,0.994,0.001,1.2251230307924257,상권형
이태원2동,2024,1,유지,0.004,0.995,0.001,1.0537090897068235,주거형
이태원2동,2024,2,유지,0.002,0.997,0.001,1.0537090897068235,주거형
이태원2동,2024,3,유지,0.004,0.996,0.001,1.0537090897068235,주거형
이태원2동,2024,4,유지,0.002,0.997,0.001,1.0537090897068235,주거형
한남동,2024,1,유지,0.01,0.986,0.004,0.928831293899378,혼합형
한남동,2024,2,유지,0.012,0.987,0.001,0.928831293899378,혼합형
한남동,2024,3,유지,0.011,0.987,0.002,0.928831293899378,혼합형
한남동,2024,4,유지,0.006,0.99,0.005,0.928831293899378,혼합형
서빙고동,2024,1,하락,0.593,0.208,0.199,1.075378316245346,주거형
서빙고동,2024,2,하락,0.621,0.175,0.204,1.075378316245346,주거형
서빙고동,2024,3,하락,0.45,0.401,0.15,1.075378316245346,주거형
서빙고동,2024,4,상승,0.045,0.059,0.896,1.075378316245346,주거형
보광동,2024,1,유지,0.183,0.439,0.377,1.003554242119196,주거형
보광동,2024,2,유지,0.279,0.582,0.139,1.003554242119196,주거형
보광동,2024,3,하락,0.518,0.441,0.041,1.003554242119196,주거형
보광동,2024,4,유지,0.318,0.631,0.05,1.003554242119196,주거형
왕십리2동,2024,1,상승,0.204,0.189,0.607,1.0640263831932326,주거형
왕십리2동,2024,2,하락,0.644,0.2,0.156,1.0640263831932326,주거형
왕십리2동,2024,3,하락,0.994,0.004,0.002,1.0640263831932326,주거형
왕십리2동,2024,4,하락,0.991,0.006,0.003,1.0640263831932326,주거형
왕십리도선동,2024,1,상승,0.035,0.114,0.851,0.997986258857836,주거형
왕십리도선동,2024,2,하락,0.601,0.366,0.034,0.997986258857836,주거형
왕십리도선동,2024,3,유지,0.387,0.53,0.083,0.997986258857836,주거형
왕십리도선동,2024,4,유지,0.264,0.714,0.022,0.997986258857836,주거형
마장동,2024,1,유지,0.095,0.558,0.347,0.9679717905075408,주거형
마장동,2024,2,유지,0.27,0.675,0.055,0.9679717905075408,주거형
마장동,2024,3,유지,0.322,0.578,0.1,0.9679717905075408,주거형
마장동,2024,4,하락,0.465,0.351,0.184,0.9679717905075408,주거형
사근동,2024,1,유지,0.004,0.99,0.006,0.8300943592287802,혼합형
사근동,2024,2,유지,0.01,0.984,0.007,0.8300943592287802,혼합형
사근동,2024,3,유지,0.014,0.97,0.016,0.8300943592287802,혼합형
사근동,2024,4,유지,0.018,0.975,0.007,0.8300943592287802,혼합형
행당1동,2024,1,유지,0.062,0.703,0.235,0.9816435101580072,주거형
행당1동,2024,2,유지,0.188,0.624,0.188,0.9816435101580072,주거형
행당1동,2024,3,하락,0.504,0.456,0.04,0.9816435101580072,주거형
행당1동,2024,4,유지,0.336,0.469,0.195,0.9816435101580072,주거형
행당2동,2024,1,상승,0.012,0.115,0.872,1.0356304353970351,주거형
행당2동,2024,2,상승,0.363,0.207,0.43,1.0356304353970351,주거형
행당2동,2024,3,상승,0.344,0.208,0.448,1.0356304353970351,주거형
행당2동,2024,4,하락,0.479,0.327,0.193,1.0356304353970351,주거형
응봉동,2024,1,상승,0.045,0.146,0.809,1.031062979113267,주거형
응봉동,2024,2,상승,0.276,0.273,0.45,1.031062979113267,주거형
응봉동,2024,3,상승,0.088,0.231,0.681,1.031062979113267,주거형
응봉동,2024,4,하락,0.75,0.145,0.105,1.031062979113267,주거형
금호1가동,2024,1,상승,0.118,0.168,0.715,1.0995715507985149,주거형
금호1가동,2024,2,유지,0.255,0.475,0.271,1.0995715507985149,주거형
금호1가동,2024,3,하락,0.595,0.37,0.034,1.0995715507985149,주거형
금호1가동,2024,4,하락,0.87,0.112,0.018,1.0995715507985149,주거형
금호2·3가동,2024,1,유지,0.16,0.805,0.035,1.065509468364655,주거형
금호2·3가동,2024,2,상승,0.044,0.411,0.545,1.065509468364655,주거형
금호2·3가동,2024,3,유지,0.408,0.567,0.025,1.065509468364655,주거형
금호2·3가동,2024,4,상승,0.089,0.307,0.604,1.065509468364655,주거형
금호4가동,2024,1,상승,0.011,0.391,0.597,1.0484280897399674,주거형
금호4가동,2024,2,유지,0.356,0.469,0.175,1.0484280897399674,주거형
금호4가동,2024,3,유지,0.42,0.523,0.057,1.0484280897399674,주거형
금호4가동,2024,4,하락,0.476,0.378,0.146,1.0484280897399674,주거형
옥수동,2024,1,상승,0.096,0.269,0.635,1.008822405942465,주거형
옥수동,2024,2,하락,0.596,0.256,0.148,1.008822405942465,주거형
옥수동,2024,3,하락,0.586,0.282,0.132,1.008822405942465,주거형
옥수동,2024,4,유지,0.409,0.481,0.11,1.008822405942465,주거형
성수1가1동,2024,1,하락,0.57,0.273,0.157,0.8996349210261414,혼합형
성수1가1동,2024,2,상승,0.115,0.163,0.722,0.8996349210261414,혼합형
성수1가1동,2024,3,상승,0.167,0.329,0.504,0.8996349210261414,혼합형
성수1가1동,2024,4,유지,0.302,0.486,0.212,0.8996349210261414,혼합형
성수1가2동,2024,1,유지,0.119,0.668,0.213,0.7719460324719545,오피스형
성수1가2동,2024,2,상승,0.007,0.024,0.97,0.7719460324719545,오피스형
성수1가2동,2024,3,유지,0.083,0.846,0.072,0.7719460324719545,오피스형
성수1가2동,2024,4,하락,0.516,0.468,0.016,0.7719460324719545,오피스형
성수2가1동,2024,1,상승,0.079,0.346,0.574,0.9211379984127168,혼합형
성수2가1동,2024,2,유지,0.055,0.701,0.244,0.9211379984127168,혼합형
성수2가1동,2024,3,하락,0.494,0.414,0.092,0.9211379984127168,혼합형
성수2가1동,2024,4,유지,0.193,0.449,0.358,0.9211379984127168,혼합형
성수2가3동,2024,1,상승,0.012,0.056,0.933,0.6958490525042871,오피스형
성수2가3동,2024,2,유지,0.181,0.593,0.226,0.6958490525042871,오피스형
성수2가3동,2024,3,하락,0.489,0.447,0.065,0.6958490525042871,오피스형
성수2가3동,2024,4,상승,0.121,0.095,0.784,0.6958490525042871,오피스형
송정동,2024,1,상승,0.02,0.116,0.864,0.973190088289098,주거형
송정동,2024,2,상승,0.152,0.326,0.522,0.973190088289098,주거형
송정동,2024,3,상승,0.279,0.112,0.61,0.973190088289098,주거형
송정동,2024,4,하락,0.942,0.019,0.039,0.973190088289098,주거형
용답동,2024,1,상승,0.179,0.32,0.501,0.9762383150467914,주거형
용답동,2024,2,하락,0.446,0.217,0.337,0.9762383150467914,주거형
용답동,2024,3,하락,0.45,0.283,0.267,0.9762383150467914,주거형
용답동,2024,4,하락,0.415,0.33,0.255,0.9762383150467914,주거형
화양동,2024,1,유지,0.001,0.999,0.0,1.0124760565661062,주거형
화양동,2024,2,유지,0.001,0.999,0.0,1.0124760565661062,주거형
화양동,2024,3,유지,0.001,0.998,0.0,1.0124760565661062,주거형
화양동,2024,4,유지,0.001,0.998,0.001,1.0124760565661062,주거형
군자동,2024,1,상승,0.039,0.061,0.9,0.9434298586554598,혼합형
군자동,2024,2,상승,0.051,0.118,0.831,0.9434298586554598,혼합형
군자동,2024,3,유지,0.4,0.466,0.134,0.9434298586554598,혼합형
군자동,2024,4,하락,0.721,0.24,0.039,0.9434298586554598,혼합형
중곡1동,2024,1,상승,0.011,0.133,0.856,1.0427554089523805,주거형
중곡1동,2024,2,유지,0.33,0.377,0.293,1.0427554089523805,주거형
중곡1동,2024,3,유지,0.398,0.414,0.187,1.0427554089523805,주거형
중곡1동,2024,4,상승,0.205,0.258,0.537,1.0427554089523805,주거형
중곡2동,2024,1,상승,0.009,0.08,0.911,1.029625943876925,주거형
중곡2동,2024,2,유지,0.342,0.477,0.181,1.029625943876925,주거형
중곡2동,2024,3,유지,0.405,0.469,0.127,1.029625943876925,주거형
중곡2동,2024,4,하락,0.533,0.398,0.069,1.029625943876925,주거형
중곡3동,2024,1,상승,0.091,0.197,0.712,1.0411570846792857,주거형
중곡3동,2024,2,하락,0.627,0.243,0.13,1.0411570846792857,주거형
중곡3동,2024,3,상승,0.004,0.029,0.967,1.0411570846792857,주거형
중곡3동,2024,4,상승,0.007,0.046,0.947,1.0411570846792857,주거형
중곡4동,2024,1,상승,0.224,0.273,0.502,1.0381142487165984,주거형
중곡4동,2024,2,상승,0.252,0.232,0.516,1.0381142487165984,주거형
중곡4동,2024,3,하락,0.687,0.295,0.018,1.0381142487165984,주거형
중곡4동,2024,4,유지,0.209,0.532,0.258,1.0381142487165984,주거형
능동,2024,1,유지,0.014,0.983,0.004,0.9839884489172014,주거형
능동,2024,2,유지,0.021,0.978,0.001,0.9839884489172014,주거형
능동,2024,3,유지,0.025,0.973,0.002,0.9839884489172014,주거형
능동,2024,4,유지,0.201,0.788,0.011,0.9839884489172014,주거형
광장동,2024,1,상승,0.032,0.085,0.883,1.0151212842843758,주거형
광장동,2024,2,하락,0.645,0.248,0.107,1.0151212842843758,주거형
광장동,2024,3,상승,0.335,0.291,0.374,1.0151212842843758,주거형
광장동,2024,4,하락,0.675,0.184,0.141,1.0151212842843758,주거형
자양1동,2024,1,유지,0.134,0.516,0.35,0.9778259963994176,주거형
자양1동,2024,2,유지,0.384,0.514,0.101,0.9778259963994176,주거형
자양1동,2024,3,유지,0.228,0.587,0.185,0.9778259963994176,주거형
자양1동,2024,4,유지,0.249,0.599,0.152,0.9778259963994176,주거형
자양2동,2024,1,상승,0.062,0.25,0.688,1.0287365625064344,주거형
자양2동,2024,2,하락,0.409,0.238,0.353,1.0287365625064344,주거형
자양2동,2024,3,하락,0.684,0.226,0.09,1.0287365625064344,주거형
자양2동,2024,4,하락,0.385,0.266,0.349,1.0287365625064344,주거형
자양3동,2024,1,유지,0.049,0.908,0.044,1.0319323421804876,주거형
자양3동,2024,2,유지,0.106,0.878,0.016,1.0319323421804876,주거형
자양3동,2024,3,유지,0.269,0.711,0.02,1.0319323421804876,주거형
자양3동,2024,4,유지,0.243,0.711,0.046,1.0319323421804876,주거형
자양4동,2024,1,유지,0.01,0.984,0.005,1.0512190203981393,주거형
자양4동,2024,2,유지,0.007,0.993,0.001,1.0512190203981393,주거형
자양4동,2024,3,유지,0.008,0.989,0.002,1.0512190203981393,주거형
자양4동,2024,4,유지,0.007,0.988,0.005,1.0512190203981393,주거형
구의1동,2024,1,상승,0.015,0.043,0.942,1.0020263640844889,주거형
구의1동,2024,2,상승,0.266,0.311,0.423,1.0020263640844889,주거형
구의1동,2024,3,상승,0.267,0.331,0.403,1.0020263640844889,주거형
구의1동,2024,4,유지,0.338,0.527,0.136,1.0020263640844889,주거형
구의2동,2024,1,유지,0.238,0.705,0.057,1.0576333444260646,주거형
구의2동,2024,2,유지,0.259,0.462,0.279,1.0576333444260646,주거형
구의2동,2024,3,상승,0.231,0.286,0.484,1.0576333444260646,주거형
구의2동,2024,4,유지,0.264,0.588,0.148,1.0576333444260646,주거형
구의3동,2024,1,상승,0.013,0.327,0.661,0.9960660129610988,주거형
구의3동,2024,2,유지,0.34,0.566,0.094,0.9960660129610988,주거형
구의3동,2024,3,유지,0.214,0.458,0.328,0.9960660129610988,주거형
구의3동,2024,4,유지,0.285,0.606,0.109,0.9960660129610988,주거형
용신동,2024,1,유지,0.071,0.779,0.15,0.9441246184024188,혼합형
용신동,2024,2,유지,0.063,0.795,0.142,0.9441246184024188,혼합형
용신동,2024,3,유지,0.031,0.846,0.123,0.9441246184024188,혼합형
용신동,2024,4,유지,0.301,0.635,0.064,0.9441246184024188,혼합형
제기동,2024,1,유지,0.002,0.99,0.008,0.966409330910772,주거형
제기동,2024,2,유지,0.005,0.972,0.023,0.966409330910772,주거형
제기동,2024,3,유지,0.017,0.938,0.045,0.966409330910772,주거형
제기동,2024,4,유지,0.003,0.983,0.014,0.966409330910772,주거형
전농1동,2024,1,하락,0.542,0.275,0.183,1.038715948865956,주거형
전농1동,2024,2,상승,0.282,0.217,0.501,1.038715948865956,주거형
전농1동,2024,3,하락,0.506,0.414,0.08,1.038715948865956,주거형
전농1동,2024,4,상승,0.092,0.418,0.49,1.038715948865956,주거형
전농2동,2024,1,유지,0.136,0.478,0.385,0.9577762273996236,주거형
전농2동,2024,2,하락,0.812,0.143,0.045,0.9577762273996236,주거형
전농2동,2024,3,상승,0.163,0.41,0.427,0.9577762273996236,주거형
전농2동,2024,4,하락,0.628,0.335,0.037,0.9577762273996236,주거형
답십리1동,2024,1,유지,0.216,0.41,0.375,1.0146374022656348,주거형
답십리1동,2024,2,상승,0.076,0.358,0.565,1.0146374022656348,주거형
답십리1동,2024,3,하락,0.698,0.25,0.052,1.0146374022656348,주거형
답십리1동,2024,4,상승,0.134,0.384,0.482,1.0146374022656348,주거형
답십리2동,2024,1,상승,0.022,0.231,0.747,1.040054762934162,주거형
답십리2동,2024,2,유지,0.187,0.601,0.212,1.040054762934162,주거형
답십리2동,2024,3,유지,0.361,0.582,0.057,1.040054762934162,주거형
답십리2동,2024,4,하락,0.489,0.377,0.133,1.040054762934162,주거형
장안1동,2024,1,유지,0.003,0.889,0.108,0.9639254715449506,주거형
장안1동,2024,2,유지,0.011,0.885,0.103,0.9639254715449506,주거형
장안1동,2024,3,하락,0.585,0.375,0.04,0.9639254715449506,주거형
장안1동,2024,4,유지,0.058,0.87,0.072,0.9639254715449506,주거형
장안2동,2024,1,상승,0.01,0.151,0.839,1.0261209025785951,주거형
장안2동,2024,2,하락,0.495,0.451,0.054,1.0261209025785951,주거형
장안2동,2024,3,하락,0.498,0.373,0.129,1.0261209025785951,주거형
장안2동,2024,4,하락,0.398,0.294,0.308,1.0261209025785951,주거형
청량리동,2024,1,유지,0.206,0.438,0.356,1.0231366750112405,주거형
청량리동,2024,2,상승,0.264,0.34,0.396,1.0231366750112405,주거형
청량리동,2024,3,유지,0.268,0.516,0.216,1.0231366750112405,주거형
청량리동,2024,4,상승,0.296,0.278,0.427,1.0231366750112405,주거형
회기동,2024,1,유지,0.017,0.893,0.09,0.8567476884446973,혼합형
회기동,2024,2,유지,0.012,0.953,0.035,0.8567476884446973,혼합형
회기동,2024,3,유지,0.03,0.943,0.027,0.8567476884446973,혼합형
회기동,2024,4,유지,0.047,0.891,0.061,0.8567476884446973,혼합형
휘경1동,2024,1,상승,0.053,0.206,0.742,1.0087263580909571,주거형
휘경1동,2024,2,상승,0.078,0.378,0.544,1.0087263580909571,주거형
휘경1동,2024,3,하락,0.432,0.277,0.291,1.0087263580909571,주거형
휘경1동,2024,4,상승,0.112,0.313,0.575,1.0087263580909571,주거형
휘경2동,2024,1,유지,0.007,0.941,0.052,1.0054475384880612,주거형
휘경2동,2024,2,유지,0.007,0.855,0.139,1.0054475384880612,주거형
휘경2동,2024,3,유지,0.004,0.926,0.07,1.0054475384880612,주거형
휘경2동,2024,4,유지,0.008,0.917,0.075,1.0054475384880612,주거형
이문1동,2024,1,유지,0.03,0.948,0.023,0.9354912166952586,혼합형
이문1동,2024,2,유지,0.034,0.904,0.062,0.9354912166952586,혼합형
이문1동,2024,3,유지,0.094,0.88,0.026,0.9354912166952586,혼합형
이문1동,2024,4,유지,0.028,0.901,0.07,0.9354912166952586,혼합형
이문2동,2024,1,상승,0.135,0.311,0.554,1.0352481757985337,주거형
이문2동,2024,2,유지,0.149,0.49,0.361,1.0352481757985337,주거형
이문2동,2024,3,유지,0.422,0.457,0.121,1.0352481757985337,주거형
이문2동,2024,4,하락,0.43,0.365,0.205,1.0352481757985337,주거형
면목2동,2024,1,상승,0.005,0.046,0.949,1.0411119137229503,주거형
면목2동,2024,2,하락,0.513,0.4,0.087,1.0411119137229503,주거형
면목2동,2024,3,상승,0.231,0.351,0.418,1.0411119137229503,주거형
면목2동,2024,4,유지,0.185,0.621,0.193,1.0411119137229503,주거형
면목4동,2024,1,상승,0.12,0.298,0.582,1.0411321777349016,주거형
면목4동,2024,2,상승,0.038,0.34,0.622,1.0411321777349016,주거형
면목4동,2024,3,유지,0.155,0.664,0.181,1.0411321777349016,주거형
면목4동,2024,4,유지,0.282,0.528,0.19,1.0411321777349016,주거형
면목5동,2024,1,하락,0.46,0.2,0.339,1.0846630281225331,주거형
면목5동,2024,2,하락,0.753,0.123,0.124,1.0846630281225331,주거형
면목5동,2024,3,하락,0.673,0.228,0.099,1.0846630281225331,주거형
면목5동,2024,4,상승,0.272,0.128,0.6,1.0846630281225331,주거형
면목본동,2024,1,유지,0.046,0.697,0.256,1.0638725389231756,주거형
면목본동,2024,2,유지,0.209,0.769,0.023,1.0638725389231756,주거형
면목본동,2024,3,유지,0.281,0.68,0.039,1.0638725389231756,주거형
면목본동,2024,4,유지,0.211,0.701,0.088,1.0638725389231756,주거형
면목7동,2024,1,상승,0.003,0.137,0.86,1.069929431641112,주거형
면목7동,2024,2,상승,0.006,0.1,0.894,1.069929431641112,주거형
면목7동,2024,3,하락,0.59,0.377,0.033,1.069929431641112,주거형
면목7동,2024,4,유지,0.079,0.471,0.45,1.069929431641112,주거형
면목3·8동,2024,1,상승,0.019,0.236,0.745,1.0173070645578377,주거형
면목3·8동,2024,2,상승,0.117,0.357,0.525,1.0173070645578377,주거형
면목3·8동,2024,3,유지,0.247,0.609,0.144,1.0173070645578377,주거형
면목3·8동,2024,4,유지,0.182,0.578,0.24,1.0173070645578377,주거형
상봉1동,2024,1,상승,0.102,0.411,0.487,1.0067872183221271,주거형
상봉1동,2024,2,유지,0.364,0.447,0.189,1.0067872183221271,주거형
상봉1동,2024,3,상승,0.075,0.236,0.688,1.0067872183221271,주거형
상봉1동,2024,4,하락,0.724,0.249,0.027,1.0067872183221271,주거형
상봉2동,2024,1,유지,0.189,0.799,0.012,1.0759071011855224,주거형
상봉2동,2024,2,유지,0.06,0.934,0.007,1.0759071011855224,주거형
상봉2동,2024,3,유지,0.176,0.811,0.013,1.0759071011855224,주거형
상봉2동,2024,4,유지,0.051,0.943,0.006,1.0759071011855224,주거형
중화1동,2024,1,유지,0.003,0.952,0.045,0.9997024341439308,주거형
중화1동,2024,2,유지,0.046,0.934,0.02,0.9997024341439308,주거형
중화1동,2024,3,유지,0.046,0.925,0.029,0.9997024341439308,주거형
중화1동,2024,4,유지,0.019,0.961,0.02,0.9997024341439308,주거형
중화2동,2024,1,상승,0.049,0.416,0.535,1.0630162205984257,주거형
중화2동,2024,2,상승,0.154,0.419,0.427,1.0630162205984257,주거형
중화2동,2024,3,하락,0.419,0.381,0.2,1.0630162205984257,주거형
중화2동,2024,4,상승,0.066,0.188,0.745,1.0630162205984257,주거형
묵1동,2024,1,상승,0.029,0.334,0.637,1.048359107373461,주거형
묵1동,2024,2,상승,0.016,0.21,0.774,1.048359107373461,주거형
묵1동,2024,3,상승,0.044,0.227,0.729,1.048359107373461,주거형
묵1동,2024,4,상승,0.015,0.102,0.882,1.048359107373461,주거형
묵2동,2024,1,유지,0.266,0.465,0.269,1.0692756976784648,주거형
묵2동,2024,2,유지,0.228,0.539,0.233,1.0692756976784648,주거형
묵2동,2024,3,상승,0.179,0.166,0.655,1.0692756976784648,주거형
묵2동,2024,4,상승,0.22,0.309,0.471,1.0692756976784648,주거형
망우본동,2024,1,상승,0.042,0.355,0.603,1.0436187260755192,주거형
망우본동,2024,2,유지,0.178,0.439,0.383,1.0436187260755192,주거형
망우본동,2024,3,유지,0.127,0.732,0.14,1.0436187260755192,주거형
망우본동,2024,4,유지,0.16,0.593,0.247,1.0436187260755192,주거형
망우3동,2024,1,상승,0.242,0.371,0.388,1.0407223784045705,주거형
망우3동,2024,2,상승,0.15,0.375,0.475,1.0407223784045705,주거형
망우3동,2024,3,상승,0.089,0.168,0.743,1.0407223784045705,주거형
망우3동,2024,4,유지,0.422,0.527,0.052,1.0407223784045705,주거형
신내1동,2024,1,상승,0.115,0.252,0.633,1.0197317486966222,주거형
신내1동,2024,2,유지,0.309,0.466,0.225,1.0197317486966222,주거형
신내1동,2024,3,유지,0.341,0.47,0.189,1.0197317486966222,주거형
신내1동,2024,4,하락,0.505,0.375,0.12,1.0197317486966222,주거형
신내2동,2024,1,상승,0.036,0.473,0.491,1.0144946239416706,주거형
신내2동,2024,2,유지,0.331,0.593,0.076,1.0144946239416706,주거형
신내2동,2024,3,유지,0.348,0.607,0.045,1.0144946239416706,주거형
신내2동,2024,4,하락,0.569,0.297,0.133,1.0144946239416706,주거형
성북동,2024,1,하락,0.593,0.24,0.167,1.01202676056412,주거형
성북동,2024,2,하락,0.544,0.435,0.021,1.01202676056412,주거형
성북동,2024,3,하락,0.541,0.4,0.06,1.01202676056412,주거형
성북동,2024,4,상승,0.196,0.346,0.458,1.01202676056412,주거형
삼선동,2024,1,상승,0.056,0.265,0.679,0.98096321351845,주거형
삼선동,2024,2,상승,0.17,0.413,0.417,0.98096321351845,주거형
삼선동,2024,3,하락,0.571,0.341,0.088,0.98096321351845,주거형
삼선동,2024,4,하락,0.556,0.345,0.099,0.98096321351845,주거형
동선동,2024,1,유지,0.003,0.994,0.003,1.0094645963292128,주거형
동선동,2024,2,유지,0.004,0.993,0.003,1.0094645963292128,주거형
동선동,2024,3,유지,0.009,0.989,0.001,1.0094645963292128,주거형
동선동,2024,4,유지,0.007,0.99,0.003,1.0094645963292128,주거형
돈암1동,2024,1,유지,0.005,0.897,0.098,1.0258252813714492,주거형
돈암1동,2024,2,유지,0.008,0.974,0.018,1.0258252813714492,주거형
돈암1동,2024,3,유지,0.005,0.97,0.025,1.0258252813714492,주거형
돈암1동,2024,4,유지,0.026,0.94,0.035,1.0258252813714492,주거형
돈암2동,2024,1,유지,0.036,0.747,0.218,1.0586419615961244,주거형
돈암2동,2024,2,유지,0.038,0.605,0.356,1.0586419615961244,주거형
돈암2동,2024,3,유지,0.186,0.657,0.157,1.0586419615961244,주거형
돈암2동,2024,4,유지,0.028,0.68,0.291,1.0586419615961244,주거형
안암동,2024,1,유지,0.01,0.974,0.017,0.8161268345386894,혼합형
안암동,2024,2,유지,0.014,0.968,0.018,0.8161268345386894,혼합형
안암동,2024,3,유지,0.009,0.982,0.009,0.8161268345386894,혼합형
안암동,2024,4,유지,0.013,0.972,0.015,0.8161268345386894,혼합형
보문동,2024,1,상승,0.133,0.349,0.518,1.003206124428046,주거형
보문동,2024,2,하락,0.474,0.428,0.097,1.003206124428046,주거형
보문동,2024,3,유지,0.408,0.562,0.03,1.003206124428046,주거형
보문동,2024,4,하락,0.446,0.395,0.159,1.003206124428046,주거형
정릉1동,2024,1,상승,0.115,0.263,0.622,1.0740567509124208,주거형
정릉1동,2024,2,상승,0.205,0.198,0.597,1.0740567509124208,주거형
정릉1동,2024,3,상승,0.282,0.268,0.45,1.0740567509124208,주거형
정릉1동,2024,4,상승,0.045,0.155,0.799,1.0740567509124208,주거형
정릉2동,2024,1,상승,0.036,0.32,0.644,1.057814865062018,주거형
정릉2동,2024,2,유지,0.264,0.497,0.239,1.057814865062018,주거형
정릉2동,2024,3,유지,0.234,0.509,0.257,1.057814865062018,주거형
정릉2동,2024,4,유지,0.17,0.415,0.414,1.057814865062018,주거형
정릉3동,2024,1,유지,0.278,0.489,0.232,0.911568910197519,혼합형
정릉3동,2024,2,유지,0.22,0.711,0.069,0.911568910197519,혼합형
정릉3동,2024,3,하락,0.607,0.368,0.025,0.911568910197519,혼합형
정릉3동,2024,4,하락,0.5,0.385,0.114,0.911568910197519,혼합형
정릉4동,2024,1,상승,0.097,0.406,0.497,1.0697027414363989,주거형
정릉4동,2024,2,유지,0.304,0.654,0.042,1.0697027414363989,주거형
정릉4동,2024,3,유지,0.319,0.398,0.282,1.0697027414363989,주거형
정릉4동,2024,4,유지,0.227,0.603,0.169,1.0697027414363989,주거형
길음1동,2024,1,상승,0.085,0.451,0.464,1.0349598962792164,주거형
길음1동,2024,2,상승,0.089,0.282,0.629,1.0349598962792164,주거형
길음1동,2024,3,하락,0.624,0.33,0.046,1.0349598962792164,주거형
길음1동,2024,4,유지,0.153,0.605,0.242,1.0349598962792164,주거형
길음2동,2024,1,상승,0.089,0.251,0.66,1.106641108672727,상권형
길음2동,2024,2,유지,0.201,0.518,0.282,1.106641108672727,상권형
길음2동,2024,3,하락,0.464,0.259,0.277,1.106641108672727,상권형
길음2동,2024,4,하락,0.481,0.42,0.099,1.106641108672727,상권형
종암동,2024,1,상승,0.08,0.2,0.72,1.0275758587676194,주거형
종암동,2024,2,상승,0.283,0.182,0.535,1.0275758587676194,주거형
종암동,2024,3,상승,0.004,0.034,0.962,1.0275758587676194,주거형
종암동,2024,4,상승,0.011,0.058,0.931,1.0275758587676194,주거형
월곡1동,2024,1,상승,0.011,0.229,0.76,0.970906645871652,주거형
월곡1동,2024,2,하락,0.565,0.361,0.075,0.970906645871652,주거형
월곡1동,2024,3,상승,0.071,0.295,0.634,0.970906645871652,주거형
월곡1동,2024,4,유지,0.21,0.58,0.211,0.970906645871652,주거형
월곡2동,2024,1,유지,0.155,0.448,0.398,1.0027549150074966,주거형
월곡2동,2024,2,하락,0.479,0.353,0.169,1.0027549150074966,주거형
월곡2동,2024,3,유지,0.276,0.412,0.312,1.0027549150074966,주거형
월곡2동,2024,4,하락,0.528,0.425,0.047,1.0027549150074966,주거형
장위1동,2024,1,유지,0.079,0.868,0.053,1.0640302250932503,주거형
장위1동,2024,2,유지,0.057,0.931,0.012,1.0640302250932503,주거형
장위1동,2024,3,유지,0.18,0.792,0.029,1.0640302250932503,주거형
장위1동,2024,4,유지,0.133,0.847,0.019,1.0640302250932503,주거형
장위2동,2024,1,하락,0.698,0.232,0.07,1.0289257388856332,주거형
장위2동,2024,2,상승,0.097,0.329,0.574,1.0289257388856332,주거형
장위2동,2024,3,하락,0.916,0.033,0.051,1.0289257388856332,주거형
장위2동,2024,4,상승,0.035,0.156,0.809,1.0289257388856332,주거형
장위3동,2024,1,상승,0.004,0.23,0.766,1.0088017312041242,주거형
장위3동,2024,2,유지,0.1,0.814,0.086,1.0088017312041242,주거형
장위3동,2024,3,하락,0.435,0.366,0.199,1.0088017312041242,주거형
장위3동,2024,4,상승,0.037,0.34,0.623,1.0088017312041242,주거형
석관동,2024,1,유지,0.106,0.815,0.08,1.0251354999261746,주거형
석관동,2024,2,유지,0.058,0.931,0.011,1.0251354999261746,주거형
석관동,2024,3,유지,0.133,0.829,0.038,1.0251354999261746,주거형
석관동,2024,4,유지,0.133,0.855,0.012,1.0251354999261746,주거형
삼양동,2024,1,유지,0.008,0.624,0.367,1.0467734214039337,주거형
삼양동,2024,2,유지,0.268,0.632,0.1,1.0467734214039337,주거형
삼양동,2024,3,유지,0.288,0.655,0.057,1.0467734214039337,주거형
삼양동,2024,4,유지,0.349,0.617,0.034,1.0467734214039337,주거형
미아동,2024,1,상승,0.017,0.032,0.951,1.0065603058981976,주거형
미아동,2024,2,상승,0.188,0.19,0.622,1.0065603058981976,주거형
미아동,2024,3,상승,0.256,0.299,0.445,1.0065603058981976,주거형
미아동,2024,4,유지,0.147,0.45,0.404,1.0065603058981976,주거형
송중동,2024,1,유지,0.164,0.738,0.097,1.0299180750484995,주거형
송중동,2024,2,유지,0.184,0.727,0.089,1.0299180750484995,주거형
송중동,2024,3,유지,0.219,0.703,0.078,1.0299180750484995,주거형
송중동,2024,4,유지,0.18,0.643,0.177,1.0299180750484995,주거형
송천동,2024,1,유지,0.154,0.596,0.251,1.0139689199721031,주거형
송천동,2024,2,유지,0.127,0.464,0.409,1.0139689199721031,주거형
송천동,2024,3,유지,0.24,0.431,0.33,1.0139689199721031,주거형
송천동,2024,4,상승,0.064,0.309,0.628,1.0139689199721031,주거형
삼각산동,2024,1,상승,0.045,0.265,0.69,1.0367788171170913,주거형
삼각산동,2024,2,유지,0.293,0.473,0.233,1.0367788171170913,주거형
삼각산동,2024,3,하락,0.519,0.408,0.072,1.0367788171170913,주거형
삼각산동,2024,4,하락,0.754,0.22,0.026,1.0367788171170913,주거형
번1동,2024,1,상승,0.028,0.078,0.895,,
번1동,2024,2,하락,0.639,0.275,0.086,,
번1동,2024,3,상승,0.207,0.328,0.465,,
번1동,2024,4,하락,0.656,0.253,0.091,,
번2동,2024,1,상승,0.183,0.272,0.545,,
번2동,2024,2,하락,0.82,0.095,0.084,,
번2동,2024,3,하락,0.57,0.193,0.237,,
번2동,2024,4,상승,0.17,0.163,0.668,,
번3동,2024,1,상승,0.066,0.313,0.621,,
번3동,2024,2,유지,0.357,0.361,0.282,,
번3동,2024,3,하락,0.787,0.168,0.044,,
번3동,2024,4,유지,0.335,0.453,0.212,,
수유1동,2024,1,유지,0.193,0.767,0.04,,
수유1동,2024,2,유지,0.293,0.665,0.042,,
수유1동,2024,3,하락,0.786,0.168,0.046,,
수유1동,2024,4,유지,0.05,0.918,0.032,,
수유2동,2024,1,상승,0.048,0.285,0.667,,
수유2동,2024,2,하락,0.422,0.404,0.174,,
수유2동,2024,3,유지,0.423,0.514,0.063,,
수유2동,2024,4,상승,0.298,0.256,0.446,,
수유3동,2024,1,유지,0.021,0.965,0.014,,
수유3동,2024,2,유지,0.019,0.976,0.005,,
수유3동,2024,3,유지,0.058,0.916,0.026,,
수유3동,2024,4,유지,0.042,0.773,0.185,,
우이동,2024,1,유지,0.081,0.905,0.014,1.1552018984761756,상권형
우이동,2024,2,유지,0.034,0.952,0.014,1.1552018984761756,상권형
우이동,2024,3,유지,0.056,0.932,0.012,1.1552018984761756,상권형
우이동,2024,4,유지,0.083,0.885,0.032,1.1552018984761756,상권형
인수동,2024,1,유지,0.032,0.556,0.412,1.0441018460774285,주거형
인수동,2024,2,유지,0.347,0.507,0.146,1.0441018460774285,주거형
인수동,2024,3,하락,0.733,0.203,0.063,1.0441018460774285,주거형
인수동,2024,4,유지,0.195,0.408,0.397,1.0441018460774285,주거형
창1동,2024,1,유지,0.314,0.594,0.092,1.035206957710704,주거형
창1동,2024,2,유지,0.325,0.6,0.075,1.035206957710704,주거형
창1동,2024,3,하락,0.577,0.36,0.063,1.035206957710704,주거형
창1동,2024,4,유지,0.24,0.516,0.244,1.035206957710704,주거형
창2동,2024,1,상승,0.06,0.394,0.547,1.0768334751192008,주거형
창2동,2024,2,유지,0.236,0.575,0.189,1.0768334751192008,주거형
창2동,2024,3,하락,0.394,0.393,0.213,1.0768334751192008,주거형
창2동,2024,4,유지,0.24,0.492,0.269,1.0768334751192008,주거형
창3동,2024,1,유지,0.233,0.465,0.303,1.0780739297515565,주거형
창3동,2024,2,상승,0.023,0.188,0.79,1.0780739297515565,주거형
창3동,2024,3,유지,0.318,0.425,0.257,1.0780739297515565,주거형
창3동,2024,4,하락,0.588,0.257,0.155,1.0780739297515565,주거형
창4동,2024,1,유지,0.112,0.644,0.244,1.0477039856259087,주거형
창4동,2024,2,유지,0.257,0.734,0.008,1.0477039856259087,주거형
창4동,2024,3,유지,0.359,0.612,0.03,1.0477039856259087,주거형
창4동,2024,4,유지,0.359,0.546,0.094,1.0477039856259087,주거형
창5동,2024,1,상승,0.166,0.375,0.458,1.0322740952978402,주거형
창5동,2024,2,하락,0.567,0.364,0.069,1.0322740952978402,주거형
창5동,2024,3,유지,0.18,0.625,0.195,1.0322740952978402,주거형
창5동,2024,4,하락,0.475,0.334,0.191,1.0322740952978402,주거형
도봉1동,2024,1,상승,0.049,0.17,0.781,1.097097352450512,주거형
도봉1동,2024,2,상승,0.093,0.411,0.496,1.097097352450512,주거형
도봉1동,2024,3,하락,0.501,0.435,0.064,1.097097352450512,주거형
도봉1동,2024,4,유지,0.221,0.48,0.299,1.097097352450512,주거형
도봉2동,2024,1,유지,0.15,0.468,0.382,1.0318306583305668,주거형
도봉2동,2024,2,유지,0.232,0.444,0.324,1.0318306583305668,주거형
도봉2동,2024,3,하락,0.362,0.344,0.295,1.0318306583305668,주거형
도봉2동,2024,4,상승,0.191,0.298,0.511,1.0318306583305668,주거형
쌍문1동,2024,1,유지,0.113,0.65,0.236,1.021275182678687,주거형
쌍문1동,2024,2,유지,0.38,0.488,0.132,1.021275182678687,주거형
쌍문1동,2024,3,유지,0.27,0.534,0.197,1.021275182678687,주거형
쌍문1동,2024,4,하락,0.469,0.46,0.071,1.021275182678687,주거형
쌍문2동,2024,1,하락,0.41,0.26,0.33,1.0078333938627375,주거형
쌍문2동,2024,2,하락,0.539,0.426,0.035,1.0078333938627375,주거형
쌍문2동,2024,3,하락,0.545,0.293,0.162,1.0078333938627375,주거형
쌍문2동,2024,4,상승,0.265,0.227,0.508,1.0078333938627375,주거형
쌍문3동,2024,1,유지,0.27,0.569,0.16,1.0251771653452162,주거형
쌍문3동,2024,2,상승,0.188,0.23,0.583,1.0251771653452162,주거형
쌍문3동,2024,3,상승,0.241,0.315,0.444,1.0251771653452162,주거형
쌍문3동,2024,4,상승,0.029,0.099,0.872,1.0251771653452162,주거형
쌍문4동,2024,1,유지,0.004,0.747,0.249,1.029192687541807,주거형
쌍문4동,2024,2,유지,0.036,0.88,0.084,1.029192687541807,주거형
쌍문4동,2024,3,유지,0.139,0.698,0.163,1.029192687541807,주거형
쌍문4동,2024,4,유지,0.019,0.868,0.113,1.029192687541807,주거형
방학1동,2024,1,상승,0.013,0.131,0.855,1.0408777816721593,주거형
방학1동,2024,2,하락,0.511,0.393,0.095,1.0408777816721593,주거형
방학1동,2024,3,하락,0.609,0.34,0.051,1.0408777816721593,주거형
방학1동,2024,4,하락,0.425,0.28,0.294,1.0408777816721593,주거형
방학2동,2024,1,유지,0.005,0.808,0.187,1.0747162619244914,주거형
방학2동,2024,2,유지,0.225,0.728,0.047,1.0747162619244914,주거형
방학2동,2024,3,유지,0.008,0.68,0.312,1.0747162619244914,주거형
방학2동,2024,4,유지,0.159,0.782,0.058,1.0747162619244914,주거형
방학3동,2024,1,유지,0.284,0.429,0.288,1.056153177443363,주거형
방학3동,2024,2,하락,0.603,0.296,0.101,1.056153177443363,주거형
방학3동,2024,3,하락,0.647,0.254,0.099,1.056153177443363,주거형
방학3동,2024,4,상승,0.194,0.394,0.413,1.056153177443363,주거형
월계1동,2024,1,유지,0.144,0.733,0.123,0.9902811092248216,주거형
월계1동,2024,2,유지,0.071,0.888,0.04,0.9902811092248216,주거형
월계1동,2024,3,유지,0.179,0.629,0.192,0.9902811092248216,주거형
월계1동,2024,4,유지,0.298,0.612,0.09,0.9902811092248216,주거형
월계2동,2024,1,상승,0.032,0.343,0.624,0.9978275865759436,주거형
월계2동,2024,2,상승,0.029,0.165,0.806,0.9978275865759436,주거형
월계2동,2024,3,하락,0.818,0.122,0.06,0.9978275865759436,주거형
월계2동,2024,4,유지,0.011,0.528,0.461,0.9978275865759436,주거형
월계3동,2024,1,상승,0.021,0.143,0.836,1.0949104468282824,주거형
월계3동,2024,2,하락,0.644,0.294,0.061,1.0949104468282824,주거형
월계3동,2024,3,하락,0.582,0.213,0.205,1.0949104468282824,주거형
월계3동,2024,4,하락,0.62,0.246,0.135,1.0949104468282824,주거형
공릉1동,2024,1,유지,0.257,0.5,0.243,1.048015425691721,주거형
공릉1동,2024,2,상승,0.075,0.293,0.633,1.048015425691721,주거형
공릉1동,2024,3,유지,0.235,0.387,0.378,1.048015425691721,주거형
공릉1동,2024,4,유지,0.212,0.408,0.381,1.048015425691721,주거형
공릉2동,2024,1,유지,0.122,0.456,0.421,0.9617854645440213,주거형
공릉2동,2024,2,유지,0.233,0.607,0.16,0.9617854645440213,주거형
공릉2동,2024,3,유지,0.414,0.506,0.08,0.9617854645440213,주거형
공릉2동,2024,4,유지,0.292,0.648,0.06,0.9617854645440213,주거형
하계1동,2024,1,유지,0.065,0.89,0.045,0.9773942647306978,주거형
하계1동,2024,2,유지,0.068,0.922,0.01,0.9773942647306978,주거형
하계1동,2024,3,유지,0.081,0.888,0.031,0.9773942647306978,주거형
하계1동,2024,4,상승,0.025,0.38,0.595,0.9773942647306978,주거형
하계2동,2024,1,유지,0.012,0.922,0.066,1.0578763428571023,주거형
하계2동,2024,2,유지,0.007,0.92,0.073,1.0578763428571023,주거형
하계2동,2024,3,유지,0.008,0.962,0.029,1.0578763428571023,주거형
하계2동,2024,4,유지,0.137,0.843,0.02,1.0578763428571023,주거형
중계본동,2024,1,상승,0.041,0.372,0.587,1.0696292420174,주거형
중계본동,2024,2,유지,0.27,0.385,0.345,1.0696292420174,주거형
중계본동,2024,3,하락,0.533,0.435,0.032,1.0696292420174,주거형
중계본동,2024,4,하락,0.413,0.359,0.228,1.0696292420174,주거형
중계1동,2024,1,상승,0.136,0.402,0.462,1.0197719053055885,주거형
중계1동,2024,2,하락,0.415,0.411,0.173,1.0197719053055885,주거형
중계1동,2024,3,유지,0.346,0.53,0.124,1.0197719053055885,주거형
중계1동,2024,4,상승,0.311,0.323,0.366,1.0197719053055885,주거형
중계4동,2024,1,상승,0.123,0.337,0.54,1.01928687290093,주거형
중계4동,2024,2,유지,0.374,0.596,0.031,1.01928687290093,주거형
중계4동,2024,3,유지,0.34,0.393,0.267,1.01928687290093,주거형
중계4동,2024,4,유지,0.282,0.682,0.035,1.01928687290093,주거형
중계2·3동,2024,1,하락,0.61,0.238,0.152,1.0302466786083115,주거형
중계2·3동,2024,2,하락,0.461,0.381,0.158,1.0302466786083115,주거형
중계2·3동,2024,3,하락,0.466,0.299,0.234,1.0302466786083115,주거형
중계2·3동,2024,4,상승,0.025,0.073,0.903,1.0302466786083115,주거형
상계1동,2024,1,유지,0.066,0.896,0.038,1.070249644132047,주거형
상계1동,2024,2,유지,0.071,0.921,0.008,1.070249644132047,주거형
상계1동,2024,3,유지,0.144,0.82,0.036,1.070249644132047,주거형
상계1동,2024,4,유지,0.121,0.821,0.057,1.070249644132047,주거형
상계2동,2024,1,유지,0.02,0.921,0.059,1.085145201726231,주거형
상계2동,2024,2,유지,0.032,0.908,0.06,1.085145201726231,주거형
상계2동,2024,3,유지,0.113,0.877,0.01,1.085145201726231,주거형
상계2동,2024,4,유지,0.086,0.906,0.008,1.085145201726231,주거형
상계3·4동,2024,1,유지,0.078,0.466,0.456,1.0820442244157138,주거형
상계3·4동,2024,2,상승,0.05,0.231,0.719,1.0820442244157138,주거형
상계3·4동,2024,3,상승,0.16,0.385,0.456,1.0820442244157138,주거형
상계3·4동,2024,4,하락,0.579,0.393,0.028,1.0820442244157138,주거형
상계5동,2024,1,상승,0.322,0.304,0.374,1.0700675912078677,주거형
상계5동,2024,2,하락,0.803,0.17,0.027,1.0700675912078677,주거형
상계5동,2024,3,하락,0.546,0.192,0.262,1.0700675912078677,주거형
상계5동,2024,4,상승,0.322,0.299,0.379,1.0700675912078677,주거형
상계6·7동,2024,1,유지,0.028,0.601,0.371,0.9989132751518464,주거형
상계6·7동,2024,2,유지,0.256,0.667,0.077,0.9989132751518464,주거형
상계6·7동,2024,3,유지,0.295,0.661,0.044,0.9989132751518464,주거형
상계6·7동,2024,4,유지,0.157,0.662,0.182,0.9989132751518464,주거형
상계8동,2024,1,유지,0.167,0.586,0.247,1.0125809691140548,주거형
상계8동,2024,2,유지,0.376,0.574,0.049,1.0125809691140548,주거형
상계8동,2024,3,하락,0.53,0.375,0.094,1.0125809691140548,주거형
상계8동,2024,4,유지,0.421,0.529,0.05,1.0125809691140548,주거형
상계9동,2024,1,유지,0.046,0.67,0.284,1.0245240772988695,주거형
상계9동,2024,2,유지,0.363,0.581,0.057,1.0245240772988695,주거형
상계9동,2024,3,유지,0.3,0.557,0.143,1.0245240772988695,주거형
상계9동,2024,4,상승,0.025,0.476,0.499,1.0245240772988695,주거형
상계10동,2024,1,유지,0.025,0.533,0.441,1.106115694042202,상권형
상계10동,2024,2,유지,0.104,0.672,0.224,1.106115694042202,상권형
상계10동,2024,3,유지,0.254,0.552,0.194,1.106115694042202,상권형
상계10동,2024,4,유지,0.086,0.545,0.369,1.106115694042202,상권형
녹번동,2024,1,상승,0.016,0.072,0.912,1.0298541503687093,주거형
녹번동,2024,2,하락,0.832,0.125,0.044,1.0298541503687093,주거형
녹번동,2024,3,하락,0.562,0.235,0.203,1.0298541503687093,주거형
녹번동,2024,4,하락,0.692,0.169,0.139,1.0298541503687093,주거형
불광1동,2024,1,유지,0.059,0.672,0.269,1.0785438653504549,주거형
불광1동,2024,2,유지,0.075,0.583,0.342,1.0785438653504549,주거형
불광1동,2024,3,유지,0.166,0.783,0.051,1.0785438653504549,주거형
불광1동,2024,4,유지,0.185,0.703,0.111,1.0785438653504549,주거형
불광2동,2024,1,유지,0.029,0.828,0.143,1.0644955665548252,주거형
불광2동,2024,2,유지,0.35,0.614,0.036,1.0644955665548252,주거형
불광2동,2024,3,유지,0.198,0.694,0.109,1.0644955665548252,주거형
불광2동,2024,4,유지,0.098,0.628,0.274,1.0644955665548252,주거형
갈현1동,2024,1,유지,0.103,0.747,0.15,1.0396749765251772,주거형
갈현1동,2024,2,유지,0.057,0.924,0.019,1.0396749765251772,주거형
갈현1동,2024,3,유지,0.067,0.846,0.087,1.0396749765251772,주거형
갈현1동,2024,4,유지,0.094,0.827,0.079,1.0396749765251772,주거형
갈현2동,2024,1,상승,0.089,0.274,0.638,1.0367363010272106,주거형
갈현2동,2024,2,상승,0.216,0.279,0.505,1.0367363010272106,주거형
갈현2동,2024,3,하락,0.51,0.314,0.177,1.0367363010272106,주거형
갈현2동,2024,4,하락,0.463,0.216,0.321,1.0367363010272106,주거형
구산동,2024,1,하락,0.413,0.266,0.321,1.025689965570946,주거형
구산동,2024,2,상승,0.237,0.369,0.394,1.025689965570946,주거형
구산동,2024,3,하락,0.842,0.098,0.06,1.025689965570946,주거형
구산동,2024,4,유지,0.221,0.407,0.372,1.025689965570946,주거형
대조동,2024,1,상승,0.02,0.083,0.896,1.0327744588117844,주거형
대조동,2024,2,유지,0.35,0.399,0.25,1.0327744588117844,주거형
대조동,2024,3,하락,0.722,0.219,0.058,1.0327744588117844,주거형
대조동,2024,4,상승,0.147,0.39,0.463,1.0327744588117844,주거형
응암1동,2024,1,유지,0.053,0.591,0.356,1.043997284488245,주거형
응암1동,2024,2,유지,0.314,0.546,0.14,1.043997284488245,주거형
응암1동,2024,3,유지,0.383,0.493,0.124,1.043997284488245,주거형
응암1동,2024,4,유지,0.381,0.451,0.168,1.043997284488245,주거형
응암2동,2024,1,유지,0.296,0.537,0.167,1.083486155640886,주거형
응암2동,2024,2,상승,0.155,0.39,0.454,1.083486155640886,주거형
응암2동,2024,3,하락,0.577,0.371,0.052,1.083486155640886,주거형
응암2동,2024,4,유지,0.14,0.823,0.036,1.083486155640886,주거형
응암3동,2024,1,유지,0.098,0.621,0.281,1.030434043848331,주거형
응암3동,2024,2,유지,0.359,0.587,0.054,1.030434043848331,주거형
응암3동,2024,3,유지,0.156,0.722,0.121,1.030434043848331,주거형
응암3동,2024,4,유지,0.32,0.6,0.08,1.030434043848331,주거형
역촌동,2024,1,상승,0.164,0.392,0.444,1.073002719364518,주거형
역촌동,2024,2,유지,0.381,0.467,0.152,1.073002719364518,주거형
역촌동,2024,3,유지,0.23,0.461,0.309,1.073002719364518,주거형
역촌동,2024,4,유지,0.35,0.376,0.273,1.073002719364518,주거형
신사1동,2024,1,상승,0.024,0.146,0.829,1.0854850171645305,주거형
신사1동,2024,2,하락,0.569,0.408,0.023,1.0854850171645305,주거형
신사1동,2024,3,하락,0.697,0.272,0.03,1.0854850171645305,주거형
신사1동,2024,4,하락,0.43,0.418,0.152,1.0854850171645305,주거형
신사2동,2024,1,상승,0.02,0.213,0.767,1.035059353089291,주거형
신사2동,2024,2,상승,0.261,0.332,0.407,1.035059353089291,주거형
신사2동,2024,3,상승,0.006,0.196,0.798,1.035059353089291,주거형
신사2동,2024,4,상승,0.113,0.388,0.5,1.035059353089291,주거형
증산동,2024,1,상승,0.087,0.257,0.656,1.0313130274147548,주거형
증산동,2024,2,유지,0.167,0.482,0.35,1.0313130274147548,주거형
증산동,2024,3,유지,0.191,0.456,0.353,1.0313130274147548,주거형
증산동,2024,4,상승,0.03,0.114,0.856,1.0313130274147548,주거형
수색동,2024,1,하락,0.442,0.189,0.369,1.0187077798914206,주거형
수색동,2024,2,하락,0.517,0.231,0.252,1.0187077798914206,주거형
수색동,2024,3,하락,0.725,0.152,0.123,1.0187077798914206,주거형
수색동,2024,4,하락,0.618,0.191,0.191,1.0187077798914206,주거형
진관동,2024,1,유지,0.172,0.682,0.146,1.0571273242204813,주거형
진관동,2024,2,유지,0.103,0.469,0.427,1.0571273242204813,주거형
진관동,2024,3,유지,0.227,0.736,0.037,1.0571273242204813,주거형
진관동,2024,4,유지,0.17,0.78,0.05,1.0571273242204813,주거형
천연동,2024,1,하락,0.473,0.455,0.072,0.9697407106944276,주거형
천연동,2024,2,하락,0.467,0.43,0.104,0.9697407106944276,주거형
천연동,2024,3,하락,0.531,0.403,0.066,0.9697407106944276,주거형
천연동,2024,4,하락,0.57,0.345,0.085,0.9697407106944276,주거형
북아현동,2024,1,상승,0.17,0.14,0.69,0.6952326018198416,오피스형
북아현동,2024,2,상승,0.045,0.102,0.852,0.6952326018198416,오피스형
북아현동,2024,3,상승,0.133,0.087,0.78,0.6952326018198416,오피스형
북아현동,2024,4,하락,0.649,0.247,0.103,0.6952326018198416,오피스형
충현동,2024,1,상승,0.023,0.356,0.621,0.7966236695679451,오피스형
충현동,2024,2,유지,0.087,0.872,0.041,0.7966236695679451,오피스형
충현동,2024,3,유지,0.128,0.793,0.078,0.7966236695679451,오피스형
충현동,2024,4,유지,0.237,0.711,0.051,0.7966236695679451,오피스형
신촌동,2024,1,유지,0.015,0.796,0.189,0.8160569867248935,혼합형
신촌동,2024,2,유지,0.017,0.961,0.022,0.8160569867248935,혼합형
신촌동,2024,3,유지,0.015,0.921,0.063,0.8160569867248935,혼합형
신촌동,2024,4,유지,0.024,0.924,0.051,0.8160569867248935,혼합형
연희동,2024,1,유지,0.281,0.617,0.102,0.9993280156211446,주거형
연희동,2024,2,유지,0.366,0.534,0.1,0.9993280156211446,주거형
연희동,2024,3,하락,0.571,0.384,0.045,0.9993280156211446,주거형
연희동,2024,4,유지,0.344,0.47,0.186,0.9993280156211446,주거형
홍제1동,2024,1,상승,0.093,0.171,0.736,1.0774210302737388,주거형
홍제1동,2024,2,상승,0.005,0.034,0.961,1.0774210302737388,주거형
홍제1동,2024,3,상승,0.316,0.342,0.342,1.0774210302737388,주거형
홍제1동,2024,4,상승,0.193,0.269,0.538,1.0774210302737388,주거형
홍제3동,2024,1,유지,0.006,0.904,0.09,1.0454566322417336,주거형
홍제3동,2024,2,유지,0.016,0.865,0.119,1.0454566322417336,주거형
홍제3동,2024,3,유지,0.038,0.919,0.043,1.0454566322417336,주거형
홍제3동,2024,4,유지,0.006,0.937,0.056,1.0454566322417336,주거형
홍제2동,2024,1,상승,0.045,0.077,0.878,1.055892655129811,주거형
홍제2동,2024,2,하락,0.37,0.309,0.321,1.055892655129811,주거형
홍제2동,2024,3,하락,0.797,0.114,0.089,1.055892655129811,주거형
홍제2동,2024,4,하락,0.518,0.268,0.214,1.055892655129811,주거형
홍은1동,2024,1,유지,0.14,0.707,0.153,1.099465487605536,주거형
홍은1동,2024,2,유지,0.07,0.533,0.397,1.099465487605536,주거형
홍은1동,2024,3,유지,0.052,0.612,0.335,1.099465487605536,주거형
홍은1동,2024,4,상승,0.017,0.146,0.837,1.099465487605536,주거형
홍은2동,2024,1,상승,0.032,0.255,0.713,1.0386497809564523,주거형
홍은2동,2024,2,유지,0.131,0.453,0.416,1.0386497809564523,주거형
홍은2동,2024,3,유지,0.167,0.604,0.229,1.0386497809564523,주거형
홍은2동,2024,4,상승,0.052,0.313,0.635,1.0386497809564523,주거형
남가좌1동,2024,1,유지,0.06,0.789,0.151,1.0624624434231518,주거형
남가좌1동,2024,2,유지,0.13,0.709,0.161,1.0624624434231518,주거형
남가좌1동,2024,3,유지,0.166,0.769,0.066,1.0624624434231518,주거형
남가좌1동,2024,4,유지,0.061,0.894,0.045,1.0624624434231518,주거형
남가좌2동,2024,1,상승,0.1,0.284,0.616,1.0127768848587302,주거형
남가좌2동,2024,2,유지,0.212,0.541,0.246,1.0127768848587302,주거형
남가좌2동,2024,3,상승,0.244,0.324,0.432,1.0127768848587302,주거형
남가좌2동,2024,4,상승,0.187,0.333,0.48,1.0127768848587302,주거형
북가좌1동,2024,1,유지,0.093,0.563,0.344,1.0483150192597115,주거형
북가좌1동,2024,2,하락,0.898,0.064,0.038,1.0483150192597115,주거형
북가좌1동,2024,3,상승,0.08,0.38,0.54,1.0483150192597115,주거형
북가좌1동,2024,4,유지,0.075,0.676,0.249,1.0483150192597115,주거형
북가좌2동,2024,1,상승,0.009,0.042,0.95,1.0524975190040335,주거형
북가좌2동,2024,2,하락,0.69,0.198,0.112,1.0524975190040335,주거형
북가좌2동,2024,3,상승,0.023,0.031,0.946,1.0524975190040335,주거형
북가좌2동,2024,4,상승,0.256,0.198,0.546,1.0524975190040335,주거형
아현동,2024,1,유지,0.002,0.889,0.109,0.9078679593146024,혼합형
아현동,2024,2,유지,0.203,0.781,0.016,0.9078679593146024,혼합형
아현동,2024,3,유지,0.07,0.915,0.016,0.9078679593146024,혼합형
아현동,2024,4,유지,0.27,0.705,0.026,0.9078679593146024,혼합형
공덕동,2024,1,상승,0.039,0.215,0.746,0.96065455588982,주거형
공덕동,2024,2,유지,0.198,0.549,0.252,0.96065455588982,주거형
공덕동,2024,3,유지,0.268,0.561,0.172,0.96065455588982,주거형
공덕동,2024,4,상승,0.123,0.367,0.51,0.96065455588982,주거형
도화동,2024,1,상승,0.119,0.328,0.553,1.0014793939225497,주거형
도화동,2024,2,하락,0.786,0.164,0.05,1.0014793939225497,주거형
도화동,2024,3,하락,0.534,0.35,0.116,1.0014793939225497,주거형
도화동,2024,4,유지,0.357,0.613,0.031,1.0014793939225497,주거형
용강동,2024,1,상승,0.126,0.424,0.45,0.9104504602319892,혼합형
용강동,2024,2,유지,0.292,0.474,0.234,0.9104504602319892,혼합형
용강동,2024,3,유지,0.383,0.575,0.042,0.9104504602319892,혼합형
용강동,2024,4,하락,0.689,0.199,0.112,0.9104504602319892,혼합형
대흥동,2024,1,유지,0.013,0.754,0.232,0.899531968811488,혼합형
대흥동,2024,2,유지,0.083,0.873,0.043,0.899531968811488,혼합형
대흥동,2024,3,유지,0.087,0.873,0.039,0.899531968811488,혼합형
대흥동,2024,4,유지,0.01,0.939,0.05,0.899531968811488,혼합형
염리동,2024,1,유지,0.128,0.751,0.121,0.9433326732793044,혼합형
염리동,2024,2,유지,0.097,0.885,0.018,0.9433326732793044,혼합형
염리동,2024,3,유지,0.246,0.75,0.003,0.9433326732793044,혼합형
염리동,2024,4,유지,0.084,0.838,0.078,0.9433326732793044,혼합형
신수동,2024,1,하락,0.728,0.215,0.057,1.0133671402832,주거형
신수동,2024,2,상승,0.029,0.158,0.812,1.0133671402832,주거형
신수동,2024,3,상승,0.079,0.305,0.617,1.0133671402832,주거형
신수동,2024,4,상승,0.106,0.233,0.661,1.0133671402832,주거형
서강동,2024,1,유지,0.004,0.995,0.0,1.000801106416938,주거형
서강동,2024,2,유지,0.004,0.995,0.001,1.000801106416938,주거형
서강동,2024,3,유지,0.006,0.992,0.002,1.000801106416938,주거형
서강동,2024,4,유지,0.003,0.992,0.004,1.000801106416938,주거형
서교동,2024,1,유지,0.005,0.994,0.001,1.0550067008371502,주거형
서교동,2024,2,유지,0.003,0.996,0.001,1.0550067008371502,주거형
서교동,2024,3,유지,0.008,0.99,0.002,1.0550067008371502,주거형
서교동,2024,4,유지,0.003,0.995,0.002,1.0550067008371502,주거형
합정동,2024,1,하락,0.484,0.476,0.039,0.9932535712135206,주거형
합정동,2024,2,하락,0.839,0.13,0.031,0.9932535712135206,주거형
합정동,2024,3,하락,0.782,0.181,0.036,0.9932535712135206,주거형
합정동,2024,4,유지,0.094,0.754,0.152,0.9932535712135206,주거형
망원1동,2024,1,유지,0.043,0.729,0.229,1.1177589148720095,상권형
망원1동,2024,2,유지,0.084,0.884,0.032,1.1177589148720095,상권형
망원1동,2024,3,유지,0.053,0.842,0.105,1.1177589148720095,상권형
망원1동,2024,4,유지,0.21,0.737,0.053,1.1177589148720095,상권형
망원2동,2024,1,상승,0.015,0.25,0.735,1.090293995195394,주거형
망원2동,2024,2,상승,0.044,0.294,0.662,1.090293995195394,주거형
망원2동,2024,3,유지,0.166,0.51,0.324,1.090293995195394,주거형
망원2동,2024,4,유지,0.155,0.59,0.255,1.090293995195394,주거형
연남동,2024,1,유지,0.001,0.999,0.0,1.0746632662345157,주거형
연남동,2024,2,유지,0.001,0.999,0.0,1.0746632662345157,주거형
연남동,2024,3,유지,0.001,0.999,0.0,1.0746632662345157,주거형
연남동,2024,4,유지,0.001,0.999,0.0,1.0746632662345157,주거형
성산1동,2024,1,하락,0.563,0.342,0.096,1.0191347632822252,주거형
성산1동,2024,2,하락,0.407,0.204,0.389,1.0191347632822252,주거형
성산1동,2024,3,하락,0.826,0.09,0.084,1.0191347632822252,주거형
성산1동,2024,4,상승,0.345,0.156,0.499,1.0191347632822252,주거형
성산2동,2024,1,상승,0.021,0.161,0.818,1.1013535357024995,상권형
성산2동,2024,2,하락,0.422,0.406,0.172,1.1013535357024995,상권형
성산2동,2024,3,유지,0.231,0.391,0.378,1.1013535357024995,상권형
성산2동,2024,4,유지,0.254,0.482,0.264,1.1013535357024995,상권형
상암동,2024,1,상승,0.042,0.096,0.862,0.8089842350231783,혼합형
상암동,2024,2,유지,0.222,0.537,0.241,0.8089842350231783,혼합형
상암동,2024,3,상승,0.294,0.33,0.376,0.8089842350231783,혼합형
상암동,2024,4,유지,0.298,0.517,0.185,0.8089842350231783,혼합형
목1동,2024,1,상승,0.215,0.36,0.424,0.9919112044764536,주거형
목1동,2024,2,상승,0.231,0.334,0.435,0.9919112044764536,주거형
목1동,2024,3,유지,0.457,0.477,0.066,0.9919112044764536,주거형
목1동,2024,4,상승,0.194,0.316,0.49,0.9919112044764536,주거형
목2동,2024,1,유지,0.215,0.559,0.226,1.0766130788448165,주거형
목2동,2024,2,유지,0.151,0.823,0.026,1.0766130788448165,주거형
목2동,2024,3,유지,0.112,0.599,0.289,1.0766130788448165,주거형
목2동,2024,4,유지,0.111,0.731,0.158,1.0766130788448165,주거형
목3동,2024,1,상승,0.069,0.181,0.751,1.0539376953796429,주거형
목3동,2024,2,유지,0.395,0.512,0.093,1.0539376953796429,주거형
목3동,2024,3,하락,0.592,0.351,0.058,1.0539376953796429,주거형
목3동,2024,4,유지,0.167,0.61,0.223,1.0539376953796429,주거형
목4동,2024,1,유지,0.124,0.683,0.193,1.0340043576802933,주거형
목4동,2024,2,유지,0.217,0.48,0.303,1.0340043576802933,주거형
목4동,2024,3,유지,0.22,0.626,0.154,1.0340043576802933,주거형
목4동,2024,4,유지,0.168,0.666,0.166,1.0340043576802933,주거형
목5동,2024,1,유지,0.03,0.551,0.418,1.0276284895310666,주거형
목5동,2024,2,유지,0.359,0.543,0.098,1.0276284895310666,주거형
목5동,2024,3,유지,0.43,0.51,0.06,1.0276284895310666,주거형
목5동,2024,4,하락,0.512,0.41,0.079,1.0276284895310666,주거형
신월1동,2024,1,상승,0.013,0.091,0.896,1.076824137858149,주거형
신월1동,2024,2,유지,0.376,0.557,0.067,1.076824137858149,주거형
신월1동,2024,3,하락,0.686,0.177,0.137,1.076824137858149,주거형
신월1동,2024,4,유지,0.395,0.434,0.171,1.076824137858149,주거형
신월2동,2024,1,유지,0.056,0.708,0.237,1.0616355888704443,주거형
신월2동,2024,2,유지,0.424,0.497,0.079,1.0616355888704443,주거형
신월2동,2024,3,하락,0.595,0.31,0.095,1.0616355888704443,주거형
신월2동,2024,4,유지,0.14,0.665,0.195,1.0616355888704443,주거형
신월3동,2024,1,상승,0.155,0.421,0.425,1.0137826190862165,주거형
신월3동,2024,2,유지,0.328,0.569,0.103,1.0137826190862165,주거형
신월3동,2024,3,하락,0.824,0.137,0.039,1.0137826190862165,주거형
신월3동,2024,4,상승,0.041,0.228,0.732,1.0137826190862165,주거형
신월4동,2024,1,상승,0.066,0.22,0.714,1.052922848266597,주거형
신월4동,2024,2,하락,0.644,0.239,0.117,1.052922848266597,주거형
신월4동,2024,3,하락,0.681,0.301,0.018,1.052922848266597,주거형
신월4동,2024,4,상승,0.144,0.145,0.711,1.052922848266597,주거형
신월5동,2024,1,하락,0.529,0.244,0.227,1.0036923395959867,주거형
신월5동,2024,2,상승,0.297,0.321,0.381,1.0036923395959867,주거형
신월5동,2024,3,상승,0.353,0.22,0.427,1.0036923395959867,주거형
신월5동,2024,4,상승,0.08,0.087,0.832,1.0036923395959867,주거형
신월6동,2024,1,유지,0.011,0.925,0.064,1.0239211021907653,주거형
신월6동,2024,2,유지,0.113,0.563,0.323,1.0239211021907653,주거형
신월6동,2024,3,하락,0.566,0.362,0.072,1.0239211021907653,주거형
신월6동,2024,4,유지,0.236,0.722,0.042,1.0239211021907653,주거형
신월7동,2024,1,상승,0.055,0.285,0.66,1.0550226196446413,주거형
신월7동,2024,2,유지,0.074,0.543,0.383,1.0550226196446413,주거형
신월7동,2024,3,유지,0.121,0.5,0.379,1.0550226196446413,주거형
신월7동,2024,4,유지,0.286,0.466,0.248,1.0550226196446413,주거형
신정1동,2024,1,유지,0.047,0.56,0.392,1.0602822724816856,주거형
신정1동,2024,2,유지,0.213,0.739,0.047,1.0602822724816856,주거형
신정1동,2024,3,유지,0.326,0.651,0.023,1.0602822724816856,주거형
신정1동,2024,4,유지,0.229,0.682,0.088,1.0602822724816856,주거형
신정2동,2024,1,유지,0.126,0.606,0.268,1.0520355997163564,주거형
신정2동,2024,2,유지,0.462,0.464,0.074,1.0520355997163564,주거형
신정2동,2024,3,유지,0.204,0.67,0.126,1.0520355997163564,주거형
신정2동,2024,4,상승,0.231,0.38,0.389,1.0520355997163564,주거형
신정3동,2024,1,유지,0.017,0.705,0.277,1.028626573548073,주거형
신정3동,2024,2,상승,0.026,0.444,0.531,1.028626573548073,주거형
신정3동,2024,3,유지,0.134,0.587,0.28,1.028626573548073,주거형
신정3동,2024,4,유지,0.236,0.654,0.11,1.028626573548073,주거형
신정4동,2024,1,유지,0.106,0.554,0.339,1.0135195552586431,주거형
신정4동,2024,2,하락,0.39,0.378,0.232,1.0135195552586431,주거형
신정4동,2024,3,유지,0.389,0.522,0.089,1.0135195552586431,주거형
신정4동,2024,4,유지,0.456,0.465,0.079,1.0135195552586431,주거형
신정6동,2024,1,상승,0.14,0.327,0.533,1.0170907064455033,주거형
신정6동,2024,2,하락,0.569,0.371,0.061,1.0170907064455033,주거형
신정6동,2024,3,하락,0.655,0.117,0.228,1.0170907064455033,주거형
신정6동,2024,4,유지,0.291,0.548,0.161,1.0170907064455033,주거형
신정7동,2024,1,유지,0.04,0.539,0.421,1.0227994547183392,주거형
신정7동,2024,2,유지,0.362,0.568,0.07,1.0227994547183392,주거형
신정7동,2024,3,하락,0.469,0.421,0.11,1.0227994547183392,주거형
신정7동,2024,4,하락,0.615,0.284,0.101,1.0227994547183392,주거형
염창동,2024,1,상승,0.01,0.18,0.811,1.0087248385553147,주거형
염창동,2024,2,상승,0.016,0.174,0.81,1.0087248385553147,주거형
염창동,2024,3,상승,0.007,0.239,0.754,1.0087248385553147,주거형
염창동,2024,4,상승,0.002,0.213,0.785,1.0087248385553147,주거형
등촌1동,2024,1,유지,0.293,0.514,0.193,0.985920112485514,주거형
등촌1동,2024,2,하락,0.521,0.36,0.12,0.985920112485514,주거형
등촌1동,2024,3,유지,0.335,0.43,0.235,0.985920112485514,주거형
등촌1동,2024,4,유지,0.39,0.47,0.14,0.985920112485514,주거형
등촌2동,2024,1,하락,0.435,0.235,0.33,1.046549724974411,주거형
등촌2동,2024,2,하락,0.944,0.028,0.028,1.046549724974411,주거형
등촌2동,2024,3,상승,0.262,0.257,0.481,1.046549724974411,주거형
등촌2동,2024,4,유지,0.316,0.377,0.308,1.046549724974411,주거형
등촌3동,2024,1,상승,0.009,0.121,0.87,0.9644261951208624,주거형
등촌3동,2024,2,하락,0.621,0.258,0.122,0.9644261951208624,주거형
등촌3동,2024,3,유지,0.143,0.444,0.413,0.9644261951208624,주거형
등촌3동,2024,4,상승,0.03,0.201,0.77,0.9644261951208624,주거형
화곡1동,2024,1,유지,0.127,0.822,0.051,1.0635701439131529,주거형
화곡1동,2024,2,유지,0.052,0.918,0.03,1.0635701439131529,주거형
화곡1동,2024,3,유지,0.076,0.903,0.021,1.0635701439131529,주거형
화곡1동,2024,4,유지,0.144,0.839,0.017,1.0635701439131529,주거형
화곡2동,2024,1,유지,0.01,0.724,0.266,1.0881486581007744,주거형
화곡2동,2024,2,하락,0.498,0.281,0.221,1.0881486581007744,주거형
화곡2동,2024,3,유지,0.267,0.585,0.148,1.0881486581007744,주거형
화곡2동,2024,4,유지,0.026,0.789,0.184,1.0881486581007744,주거형
화곡3동,2024,1,상승,0.213,0.34,0.447,1.0546001386965893,주거형
화곡3동,2024,2,유지,0.264,0.528,0.208,1.0546001386965893,주거형
화곡3동,2024,3,유지,0.409,0.538,0.053,1.0546001386965893,주거형
화곡3동,2024,4,상승,0.145,0.37,0.485,1.0546001386965893,주거형
화곡4동,2024,1,상승,0.026,0.106,0.868,1.0675813170364328,주거형
화곡4동,2024,2,유지,0.354,0.414,0.233,1.0675813170364328,주거형
화곡4동,2024,3,유지,0.442,0.49,0.068,1.0675813170364328,주거형
화곡4동,2024,4,상승,0.044,0.183,0.772,1.0675813170364328,주거형
화곡본동,2024,1,유지,0.106,0.513,0.381,1.085548654458009,주거형
화곡본동,2024,2,유지,0.086,0.897,0.017,1.085548654458009,주거형
화곡본동,2024,3,유지,0.183,0.647,0.17,1.085548654458009,주거형
화곡본동,2024,4,유지,0.065,0.571,0.365,1.085548654458009,주거형
화곡6동,2024,1,유지,0.078,0.814,0.108,1.051537934746994,주거형
화곡6동,2024,2,유지,0.083,0.894,0.023,1.051537934746994,주거형
화곡6동,2024,3,유지,0.104,0.779,0.117,1.051537934746994,주거형
화곡6동,2024,4,유지,0.176,0.759,0.065,1.051537934746994,주거형
화곡8동,2024,1,상승,0.107,0.37,0.523,1.0036172942066974,주거형
화곡8동,2024,2,하락,0.55,0.401,0.049,1.0036172942066974,주거형
화곡8동,2024,3,유지,0.412,0.501,0.087,1.0036172942066974,주거형
화곡8동,2024,4,상승,0.1,0.346,0.554,1.0036172942066974,주거형
가양1동,2024,1,상승,0.09,0.142,0.768,0.781732116592227,오피스형
가양1동,2024,2,유지,0.465,0.472,0.063,0.781732116592227,오피스형
가양1동,2024,3,유지,0.229,0.55,0.221,0.781732116592227,오피스형
가양1동,2024,4,유지,0.271,0.464,0.265,0.781732116592227,오피스형
가양2동,2024,1,유지,0.019,0.967,0.014,0.9933592775588114,주거형
가양2동,2024,2,유지,0.264,0.651,0.085,0.9933592775588114,주거형
가양2동,2024,3,유지,0.019,0.941,0.04,0.9933592775588114,주거형
가양2동,2024,4,유지,0.026,0.846,0.128,0.9933592775588114,주거형
가양3동,2024,1,유지,0.003,0.732,0.265,0.9049505169659584,혼합형
가양3동,2024,2,하락,0.899,0.067,0.034,0.9049505169659584,혼합형
가양3동,2024,3,하락,0.634,0.323,0.044,0.9049505169659584,혼합형
가양3동,2024,4,상승,0.026,0.469,0.505,0.9049505169659584,혼합형
발산1동,2024,1,유지,0.046,0.93,0.025,0.9112402598356866,혼합형
발산1동,2024,2,유지,0.144,0.836,0.019,0.9112402598356866,혼합형
발산1동,2024,3,유지,0.124,0.862,0.014,0.9112402598356866,혼합형
발산1동,2024,4,유지,0.032,0.902,0.066,0.9112402598356866,혼합형
우장산동,2024,1,상승,0.052,0.204,0.744,1.004357962495131,주거형
우장산동,2024,2,하락,0.683,0.212,0.105,1.004357962495131,주거형
우장산동,2024,3,하락,0.725,0.228,0.047,1.004357962495131,주거형
우장산동,2024,4,하락,0.72,0.218,0.062,1.004357962495131,주거형
공항동,2024,1,상승,0.003,0.057,0.94,0.9374196019364434,혼합형
공항동,2024,2,하락,0.811,0.079,0.11,0.9374196019364434,혼합형
공항동,2024,3,하락,0.649,0.231,0.12,0.9374196019364434,혼합형
공항동,2024,4,하락,0.888,0.06,0.052,0.9374196019364434,혼합형
방화1동,2024,1,상승,0.128,0.424,0.448,1.002014609696088,주거형
방화1동,2024,2,유지,0.407,0.472,0.121,1.002014609696088,주거형
방화1동,2024,3,유지,0.397,0.467,0.136,1.002014609696088,주거형
방화1동,2024,4,하락,0.74,0.19,0.069,1.002014609696088,주거형
방화2동,2024,1,상승,0.044,0.111,0.845,1.0639201715053626,주거형
방화2동,2024,2,상승,0.078,0.245,0.677,1.0639201715053626,주거형
방화2동,2024,3,유지,0.239,0.562,0.199,1.0639201715053626,주거형
방화2동,2024,4,유지,0.277,0.451,0.272,1.0639201715053626,주거형
방화3동,2024,1,상승,0.008,0.083,0.909,1.0402992332706766,주거형
방화3동,2024,2,유지,0.33,0.422,0.249,1.0402992332706766,주거형
방화3동,2024,3,유지,0.38,0.381,0.239,1.0402992332706766,주거형
방화3동,2024,4,상승,0.106,0.247,0.647,1.0402992332706766,주거형
신도림동,2024,1,상승,0.117,0.4,0.483,1.0396201239127991,주거형
신도림동,2024,2,유지,0.426,0.445,0.129,1.0396201239127991,주거형
신도림동,2024,3,하락,0.587,0.342,0.07,1.0396201239127991,주거형
신도림동,2024,4,유지,0.389,0.468,0.143,1.0396201239127991,주거형
구로1동,2024,1,유지,0.006,0.745,0.249,0.996307168487558,주거형
구로1동,2024,2,유지,0.023,0.758,0.219,0.996307168487558,주거형
구로1동,2024,3,유지,0.065,0.858,0.078,0.996307168487558,주거형
구로1동,2024,4,유지,0.204,0.752,0.044,0.996307168487558,주거형
구로2동,2024,1,유지,0.001,0.994,0.005,0.9337694355200956,혼합형
구로2동,2024,2,유지,0.001,0.992,0.007,0.9337694355200956,혼합형
구로2동,2024,3,유지,0.001,0.992,0.008,0.9337694355200956,혼합형
구로2동,2024,4,유지,0.0,0.987,0.013,0.9337694355200956,혼합형
구로3동,2024,1,상승,0.008,0.056,0.936,0.6401576705603608,오피스형
구로3동,2024,2,유지,0.457,0.502,0.041,0.6401576705603608,오피스형
구로3동,2024,3,상승,0.361,0.252,0.387,0.6401576705603608,오피스형
구로3동,2024,4,하락,0.781,0.174,0.044,0.6401576705603608,오피스형
구로4동,2024,1,유지,0.037,0.532,0.431,1.030306027530539,주거형
구로4동,2024,2,유지,0.137,0.596,0.267,1.030306027530539,주거형
구로4동,2024,3,유지,0.399,0.476,0.124,1.030306027530539,주거형
구로4동,2024,4,유지,0.174,0.43,0.397,1.030306027530539,주거형
구로5동,2024,1,상승,0.043,0.217,0.74,1.00383491994587,주거형
구로5동,2024,2,상승,0.093,0.413,0.494,1.00383491994587,주거형
구로5동,2024,3,유지,0.439,0.474,0.087,1.00383491994587,주거형
구로5동,2024,4,하락,0.476,0.257,0.268,1.00383491994587,주거형
가리봉동,2024,1,하락,0.692,0.073,0.235,0.940658526515163,혼합형
가리봉동,2024,2,하락,0.569,0.169,0.263,0.940658526515163,혼합형
가리봉동,2024,3,상승,0.348,0.203,0.448,0.940658526515163,혼합형
가리봉동,2024,4,상승,0.076,0.177,0.747,0.940658526515163,혼합형
고척1동,2024,1,유지,0.022,0.727,0.252,1.027003031739958,주거형
고척1동,2024,2,하락,0.476,0.38,0.144,1.027003031739958,주거형
고척1동,2024,3,유지,0.036,0.717,0.247,1.027003031739958,주거형
고척1동,2024,4,유지,0.138,0.75,0.111,1.027003031739958,주거형
고척2동,2024,1,유지,0.041,0.643,0.317,1.051239666777423,주거형
고척2동,2024,2,유지,0.127,0.663,0.211,1.051239666777423,주거형
고척2동,2024,3,하락,0.461,0.424,0.115,1.051239666777423,주거형
고척2동,2024,4,유지,0.203,0.636,0.161,1.051239666777423,주거형
개봉1동,2024,1,상승,0.097,0.199,0.705,1.066774245468364,주거형
개봉1동,2024,2,상승,0.003,0.04,0.957,1.066774245468364,주거형
개봉1동,2024,3,상승,0.202,0.376,0.422,1.066774245468364,주거형
개봉1동,2024,4,유지,0.19,0.543,0.267,1.066774245468364,주거형
개봉2동,2024,1,유지,0.109,0.451,0.44,1.0922343733432411,주거형
개봉2동,2024,2,유지,0.447,0.504,0.049,1.0922343733432411,주거형
개봉2동,2024,3,하락,0.521,0.426,0.052,1.0922343733432411,주거형
개봉2동,2024,4,유지,0.141,0.498,0.362,1.0922343733432411,주거형
개봉3동,2024,1,유지,0.317,0.585,0.099,1.0604510892464083,주거형
개봉3동,2024,2,하락,0.641,0.336,0.023,1.0604510892464083,주거형
개봉3동,2024,3,하락,0.544,0.272,0.184,1.0604510892464083,주거형
개봉3동,2024,4,상승,0.133,0.356,0.511,1.0604510892464083,주거형
오류1동,2024,1,상승,0.063,0.44,0.497,1.0789043054876264,주거형
오류1동,2024,2,유지,0.136,0.588,0.276,1.0789043054876264,주거형
오류1동,2024,3,유지,0.221,0.715,0.064,1.0789043054876264,주거형
오류1동,2024,4,유지,0.262,0.637,0.101,1.0789043054876264,주거형
오류2동,2024,1,상승,0.005,0.156,0.84,1.0389379261211709,주거형
오류2동,2024,2,상승,0.065,0.347,0.588,1.0389379261211709,주거형
오류2동,2024,3,하락,0.489,0.361,0.149,1.0389379261211709,주거형
오류2동,2024,4,유지,0.377,0.389,0.233,1.0389379261211709,주거형
수궁동,2024,1,상승,0.097,0.361,0.542,1.0249503008285374,주거형
수궁동,2024,2,유지,0.263,0.464,0.274,1.0249503008285374,주거형
수궁동,2024,3,하락,0.48,0.34,0.181,1.0249503008285374,주거형
수궁동,2024,4,유지,0.249,0.519,0.231,1.0249503008285374,주거형
항동,2024,1,하락,0.46,0.084,0.456,,
항동,2024,2,상승,0.097,0.13,0.774,,
항동,2024,3,상승,0.014,0.027,0.958,,
항동,2024,4,유지,0.364,0.447,0.188,,
가산동,2024,1,유지,0.028,0.962,0.01,0.5729822416257867,오피스형
가산동,2024,2,유지,0.022,0.954,0.024,0.5729822416257867,오피스형
가산동,2024,3,유지,0.026,0.949,0.025,0.5729822416257867,오피스형
가산동,2024,4,유지,0.035,0.945,0.02,0.5729822416257867,오피스형
독산1동,2024,1,유지,0.001,0.991,0.008,0.9763647415433592,주거형
독산1동,2024,2,유지,0.008,0.989,0.003,0.9763647415433592,주거형
독산1동,2024,3,유지,0.039,0.954,0.007,0.9763647415433592,주거형
독산1동,2024,4,유지,0.001,0.988,0.011,0.9763647415433592,주거형
독산2동,2024,1,상승,0.013,0.034,0.953,1.1015373993200663,상권형
독산2동,2024,2,상승,0.096,0.33,0.574,1.1015373993200663,상권형
독산2동,2024,3,하락,0.671,0.292,0.037,1.1015373993200663,상권형
독산2동,2024,4,하락,0.538,0.274,0.188,1.1015373993200663,상권형
독산3동,2024,1,유지,0.071,0.514,0.416,1.0406663231612896,주거형
독산3동,2024,2,유지,0.217,0.614,0.169,1.0406663231612896,주거형
독산3동,2024,3,하락,0.436,0.365,0.199,1.0406663231612896,주거형
독산3동,2024,4,유지,0.228,0.481,0.291,1.0406663231612896,주거형
독산4동,2024,1,유지,0.012,0.63,0.357,1.0921387742504465,주거형
독산4동,2024,2,유지,0.04,0.95,0.01,1.0921387742504465,주거형
독산4동,2024,3,유지,0.059,0.931,0.01,1.0921387742504465,주거형
독산4동,2024,4,유지,0.059,0.938,0.003,1.0921387742504465,주거형
시흥1동,2024,1,상승,0.007,0.121,0.872,0.9940037886221856,주거형
시흥1동,2024,2,상승,0.174,0.407,0.419,0.9940037886221856,주거형
시흥1동,2024,3,하락,0.463,0.342,0.194,0.9940037886221856,주거형
시흥1동,2024,4,하락,0.409,0.395,0.196,0.9940037886221856,주거형
시흥2동,2024,1,유지,0.019,0.797,0.185,1.0462491680556154,주거형
시흥2동,2024,2,유지,0.017,0.595,0.388,1.0462491680556154,주거형
시흥2동,2024,3,유지,0.241,0.58,0.179,1.0462491680556154,주거형
시흥2동,2024,4,유지,0.387,0.499,0.114,1.0462491680556154,주거형
시흥3동,2024,1,상승,0.052,0.117,0.831,0.93791897888514,혼합형
시흥3동,2024,2,하락,0.611,0.294,0.094,0.93791897888514,혼합형
시흥3동,2024,3,하락,0.666,0.136,0.199,0.93791897888514,혼합형
시흥3동,2024,4,하락,0.655,0.165,0.18,0.93791897888514,혼합형
시흥4동,2024,1,상승,0.046,0.172,0.782,1.1000144099792208,상권형
시흥4동,2024,2,상승,0.116,0.427,0.457,1.1000144099792208,상권형
시흥4동,2024,3,하락,0.554,0.35,0.096,1.1000144099792208,상권형
시흥4동,2024,4,유지,0.363,0.516,0.121,1.1000144099792208,상권형
시흥5동,2024,1,상승,0.018,0.183,0.799,1.065179511609613,주거형
시흥5동,2024,2,유지,0.18,0.457,0.363,1.065179511609613,주거형
시흥5동,2024,3,하락,0.795,0.158,0.047,1.065179511609613,주거형
시흥5동,2024,4,유지,0.234,0.404,0.361,1.065179511609613,주거형
영등포본동,2024,1,유지,0.277,0.605,0.117,1.044449643031674,주거형
영등포본동,2024,2,유지,0.308,0.577,0.115,1.044449643031674,주거형
영등포본동,2024,3,유지,0.356,0.596,0.049,1.044449643031674,주거형
영등포본동,2024,4,유지,0.188,0.701,0.111,1.044449643031674,주거형
영등포동,2024,1,하락,0.463,0.274,0.263,0.999717150059962,주거형
영등포동,2024,2,유지,0.199,0.455,0.346,0.999717150059962,주거형
영등포동,2024,3,하락,0.432,0.373,0.195,0.999717150059962,주거형
영등포동,2024,4,상승,0.142,0.181,0.677,0.999717150059962,주거형
여의동,2024,1,상승,0.037,0.165,0.798,0.6195512729101097,오피스형
여의동,2024,2,유지,0.332,0.561,0.107,0.6195512729101097,오피스형
여의동,2024,3,유지,0.298,0.56,0.142,0.6195512729101097,오피스형
여의동,2024,4,유지,0.16,0.597,0.243,0.6195512729101097,오피스형
당산1동,2024,1,유지,0.003,0.702,0.295,0.9075838800433836,혼합형
당산1동,2024,2,유지,0.049,0.852,0.098,0.9075838800433836,혼합형
당산1동,2024,3,유지,0.007,0.952,0.041,0.9075838800433836,혼합형
당산1동,2024,4,유지,0.068,0.772,0.16,0.9075838800433836,혼합형
당산2동,2024,1,유지,0.088,0.514,0.398,0.9443936057376888,혼합형
당산2동,2024,2,유지,0.128,0.543,0.329,0.9443936057376888,혼합형
당산2동,2024,3,유지,0.229,0.722,0.05,0.9443936057376888,혼합형
당산2동,2024,4,유지,0.254,0.71,0.037,0.9443936057376888,혼합형
도림동,2024,1,상승,0.1,0.413,0.487,1.09462117160347,주거형
도림동,2024,2,하락,0.51,0.228,0.262,1.09462117160347,주거형
도림동,2024,3,하락,0.662,0.159,0.179,1.09462117160347,주거형
도림동,2024,4,유지,0.109,0.505,0.386,1.09462117160347,주거형
문래동,2024,1,상승,0.004,0.303,0.693,0.8920395216954573,혼합형
문래동,2024,2,유지,0.15,0.65,0.2,0.8920395216954573,혼합형
문래동,2024,3,유지,0.265,0.556,0.18,0.8920395216954573,혼합형
문래동,2024,4,상승,0.04,0.411,0.549,0.8920395216954573,혼합형
양평1동,2024,1,상승,0.087,0.204,0.708,0.8921140767481588,혼합형
양평1동,2024,2,하락,0.742,0.156,0.102,0.8921140767481588,혼합형
양평1동,2024,3,상승,0.084,0.233,0.683,0.8921140767481588,혼합형
양평1동,2024,4,하락,0.63,0.291,0.079,0.8921140767481588,혼합형
양평2동,2024,1,유지,0.108,0.568,0.324,0.8752504095169567,혼합형
양평2동,2024,2,하락,0.422,0.326,0.252,0.8752504095169567,혼합형
양평2동,2024,3,하락,0.889,0.084,0.027,0.8752504095169567,혼합형
양평2동,2024,4,하락,0.614,0.26,0.127,0.8752504095169567,혼합형
신길1동,2024,1,상승,0.014,0.096,0.89,1.0310242135167875,주거형
신길1동,2024,2,상승,0.008,0.032,0.96,1.0310242135167875,주거형
신길1동,2024,3,하락,0.856,0.102,0.042,1.0310242135167875,주거형
신길1동,2024,4,유지,0.332,0.424,0.244,1.0310242135167875,주거형
신길3동,2024,1,유지,0.201,0.485,0.314,1.0413730935107126,주거형
신길3동,2024,2,하락,0.518,0.313,0.168,1.0413730935107126,주거형
신길3동,2024,3,하락,0.566,0.269,0.165,1.0413730935107126,주거형
신길3동,2024,4,하락,0.9,0.077,0.023,1.0413730935107126,주거형
신길4동,2024,1,하락,0.512,0.164,0.323,1.0774882918723978,주거형
신길4동,2024,2,하락,0.703,0.155,0.143,1.0774882918723978,주거형
신길4동,2024,3,하락,0.525,0.391,0.084,1.0774882918723978,주거형
신길4동,2024,4,상승,0.029,0.339,0.632,1.0774882918723978,주거형
신길5동,2024,1,유지,0.004,0.556,0.44,1.0469604160063382,주거형
신길5동,2024,2,상승,0.037,0.276,0.687,1.0469604160063382,주거형
신길5동,2024,3,유지,0.003,0.815,0.182,1.0469604160063382,주거형
신길5동,2024,4,상승,0.005,0.337,0.658,1.0469604160063382,주거형
신길6동,2024,1,상승,0.094,0.262,0.644,1.028935597226896,주거형
신길6동,2024,2,상승,0.277,0.212,0.511,1.028935597226896,주거형
신길6동,2024,3,하락,0.667,0.208,0.125,1.028935597226896,주거형
신길6동,2024,4,상승,0.344,0.226,0.43,1.028935597226896,주거형
신길7동,2024,1,하락,0.845,0.11,0.045,1.0284277993685724,주거형
신길7동,2024,2,하락,0.709,0.164,0.127,1.0284277993685724,주거형
신길7동,2024,3,상승,0.134,0.11,0.756,1.0284277993685724,주거형
신길7동,2024,4,상승,0.067,0.032,0.901,1.0284277993685724,주거형
대림1동,2024,1,유지,0.014,0.863,0.123,1.0712945038784938,주거형
대림1동,2024,2,유지,0.05,0.82,0.13,1.0712945038784938,주거형
대림1동,2024,3,유지,0.074,0.736,0.19,1.0712945038784938,주거형
대림1동,2024,4,유지,0.033,0.897,0.071,1.0712945038784938,주거형
대림2동,2024,1,상승,0.219,0.315,0.466,1.0757163306541364,주거형
대림2동,2024,2,유지,0.274,0.689,0.037,1.0757163306541364,주거형
대림2동,2024,3,상승,0.064,0.284,0.652,1.0757163306541364,주거형
대림2동,2024,4,상승,0.104,0.3,0.596,1.0757163306541364,주거형
대림3동,2024,1,유지,0.002,0.969,0.029,1.0319901818079649,주거형
대림3동,2024,2,유지,0.002,0.907,0.09,1.0319901818079649,주거형
대림3동,2024,3,유지,0.061,0.925,0.014,1.0319901818079649,주거형
대림3동,2024,4,유지,0.027,0.952,0.021,1.0319901818079649,주거형
노량진1동,2024,1,하락,0.702,0.229,0.069,1.0249575783982223,주거형
노량진1동,2024,2,유지,0.386,0.478,0.137,1.0249575783982223,주거형
노량진1동,2024,3,유지,0.401,0.409,0.189,1.0249575783982223,주거형
노량진1동,2024,4,하락,0.473,0.354,0.173,1.0249575783982223,주거형
노량진2동,2024,1,유지,0.43,0.554,0.017,0.9636427317656794,주거형
노량진2동,2024,2,유지,0.346,0.618,0.036,0.9636427317656794,주거형
노량진2동,2024,3,유지,0.23,0.586,0.185,0.9636427317656794,주거형
노량진2동,2024,4,하락,0.55,0.357,0.093,0.9636427317656794,주거형
상도1동,2024,1,상승,0.066,0.176,0.758,1.0072723821902636,주거형
상도1동,2024,2,상승,0.022,0.232,0.746,1.0072723821902636,주거형
상도1동,2024,3,유지,0.27,0.505,0.225,1.0072723821902636,주거형
상도1동,2024,4,상승,0.214,0.389,0.397,1.0072723821902636,주거형
상도2동,2024,1,상승,0.075,0.363,0.562,1.0115555968257566,주거형
상도2동,2024,2,유지,0.316,0.402,0.282,1.0115555968257566,주거형
상도2동,2024,3,유지,0.187,0.5,0.312,1.0115555968257566,주거형
상도2동,2024,4,상승,0.213,0.29,0.498,1.0115555968257566,주거형
상도3동,2024,1,상승,0.078,0.385,0.538,1.0919264254787058,주거형
상도3동,2024,2,유지,0.073,0.518,0.409,1.0919264254787058,주거형
상도3동,2024,3,하락,0.438,0.356,0.206,1.0919264254787058,주거형
상도3동,2024,4,유지,0.19,0.463,0.347,1.0919264254787058,주거형
상도4동,2024,1,상승,0.21,0.335,0.454,1.0864468012973183,주거형
상도4동,2024,2,유지,0.167,0.449,0.384,1.0864468012973183,주거형
상도4동,2024,3,유지,0.345,0.46,0.196,1.0864468012973183,주거형
상도4동,2024,4,상승,0.053,0.378,0.569,1.0864468012973183,주거형
흑석동,2024,1,상승,0.017,0.444,0.539,0.9308869463196318,혼합형
흑석동,2024,2,유지,0.037,0.503,0.461,0.9308869463196318,혼합형
흑석동,2024,3,유지,0.22,0.665,0.116,0.9308869463196318,혼합형
흑석동,2024,4,유지,0.376,0.568,0.056,0.9308869463196318,혼합형
사당1동,2024,1,유지,0.013,0.983,0.004,1.014634994994031,주거형
사당1동,2024,2,유지,0.006,0.993,0.001,1.014634994994031,주거형
사당1동,2024,3,유지,0.005,0.994,0.001,1.014634994994031,주거형
사당1동,2024,4,유지,0.005,0.994,0.001,1.014634994994031,주거형
사당2동,2024,1,유지,0.107,0.842,0.051,1.0405921529905118,주거형
사당2동,2024,2,유지,0.275,0.718,0.007,1.0405921529905118,주거형
사당2동,2024,3,유지,0.161,0.83,0.009,1.0405921529905118,주거형
사당2동,2024,4,유지,0.221,0.746,0.033,1.0405921529905118,주거형
사당3동,2024,1,상승,0.069,0.189,0.742,1.0738041866131882,주거형
사당3동,2024,2,하락,0.682,0.207,0.111,1.0738041866131882,주거형
사당3동,2024,3,하락,0.782,0.144,0.074,1.0738041866131882,주거형
사당3동,2024,4,하락,0.489,0.377,0.134,1.0738041866131882,주거형
사당4동,2024,1,유지,0.418,0.438,0.144,1.0916496068765251,주거형
사당4동,2024,2,하락,0.497,0.366,0.137,1.0916496068765251,주거형
사당4동,2024,3,유지,0.432,0.456,0.112,1.0916496068765251,주거형
사당4동,2024,4,하락,0.814,0.14,0.046,1.0916496068765251,주거형
사당5동,2024,1,상승,0.021,0.206,0.773,1.056017627109934,주거형
사당5동,2024,2,상승,0.258,0.288,0.455,1.056017627109934,주거형
사당5동,2024,3,하락,0.803,0.147,0.05,1.056017627109934,주거형
사당5동,2024,4,하락,0.568,0.131,0.302,1.056017627109934,주거형
대방동,2024,1,상승,0.114,0.278,0.608,1.000756834389892,주거형
대방동,2024,2,상승,0.135,0.236,0.629,1.000756834389892,주거형
대방동,2024,3,상승,0.227,0.291,0.482,1.000756834389892,주거형
대방동,2024,4,하락,0.525,0.348,0.126,1.000756834389892,주거형
신대방1동,2024,1,상승,0.141,0.284,0.575,1.0489453771358543,주거형
신대방1동,2024,2,하락,0.463,0.445,0.092,1.0489453771358543,주거형
신대방1동,2024,3,하락,0.479,0.473,0.048,1.0489453771358543,주거형
신대방1동,2024,4,유지,0.366,0.417,0.217,1.0489453771358543,주거형
신대방2동,2024,1,상승,0.089,0.118,0.793,0.9462329525896654,혼합형
신대방2동,2024,2,하락,0.547,0.318,0.135,0.9462329525896654,혼합형
신대방2동,2024,3,상승,0.203,0.299,0.498,0.9462329525896654,혼합형
신대방2동,2024,4,상승,0.115,0.207,0.679,0.9462329525896654,혼합형
보라매동,2024,1,상승,0.012,0.083,0.905,0.989048221431503,주거형
보라매동,2024,2,유지,0.302,0.35,0.348,0.989048221431503,주거형
보라매동,2024,3,하락,0.491,0.333,0.175,0.989048221431503,주거형
보라매동,2024,4,하락,0.666,0.211,0.123,0.989048221431503,주거형
청림동,2024,1,상승,0.042,0.232,0.726,1.0557610046178458,주거형
청림동,2024,2,하락,0.667,0.181,0.152,1.0557610046178458,주거형
청림동,2024,3,하락,0.398,0.217,0.386,1.0557610046178458,주거형
청림동,2024,4,하락,0.901,0.058,0.041,1.0557610046178458,주거형
성현동,2024,1,상승,0.005,0.42,0.575,1.0761165061685225,주거형
성현동,2024,2,유지,0.114,0.609,0.277,1.0761165061685225,주거형
성현동,2024,3,상승,0.029,0.383,0.589,1.0761165061685225,주거형
성현동,2024,4,상승,0.003,0.18,0.817,1.0761165061685225,주거형
행운동,2024,1,유지,0.143,0.764,0.093,1.0493128099175626,주거형
행운동,2024,2,유지,0.185,0.775,0.04,1.0493128099175626,주거형
행운동,2024,3,유지,0.298,0.662,0.04,1.0493128099175626,주거형
행운동,2024,4,유지,0.153,0.657,0.19,1.0493128099175626,주거형
낙성대동,2024,1,유지,0.003,0.996,0.001,1.0438643797918818,주거형
낙성대동,2024,2,유지,0.002,0.997,0.001,1.0438643797918818,주거형
낙성대동,2024,3,유지,0.004,0.996,0.001,1.0438643797918818,주거형
낙성대동,2024,4,유지,0.009,0.988,0.003,1.0438643797918818,주거형
청룡동,2024,1,유지,0.154,0.428,0.418,1.044447819621063,주거형
청룡동,2024,2,유지,0.095,0.685,0.22,1.044447819621063,주거형
청룡동,2024,3,유지,0.3,0.432,0.268,1.044447819621063,주거형
청룡동,2024,4,유지,0.123,0.638,0.238,1.044447819621063,주거형
은천동,2024,1,상승,0.079,0.125,0.795,1.050996272342859,주거형
은천동,2024,2,상승,0.235,0.268,0.497,1.050996272342859,주거형
은천동,2024,3,상승,0.108,0.33,0.562,1.050996272342859,주거형
은천동,2024,4,유지,0.451,0.525,0.024,1.050996272342859,주거형
중앙동,2024,1,상승,0.026,0.351,0.623,1.0703035006512158,주거형
중앙동,2024,2,유지,0.228,0.587,0.184,1.0703035006512158,주거형
중앙동,2024,3,유지,0.281,0.649,0.07,1.0703035006512158,주거형
중앙동,2024,4,유지,0.212,0.522,0.266,1.0703035006512158,주거형
인헌동,2024,1,상승,0.018,0.351,0.63,1.0554926010101149,주거형
인헌동,2024,2,유지,0.226,0.641,0.133,1.0554926010101149,주거형
인헌동,2024,3,유지,0.331,0.599,0.07,1.0554926010101149,주거형
인헌동,2024,4,유지,0.414,0.489,0.097,1.0554926010101149,주거형
남현동,2024,1,유지,0.01,0.989,0.001,1.0292092845888978,주거형
남현동,2024,2,유지,0.007,0.992,0.001,1.0292092845888978,주거형
남현동,2024,3,유지,0.006,0.994,0.001,1.0292092845888978,주거형
남현동,2024,4,유지,0.007,0.993,0.0,1.0292092845888978,주거형
서원동,2024,1,유지,0.003,0.996,0.001,1.1011389564659992,상권형
서원동,2024,2,유지,0.003,0.996,0.001,1.1011389564659992,상권형
서원동,2024,3,유지,0.002,0.996,0.001,1.1011389564659992,상권형
서원동,2024,4,유지,0.002,0.997,0.001,1.1011389564659992,상권형
신원동,2024,1,유지,0.226,0.436,0.337,1.093850426878845,주거형
신원동,2024,2,유지,0.29,0.646,0.063,1.093850426878845,주거형
신원동,2024,3,유지,0.084,0.514,0.403,1.093850426878845,주거형
신원동,2024,4,상승,0.064,0.416,0.519,1.093850426878845,주거형
서림동,2024,1,유지,0.132,0.499,0.37,1.083820281396681,주거형
서림동,2024,2,상승,0.032,0.066,0.902,1.083820281396681,주거형
서림동,2024,3,하락,0.659,0.271,0.07,1.083820281396681,주거형
서림동,2024,4,유지,0.179,0.54,0.281,1.083820281396681,주거형
신사동,2024,1,상승,0.055,0.418,0.527,0.9380617722007444,혼합형
신사동,2024,2,상승,0.066,0.248,0.686,0.9380617722007444,혼합형
신사동,2024,3,유지,0.38,0.504,0.116,0.9380617722007444,혼합형
신사동,2024,4,유지,0.296,0.539,0.166,0.9380617722007444,혼합형
신림동,2024,1,유지,0.01,0.909,0.081,1.0865720318407537,주거형
신림동,2024,2,유지,0.006,0.99,0.004,1.0865720318407537,주거형
신림동,2024,3,유지,0.016,0.975,0.01,1.0865720318407537,주거형
신림동,2024,4,유지,0.013,0.965,0.023,1.0865720318407537,주거형
난향동,2024,1,유지,0.016,0.746,0.238,1.0817368507514384,주거형
난향동,2024,2,유지,0.026,0.543,0.431,1.0817368507514384,주거형
난향동,2024,3,유지,0.019,0.586,0.395,1.0817368507514384,주거형
난향동,2024,4,유지,0.201,0.614,0.185,1.0817368507514384,주거형
조원동,2024,1,상승,0.094,0.38,0.526,0.9143077808673724,혼합형
조원동,2024,2,하락,0.992,0.005,0.003,0.9143077808673724,혼합형
조원동,2024,3,하락,0.983,0.007,0.01,0.9143077808673724,혼합형
조원동,2024,4,하락,0.963,0.014,0.024,0.9143077808673724,혼합형
대학동,2024,1,유지,0.047,0.782,0.171,0.8369869490217104,혼합형
대학동,2024,2,유지,0.066,0.899,0.035,0.8369869490217104,혼합형
대학동,2024,3,유지,0.048,0.942,0.01,0.8369869490217104,혼합형
대학동,2024,4,유지,0.079,0.891,0.03,0.8369869490217104,혼합형
삼성동,2024,1,유지,0.413,0.524,0.063,1.044804832881393,주거형
삼성동,2024,2,유지,0.024,0.53,0.447,1.044804832881393,주거형
삼성동,2024,3,하락,0.785,0.159,0.056,1.044804832881393,주거형
삼성동,2024,4,유지,0.273,0.61,0.117,1.044804832881393,주거형
미성동,2024,1,상승,0.061,0.444,0.496,1.0463678580461322,주거형
미성동,2024,2,하락,0.469,0.373,0.159,1.0463678580461322,주거형
미성동,2024,3,유지,0.326,0.383,0.291,1.0463678580461322,주거형
미성동,2024,4,상승,0.184,0.37,0.446,1.0463678580461322,주거형
난곡동,2024,1,상승,0.006,0.175,0.819,1.0665398484241355,주거형
난곡동,2024,2,유지,0.07,0.493,0.438,1.0665398484241355,주거형
난곡동,2024,3,유지,0.296,0.613,0.091,1.0665398484241355,주거형
난곡동,2024,4,유지,0.156,0.773,0.071,1.0665398484241355,주거형
서초1동,2024,1,상승,0.008,0.085,0.907,0.8010627858352917,혼합형
서초1동,2024,2,상승,0.169,0.394,0.437,0.8010627858352917,혼합형
서초1동,2024,3,하락,0.739,0.188,0.073,0.8010627858352917,혼합형
서초1동,2024,4,유지,0.34,0.396,0.265,0.8010627858352917,혼합형
서초2동,2024,1,상승,0.032,0.389,0.579,0.6866836878463427,오피스형
서초2동,2024,2,유지,0.097,0.48,0.422,0.6866836878463427,오피스형
서초2동,2024,3,유지,0.379,0.557,0.064,0.6866836878463427,오피스형
서초2동,2024,4,하락,0.754,0.202,0.044,0.6866836878463427,오피스형
서초3동,2024,1,상승,0.338,0.133,0.529,0.7547097838936336,오피스형
서초3동,2024,2,하락,0.856,0.092,0.052,0.7547097838936336,오피스형
서초3동,2024,3,상승,0.366,0.134,0.5,0.7547097838936336,오피스형
서초3동,2024,4,하락,0.445,0.203,0.352,0.7547097838936336,오피스형
서초4동,2024,1,상승,0.024,0.422,0.554,0.8448160625414453,혼합형
서초4동,2024,2,유지,0.162,0.745,0.093,0.8448160625414453,혼합형
서초4동,2024,3,하락,0.477,0.451,0.072,0.8448160625414453,혼합형
서초4동,2024,4,하락,0.746,0.228,0.026,0.8448160625414453,혼합형
잠원동,2024,1,상승,0.032,0.31,0.659,0.8924724333984853,혼합형
잠원동,2024,2,유지,0.332,0.452,0.216,0.8924724333984853,혼합형
잠원동,2024,3,상승,0.198,0.394,0.408,0.8924724333984853,혼합형
잠원동,2024,4,하락,0.625,0.234,0.141,0.8924724333984853,혼합형
반포본동,2024,1,상승,0.051,0.151,0.798,0.8298052269412942,혼합형
반포본동,2024,2,하락,0.853,0.105,0.042,0.8298052269412942,혼합형
반포본동,2024,3,하락,0.968,0.022,0.01,0.8298052269412942,혼합형
반포본동,2024,4,상승,0.093,0.183,0.725,0.8298052269412942,혼합형
반포1동,2024,1,유지,0.012,0.709,0.279,0.9226536431715874,혼합형
반포1동,2024,2,유지,0.084,0.665,0.251,0.9226536431715874,혼합형
반포1동,2024,3,유지,0.093,0.71,0.197,0.9226536431715874,혼합형
반포1동,2024,4,유지,0.293,0.611,0.096,0.9226536431715874,혼합형
반포2동,2024,1,유지,0.131,0.668,0.2,1.023403162529111,주거형
반포2동,2024,2,유지,0.461,0.471,0.068,1.023403162529111,주거형
반포2동,2024,3,하락,0.779,0.186,0.034,1.023403162529111,주거형
반포2동,2024,4,하락,0.511,0.463,0.026,1.023403162529111,주거형
반포3동,2024,1,유지,0.231,0.58,0.19,1.0486917501861086,주거형
반포3동,2024,2,유지,0.338,0.578,0.084,1.0486917501861086,주거형
반포3동,2024,3,하락,0.505,0.399,0.096,1.0486917501861086,주거형
반포3동,2024,4,하락,0.478,0.415,0.106,1.0486917501861086,주거형
반포4동,2024,1,상승,0.025,0.216,0.758,0.9372028783310912,혼합형
반포4동,2024,2,하락,0.582,0.331,0.087,0.9372028783310912,혼합형
반포4동,2024,3,상승,0.108,0.423,0.469,0.9372028783310912,혼합형
반포4동,2024,4,유지,0.375,0.422,0.203,0.9372028783310912,혼합형
방배본동,2024,1,상승,0.152,0.334,0.514,0.9793425231867832,주거형
방배본동,2024,2,하락,0.366,0.355,0.279,0.9793425231867832,주거형
방배본동,2024,3,하락,0.573,0.285,0.142,0.9793425231867832,주거형
방배본동,2024,4,하락,0.742,0.209,0.049,0.9793425231867832,주거형
방배1동,2024,1,유지,0.079,0.602,0.319,0.8976709148478921,혼합형
방배1동,2024,2,유지,0.357,0.477,0.166,0.8976709148478921,혼합형
방배1동,2024,3,하락,0.815,0.155,0.03,0.8976709148478921,혼합형
방배1동,2024,4,유지,0.331,0.611,0.057,0.8976709148478921,혼합형
방배2동,2024,1,유지,0.019,0.98,0.001,0.9369172990181333,혼합형
방배2동,2024,2,유지,0.01,0.989,0.001,0.9369172990181333,혼합형
방배2동,2024,3,유지,0.028,0.971,0.002,0.9369172990181333,혼합형
방배2동,2024,4,유지,0.012,0.988,0.0,0.9369172990181333,혼합형
방배3동,2024,1,하락,0.549,0.294,0.156,0.9621096154772196,주거형
방배3동,2024,2,하락,0.847,0.109,0.044,0.9621096154772196,주거형
방배3동,2024,3,유지,0.051,0.918,0.031,0.9621096154772196,주거형
방배3동,2024,4,유지,0.009,0.881,0.111,0.9621096154772196,주거형
방배4동,2024,1,상승,0.012,0.325,0.663,0.9226914491712606,혼합형
방배4동,2024,2,유지,0.084,0.466,0.45,0.9226914491712606,혼합형
방배4동,2024,3,유지,0.315,0.544,0.141,0.9226914491712606,혼합형
방배4동,2024,4,유지,0.067,0.736,0.197,0.9226914491712606,혼합형
양재1동,2024,1,상승,0.136,0.183,0.68,0.8037074043369292,혼합형
양재1동,2024,2,하락,0.448,0.262,0.29,0.8037074043369292,혼합형
양재1동,2024,3,상승,0.153,0.228,0.618,0.8037074043369292,혼합형
양재1동,2024,4,상승,0.23,0.192,0.578,0.8037074043369292,혼합형
양재2동,2024,1,유지,0.051,0.726,0.223,0.8358667952489839,혼합형
양재2동,2024,2,유지,0.256,0.53,0.214,0.8358667952489839,혼합형
양재2동,2024,3,유지,0.105,0.739,0.155,0.8358667952489839,혼합형
양재2동,2024,4,유지,0.136,0.699,0.165,0.8358667952489839,혼합형
내곡동,2024,1,하락,0.847,0.142,0.012,0.9054648630948244,혼합형
내곡동,2024,2,유지,0.171,0.559,0.27,0.9054648630948244,혼합형
내곡동,2024,3,상승,0.167,0.189,0.644,0.9054648630948244,혼합형
내곡동,2024,4,상승,0.124,0.327,0.549,0.9054648630948244,혼합형
신사동,2024,1,상승,0.064,0.393,0.543,0.9380617722007444,혼합형
신사동,2024,2,유지,0.402,0.467,0.131,0.9380617722007444,혼합형
신사동,2024,3,하락,0.604,0.376,0.02,0.9380617722007444,혼합형
신사동,2024,4,유지,0.468,0.478,0.054,0.9380617722007444,혼합형
논현1동,2024,1,유지,0.102,0.711,0.188,0.7722502144248908,오피스형
논현1동,2024,2,유지,0.263,0.614,0.124,0.7722502144248908,오피스형
논현1동,2024,3,유지,0.343,0.526,0.131,0.7722502144248908,오피스형
논현1동,2024,4,유지,0.435,0.478,0.088,0.7722502144248908,오피스형
논현2동,2024,1,상승,0.026,0.12,0.854,0.7095271272284925,오피스형
논현2동,2024,2,하락,0.652,0.231,0.118,0.7095271272284925,오피스형
논현2동,2024,3,유지,0.355,0.397,0.248,0.7095271272284925,오피스형
논현2동,2024,4,하락,0.393,0.385,0.222,0.7095271272284925,오피스형
압구정동,2024,1,유지,0.339,0.563,0.098,0.888574623721409,혼합형
압구정동,2024,2,유지,0.189,0.793,0.018,0.888574623721409,혼합형
압구정동,2024,3,유지,0.084,0.795,0.122,0.888574623721409,혼합형
압구정동,2024,4,유지,0.137,0.69,0.173,0.888574623721409,혼합형
청담동,2024,1,상승,0.036,0.156,0.808,0.8350367108283788,혼합형
청담동,2024,2,하락,0.416,0.351,0.233,0.8350367108283788,혼합형
청담동,2024,3,하락,0.84,0.132,0.028,0.8350367108283788,혼합형
청담동,2024,4,상승,0.206,0.199,0.595,0.8350367108283788,혼합형
삼성1동,2024,1,유지,0.197,0.776,0.027,0.7619936676830265,오피스형
삼성1동,2024,2,유지,0.101,0.883,0.016,0.7619936676830265,오피스형
삼성1동,2024,3,유지,0.176,0.802,0.023,0.7619936676830265,오피스형
삼성1동,2024,4,유지,0.18,0.747,0.073,0.7619936676830265,오피스형
삼성2동,2024,1,상승,0.085,0.288,0.627,0.7524761893485883,오피스형
삼성2동,2024,2,상승,0.172,0.342,0.486,0.7524761893485883,오피스형
삼성2동,2024,3,하락,0.431,0.399,0.171,0.7524761893485883,오피스형
삼성2동,2024,4,유지,0.318,0.398,0.285,0.7524761893485883,오피스형
대치1동,2024,1,유지,0.142,0.466,0.391,1.0065554265631758,주거형
대치1동,2024,2,유지,0.28,0.558,0.162,1.0065554265631758,주거형
대치1동,2024,3,유지,0.214,0.606,0.18,1.0065554265631758,주거형
대치1동,2024,4,하락,0.509,0.369,0.122,1.0065554265631758,주거형
대치2동,2024,1,상승,0.025,0.162,0.813,0.8373483299654223,혼합형
대치2동,2024,2,유지,0.23,0.387,0.383,0.8373483299654223,혼합형
대치2동,2024,3,유지,0.163,0.597,0.239,0.8373483299654223,혼합형
대치2동,2024,4,유지,0.094,0.506,0.399,0.8373483299654223,혼합형
대치4동,2024,1,유지,0.12,0.453,0.427,0.9398935155298248,혼합형
대치4동,2024,2,유지,0.232,0.635,0.133,0.9398935155298248,혼합형
대치4동,2024,3,유지,0.353,0.507,0.141,0.9398935155298248,혼합형
대치4동,2024,4,유지,0.315,0.569,0.116,0.9398935155298248,혼합형
역삼1동,2024,1,상승,0.009,0.154,0.838,0.6515642921591114,오피스형
역삼1동,2024,2,유지,0.061,0.722,0.217,0.6515642921591114,오피스형
역삼1동,2024,3,유지,0.078,0.776,0.146,0.6515642921591114,오피스형
역삼1동,2024,4,유지,0.123,0.59,0.287,0.6515642921591114,오피스형
역삼2동,2024,1,상승,0.004,0.055,0.94,0.7830302746711336,오피스형
역삼2동,2024,2,상승,0.056,0.186,0.759,0.7830302746711336,오피스형
역삼2동,2024,3,유지,0.439,0.465,0.096,0.7830302746711336,오피스형
역삼2동,2024,4,상승,0.134,0.297,0.568,0.7830302746711336,오피스형
도곡1동,2024,1,유지,0.003,0.721,0.276,0.8957691942217281,혼합형
도곡1동,2024,2,유지,0.003,0.79,0.207,0.8957691942217281,혼합형
도곡1동,2024,3,유지,0.01,0.874,0.116,0.8957691942217281,혼합형
도곡1동,2024,4,유지,0.028,0.915,0.057,0.8957691942217281,혼합형
도곡2동,2024,1,상승,0.098,0.276,0.626,0.9187375026608332,혼합형
도곡2동,2024,2,상승,0.146,0.222,0.632,0.9187375026608332,혼합형
도곡2동,2024,3,하락,0.507,0.319,0.175,0.9187375026608332,혼합형
도곡2동,2024,4,하락,0.812,0.143,0.046,0.9187375026608332,혼합형
개포1동,2024,1,상승,0.158,0.224,0.618,1.0506442790769808,주거형
개포1동,2024,2,하락,0.548,0.247,0.206,1.0506442790769808,주거형
개포1동,2024,3,상승,0.026,0.149,0.825,1.0506442790769808,주거형
개포1동,2024,4,상승,0.066,0.137,0.797,1.0506442790769808,주거형
개포2동,2024,1,유지,0.123,0.575,0.302,1.0433929597473233,주거형
개포2동,2024,2,하락,0.618,0.361,0.021,1.0433929597473233,주거형
개포2동,2024,3,유지,0.233,0.649,0.118,1.0433929597473233,주거형
개포2동,2024,4,하락,0.515,0.379,0.106,1.0433929597473233,주거형
개포4동,2024,1,유지,0.085,0.499,0.415,0.9572233368082796,주거형
개포4동,2024,2,하락,0.655,0.238,0.107,0.9572233368082796,주거형
개포4동,2024,3,유지,0.404,0.475,0.121,0.9572233368082796,주거형
개포4동,2024,4,유지,0.082,0.476,0.441,0.9572233368082796,주거형
세곡동,2024,1,상승,0.007,0.35,0.642,1.011748745836132,주거형
세곡동,2024,2,유지,0.251,0.499,0.25,1.011748745836132,주거형
세곡동,2024,3,유지,0.13,0.676,0.194,1.011748745836132,주거형
세곡동,2024,4,유지,0.237,0.725,0.038,1.011748745836132,주거형
일원본동,2024,1,유지,0.132,0.68,0.188,0.9249666660786052,혼합형
일원본동,2024,2,유지,0.195,0.745,0.06,0.9249666660786052,혼합형
일원본동,2024,3,유지,0.233,0.501,0.266,0.9249666660786052,혼합형
일원본동,2024,4,유지,0.405,0.533,0.062,0.9249666660786052,혼합형
일원1동,2024,1,상승,0.096,0.232,0.672,0.9568008691491382,주거형
일원1동,2024,2,하락,0.984,0.007,0.008,0.9568008691491382,주거형
일원1동,2024,3,하락,0.959,0.024,0.017,0.9568008691491382,주거형
일원1동,2024,4,상승,0.256,0.258,0.486,0.9568008691491382,주거형
일원2동,2024,1,하락,0.423,0.241,0.336,0.9441228520401184,혼합형
일원2동,2024,2,하락,0.551,0.231,0.217,0.9441228520401184,혼합형
일원2동,2024,3,하락,0.436,0.303,0.262,0.9441228520401184,혼합형
일원2동,2024,4,상승,0.058,0.087,0.855,0.9441228520401184,혼합형
수서동,2024,1,상승,0.019,0.138,0.843,0.8646291116468914,혼합형
수서동,2024,2,상승,0.168,0.376,0.456,0.8646291116468914,혼합형
수서동,2024,3,유지,0.201,0.459,0.34,0.8646291116468914,혼합형
수서동,2024,4,하락,0.351,0.336,0.313,0.8646291116468914,혼합형
풍납1동,2024,1,상승,0.035,0.307,0.659,1.069093028937679,주거형
풍납1동,2024,2,유지,0.215,0.633,0.152,1.069093028937679,주거형
풍납1동,2024,3,유지,0.337,0.454,0.21,1.069093028937679,주거형
풍납1동,2024,4,유지,0.175,0.594,0.231,1.069093028937679,주거형
풍납2동,2024,1,유지,0.005,0.839,0.156,0.8221310737639477,혼합형
풍납2동,2024,2,유지,0.005,0.922,0.073,0.8221310737639477,혼합형
풍납2동,2024,3,유지,0.018,0.95,0.032,0.8221310737639477,혼합형
풍납2동,2024,4,유지,0.086,0.883,0.03,0.8221310737639477,혼합형
거여1동,2024,1,상승,0.227,0.138,0.635,1.0351955840806637,주거형
거여1동,2024,2,상승,0.073,0.225,0.702,1.0351955840806637,주거형
거여1동,2024,3,하락,0.702,0.209,0.089,1.0351955840806637,주거형
거여1동,2024,4,하락,0.994,0.005,0.001,1.0351955840806637,주거형
거여2동,2024,1,상승,0.034,0.461,0.505,1.0424614853374257,주거형
거여2동,2024,2,유지,0.294,0.52,0.186,1.0424614853374257,주거형
거여2동,2024,3,하락,0.517,0.415,0.068,1.0424614853374257,주거형
거여2동,2024,4,상승,0.079,0.423,0.498,1.0424614853374257,주거형
마천1동,2024,1,유지,0.021,0.736,0.243,1.0966576351712172,주거형
마천1동,2024,2,유지,0.03,0.609,0.361,1.0966576351712172,주거형
마천1동,2024,3,유지,0.05,0.672,0.278,1.0966576351712172,주거형
마천1동,2024,4,유지,0.006,0.872,0.122,1.0966576351712172,주거형
마천2동,2024,1,유지,0.046,0.657,0.297,1.0764012861236072,주거형
마천2동,2024,2,유지,0.051,0.785,0.164,1.0764012861236072,주거형
마천2동,2024,3,유지,0.077,0.542,0.381,1.0764012861236072,주거형
마천2동,2024,4,유지,0.07,0.515,0.415,1.0764012861236072,주거형
방이1동,2024,1,상승,0.019,0.119,0.862,0.9981226286914056,주거형
방이1동,2024,2,상승,0.043,0.412,0.545,0.9981226286914056,주거형
방이1동,2024,3,유지,0.327,0.469,0.204,0.9981226286914056,주거형
방이1동,2024,4,유지,0.341,0.545,0.115,0.9981226286914056,주거형
방이2동,2024,1,유지,0.008,0.991,0.001,0.9945055296102194,주거형
방이2동,2024,2,유지,0.006,0.993,0.001,0.9945055296102194,주거형
방이2동,2024,3,유지,0.004,0.995,0.001,0.9945055296102194,주거형
방이2동,2024,4,유지,0.003,0.997,0.0,0.9945055296102194,주거형
오륜동,2024,1,유지,0.023,0.968,0.009,1.1637343009137466,상권형
오륜동,2024,2,유지,0.009,0.988,0.003,1.1637343009137466,상권형
오륜동,2024,3,유지,0.084,0.908,0.009,1.1637343009137466,상권형
오륜동,2024,4,유지,0.015,0.924,0.061,1.1637343009137466,상권형
오금동,2024,1,상승,0.021,0.431,0.548,1.0098191182322556,주거형
오금동,2024,2,하락,0.844,0.104,0.052,1.0098191182322556,주거형
오금동,2024,3,상승,0.01,0.128,0.863,1.0098191182322556,주거형
오금동,2024,4,하락,0.963,0.021,0.016,1.0098191182322556,주거형
송파1동,2024,1,상승,0.032,0.274,0.694,1.0321511819558848,주거형
송파1동,2024,2,유지,0.368,0.446,0.186,1.0321511819558848,주거형
송파1동,2024,3,유지,0.114,0.507,0.379,1.0321511819558848,주거형
송파1동,2024,4,유지,0.291,0.456,0.253,1.0321511819558848,주거형
송파2동,2024,1,하락,0.502,0.384,0.114,1.0059649046064314,주거형
송파2동,2024,2,하락,0.877,0.103,0.02,1.0059649046064314,주거형
송파2동,2024,3,상승,0.221,0.371,0.407,1.0059649046064314,주거형
송파2동,2024,4,상승,0.1,0.244,0.655,1.0059649046064314,주거형
석촌동,2024,1,상승,0.111,0.427,0.463,1.0287621457829363,주거형
석촌동,2024,2,유지,0.202,0.467,0.331,1.0287621457829363,주거형
석촌동,2024,3,상승,0.058,0.245,0.697,1.0287621457829363,주거형
석촌동,2024,4,유지,0.214,0.579,0.207,1.0287621457829363,주거형
삼전동,2024,1,하락,0.652,0.311,0.037,1.0306178008234073,주거형
삼전동,2024,2,상승,0.144,0.183,0.673,1.0306178008234073,주거형
삼전동,2024,3,하락,0.771,0.137,0.092,1.0306178008234073,주거형
삼전동,2024,4,하락,0.882,0.08,0.038,1.0306178008234073,주거형
가락본동,2024,1,상승,0.022,0.407,0.571,0.9353391917831616,혼합형
가락본동,2024,2,상승,0.071,0.367,0.562,0.9353391917831616,혼합형
가락본동,2024,3,유지,0.314,0.582,0.104,0.9353391917831616,혼합형
가락본동,2024,4,하락,0.587,0.365,0.048,0.9353391917831616,혼합형
가락1동,2024,1,유지,0.001,0.99,0.009,0.9921314334363062,주거형
가락1동,2024,2,유지,0.001,0.987,0.011,0.9921314334363062,주거형
가락1동,2024,3,유지,0.002,0.987,0.011,0.9921314334363062,주거형
가락1동,2024,4,유지,0.003,0.987,0.01,0.9921314334363062,주거형
가락2동,2024,1,상승,0.016,0.391,0.593,1.0048798972093134,주거형
가락2동,2024,2,유지,0.319,0.564,0.117,1.0048798972093134,주거형
가락2동,2024,3,상승,0.02,0.47,0.509,1.0048798972093134,주거형
가락2동,2024,4,유지,0.121,0.669,0.21,1.0048798972093134,주거형
문정1동,2024,1,상승,0.124,0.269,0.607,0.9436123572895496,혼합형
문정1동,2024,2,유지,0.411,0.412,0.178,0.9436123572895496,혼합형
문정1동,2024,3,하락,0.741,0.234,0.025,0.9436123572895496,혼합형
문정1동,2024,4,상승,0.079,0.197,0.724,0.9436123572895496,혼합형
문정2동,2024,1,하락,0.774,0.186,0.04,0.794810377002222,오피스형
문정2동,2024,2,유지,0.321,0.492,0.187,0.794810377002222,오피스형
문정2동,2024,3,상승,0.043,0.192,0.765,0.794810377002222,오피스형
문정2동,2024,4,상승,0.184,0.244,0.572,0.794810377002222,오피스형
장지동,2024,1,상승,0.042,0.394,0.564,1.0114093030847842,주거형
장지동,2024,2,유지,0.112,0.464,0.425,1.0114093030847842,주거형
장지동,2024,3,유지,0.25,0.681,0.069,1.0114093030847842,주거형
장지동,2024,4,유지,0.37,0.533,0.097,1.0114093030847842,주거형
위례동,2024,1,유지,0.154,0.834,0.012,1.0386939714859724,주거형
위례동,2024,2,유지,0.096,0.875,0.029,1.0386939714859724,주거형
위례동,2024,3,유지,0.15,0.841,0.009,1.0386939714859724,주거형
위례동,2024,4,유지,0.109,0.88,0.011,1.0386939714859724,주거형
잠실본동,2024,1,유지,0.064,0.739,0.198,1.058246345534638,주거형
잠실본동,2024,2,유지,0.066,0.92,0.015,1.058246345534638,주거형
잠실본동,2024,3,유지,0.102,0.88,0.018,1.058246345534638,주거형
잠실본동,2024,4,유지,0.118,0.827,0.054,1.058246345534638,주거형
잠실2동,2024,1,상승,0.06,0.456,0.484,1.066026942916329,주거형
잠실2동,2024,2,하락,0.595,0.302,0.103,1.066026942916329,주거형
잠실2동,2024,3,하락,0.375,0.253,0.372,1.066026942916329,주거형
잠실2동,2024,4,유지,0.034,0.555,0.411,1.066026942916329,주거형
잠실3동,2024,1,유지,0.179,0.611,0.21,1.0863573321490911,주거형
잠실3동,2024,2,유지,0.179,0.471,0.349,1.0863573321490911,주거형
잠실3동,2024,3,하락,0.37,0.326,0.303,1.0863573321490911,주거형
잠실3동,2024,4,상승,0.168,0.355,0.477,1.0863573321490911,주거형
잠실4동,2024,1,유지,0.021,0.826,0.153,1.04053374330948,주거형
잠실4동,2024,2,유지,0.112,0.854,0.034,1.04053374330948,주거형
잠실4동,2024,3,유지,0.256,0.676,0.068,1.04053374330948,주거형
잠실4동,2024,4,유지,0.136,0.779,0.085,1.04053374330948,주거형
잠실6동,2024,1,유지,0.164,0.834,0.002,0.880185527463693,혼합형
잠실6동,2024,2,유지,0.038,0.955,0.007,0.880185527463693,혼합형
잠실6동,2024,3,유지,0.052,0.94,0.008,0.880185527463693,혼합형
잠실6동,2024,4,유지,0.066,0.932,0.002,0.880185527463693,혼합형
잠실7동,2024,1,유지,0.192,0.702,0.106,1.010635944818765,주거형
잠실7동,2024,2,하락,0.477,0.432,0.09,1.010635944818765,주거형
잠실7동,2024,3,상승,0.012,0.261,0.727,1.010635944818765,주거형
잠실7동,2024,4,하락,0.552,0.315,0.133,1.010635944818765,주거형
강일동,2024,1,유지,0.173,0.634,0.193,1.008099641651068,주거형
강일동,2024,2,유지,0.349,0.377,0.274,1.008099641651068,주거형
강일동,2024,3,유지,0.365,0.494,0.141,1.008099641651068,주거형
강일동,2024,4,하락,0.423,0.38,0.197,1.008099641651068,주거형
상일동,2024,1,상승,0.115,0.295,0.589,0.9964713351153296,주거형
상일동,2024,2,유지,0.323,0.59,0.087,0.9964713351153296,주거형
상일동,2024,3,유지,0.176,0.811,0.014,0.9964713351153296,주거형
상일동,2024,4,하락,0.95,0.044,0.006,0.9964713351153296,주거형
명일1동,2024,1,상승,0.04,0.346,0.614,1.0758880870622929,주거형
명일1동,2024,2,유지,0.438,0.48,0.082,1.0758880870622929,주거형
명일1동,2024,3,하락,0.537,0.27,0.193,1.0758880870622929,주거형
명일1동,2024,4,하락,0.461,0.404,0.135,1.0758880870622929,주거형
명일2동,2024,1,상승,0.098,0.385,0.517,0.9716228938951752,주거형
명일2동,2024,2,하락,0.556,0.408,0.036,0.9716228938951752,주거형
명일2동,2024,3,유지,0.392,0.557,0.051,0.9716228938951752,주거형
명일2동,2024,4,하락,0.731,0.237,0.032,0.9716228938951752,주거형
고덕1동,2024,1,상승,0.102,0.291,0.608,1.0083506801522693,주거형
고덕1동,2024,2,유지,0.284,0.397,0.318,1.0083506801522693,주거형
고덕1동,2024,3,하락,0.654,0.215,0.131,1.0083506801522693,주거형
고덕1동,2024,4,하락,0.706,0.214,0.079,1.0083506801522693,주거형
고덕2동,2024,1,상승,0.013,0.173,0.814,0.9746900005003876,주거형
고덕2동,2024,2,유지,0.262,0.49,0.247,0.9746900005003876,주거형
고덕2동,2024,3,유지,0.257,0.569,0.174,0.9746900005003876,주거형
고덕2동,2024,4,유지,0.36,0.452,0.188,0.9746900005003876,주거형
암사1동,2024,1,유지,0.059,0.747,0.194,1.0661485254436702,주거형
암사1동,2024,2,유지,0.078,0.742,0.18,1.0661485254436702,주거형
암사1동,2024,3,유지,0.26,0.686,0.054,1.0661485254436702,주거형
암사1동,2024,4,유지,0.162,0.733,0.105,1.0661485254436702,주거형
암사2동,2024,1,상승,0.171,0.307,0.522,1.0397545493478306,주거형
암사2동,2024,2,하락,0.778,0.205,0.017,1.0397545493478306,주거형
암사2동,2024,3,하락,0.527,0.431,0.042,1.0397545493478306,주거형
암사2동,2024,4,유지,0.295,0.47,0.234,1.0397545493478306,주거형
암사3동,2024,1,상승,0.05,0.443,0.507,1.0036675210035355,주거형
암사3동,2024,2,하락,0.586,0.359,0.055,1.0036675210035355,주거형
암사3동,2024,3,유지,0.434,0.478,0.089,1.0036675210035355,주거형
암사3동,2024,4,하락,0.85,0.122,0.028,1.0036675210035355,주거형
천호1동,2024,1,상승,0.055,0.302,0.644,1.0204537427468825,주거형
천호1동,2024,2,유지,0.396,0.524,0.079,1.0204537427468825,주거형
천호1동,2024,3,유지,0.319,0.553,0.128,1.0204537427468825,주거형
천호1동,2024,4,상승,0.083,0.437,0.48,1.0204537427468825,주거형
천호2동,2024,1,하락,0.55,0.268,0.182,1.0391869602008708,주거형
천호2동,2024,2,상승,0.368,0.245,0.387,1.0391869602008708,주거형
천호2동,2024,3,상승,0.313,0.318,0.368,1.0391869602008708,주거형
천호2동,2024,4,상승,0.058,0.092,0.85,1.0391869602008708,주거형
천호3동,2024,1,유지,0.048,0.759,0.193,1.0548622855903451,주거형
천호3동,2024,2,유지,0.091,0.701,0.208,1.0548622855903451,주거형
천호3동,2024,3,유지,0.118,0.793,0.089,1.0548622855903451,주거형
천호3동,2024,4,유지,0.273,0.608,0.119,1.0548622855903451,주거형
성내1동,2024,1,상승,0.07,0.168,0.762,0.931781623488244,혼합형
성내1동,2024,2,하락,0.509,0.385,0.106,0.931781623488244,혼합형
성내1동,2024,3,하락,0.456,0.393,0.151,0.931781623488244,혼합형
성내1동,2024,4,하락,0.569,0.358,0.072,0.931781623488244,혼합형
성내2동,2024,1,유지,0.209,0.402,0.389,1.0545602598461603,주거형
성내2동,2024,2,상승,0.061,0.183,0.757,1.0545602598461603,주거형
성내2동,2024,3,유지,0.244,0.595,0.161,1.0545602598461603,주거형
성내2동,2024,4,상승,0.105,0.396,0.499,1.0545602598461603,주거형
성내3동,2024,1,상승,0.013,0.069,0.918,1.0121200492328484,주거형
성내3동,2024,2,하락,0.484,0.469,0.047,1.0121200492328484,주거형
성내3동,2024,3,유지,0.486,0.491,0.023,1.0121200492328484,주거형
성내3동,2024,4,하락,0.449,0.425,0.127,1.0121200492328484,주거형
길동,2024,1,유지,0.088,0.467,0.445,1.0275568034811884,주거형
길동,2024,2,유지,0.18,0.472,0.348,1.0275568034811884,주거형
길동,2024,3,유지,0.245,0.379,0.376,1.0275568034811884,주거형
길동,2024,4,유지,0.187,0.424,0.389,1.0275568034811884,주거형
둔촌2동,2024,1,상승,0.01,0.06,0.93,0.9710803182662044,주거형
둔촌2동,2024,2,유지,0.18,0.62,0.2,0.9710803182662044,주거형
둔촌2동,2024,3,유지,0.461,0.482,0.056,0.9710803182662044,주거형
둔촌2동,2024,4,하락,0.685,0.295,0.019,0.9710803182662044,주거형
