period,group,ratio,type
2020-01-01,성수,9.19038,reference
2020-02-01,성수,7.80816,reference
2020-03-01,성수,7.7658,reference
2020-04-01,성수,9.33111,reference
2020-05-01,성수,11.03773,reference
2020-06-01,성수,9.0905,reference
2020-07-01,성수,11.39105,reference
2020-08-01,성수,8.67294,reference
2020-09-01,성수,6.5912,reference
2020-10-01,성수,9.66746,reference
2020-11-01,성수,8.99609,reference
2020-12-01,성수,4.07857,reference
2021-01-01,성수,6.72998,reference
2021-02-01,성수,9.98369,reference
2021-03-01,성수,11.68396,reference
2021-04-01,성수,12.07216,reference
2021-05-01,성수,13.93146,reference
2021-06-01,성수,13.83667,reference
2021-07-01,성수,10.22826,reference
2021-08-01,성수,11.52858,reference
2021-09-01,성수,12.00704,reference
2021-10-01,성수,13.15631,reference
2021-11-01,성수,13.2829,reference
2021-12-01,성수,12.37984,reference
2022-01-01,성수,13.94774,reference
2022-02-01,성수,11.36371,reference
2022-03-01,성수,12.51731,reference
2022-04-01,성수,16.34766,reference
2022-05-01,성수,18.29703,reference
2022-06-01,성수,18.21652,reference
2022-07-01,성수,20.33095,reference
2022-08-01,성수,18.29703,reference
2022-09-01,성수,15.78152,reference
2022-10-01,성수,17.50366,reference
2022-11-01,성수,17.16819,reference
2022-12-01,성수,18.67857,reference
2023-01-01,성수,18.22456,reference
2023-02-01,성수,17.99985,reference
2023-03-01,성수,16.97158,reference
2023-04-01,성수,17.37644,reference
2023-05-01,성수,21.4662,reference
2023-06-01,성수,19.1165,reference
2023-07-01,성수,21.1929,reference
2023-08-01,성수,19.80182,reference
2023-09-01,성수,17.76043,reference
2023-10-01,성수,19.48792,reference
2023-11-01,성수,18.41244,reference
2023-12-01,성수,24.12956,reference
2024-01-01,성수,19.4766,reference
2024-02-01,성수,19.41305,reference
2024-03-01,성수,19.17828,reference
2024-04-01,성수,20.22409,reference
2024-05-01,성수,21.58292,reference
2024-06-01,성수,19.02674,reference
2024-07-01,성수,20.21674,reference
2024-08-01,성수,18.97167,reference
2024-09-01,성수,18.14234,reference
2024-10-01,성수,21.54766,reference
2024-11-01,성수,18.57304,reference
2024-12-01,성수,21.57815,reference
2020-01-01,문래,4.75585,reference
2020-02-01,문래,3.9697,reference
2020-03-01,문래,3.96951,reference
2020-04-01,문래,4.75572,reference
2020-05-01,문래,4.93675,reference
2020-06-01,문래,4.6632,reference
2020-07-01,문래,5.25053,reference
2020-08-01,문래,4.69582,reference
2020-09-01,문래,4.06091,reference
2020-10-01,문래,5.27919,reference
2020-11-01,문래,4.42704,reference
2020-12-01,문래,1.95911,reference
2021-01-01,문래,2.62972,reference
2021-02-01,문래,4.0638,reference
2021-03-01,문래,4.62504,reference
2021-04-01,문래,4.32647,reference
2021-05-01,문래,5.598,reference
2021-06-01,문래,5.5161,reference
2021-07-01,문래,4.01131,reference
2021-08-01,문래,4.39423,reference
2021-09-01,문래,4.32698,reference
2021-10-01,문래,4.76044,reference
2021-11-01,문래,4.96472,reference
2021-12-01,문래,4.43056,reference
2022-01-01,문래,4.38927,reference
2022-02-01,문래,7.68892,reference
2022-03-01,문래,5.44589,reference
2022-04-01,문래,5.79298,reference
2022-05-01,문래,6.32072,reference
2022-06-01,문래,6.04026,reference
2022-07-01,문래,6.75117,reference
2022-08-01,문래,6.78938,reference
2022-09-01,문래,5.77827,reference
2022-10-01,문래,6.39408,reference
2022-11-01,문래,5.79242,reference
2022-12-01,문래,6.28012,reference
2023-01-01,문래,6.05585,reference
2023-02-01,문래,6.06817,reference
2023-03-01,문래,6.3707,reference
2023-04-01,문래,5.86118,reference
2023-05-01,문래,6.12285,reference
2023-06-01,문래,5.63345,reference
2023-07-01,문래,5.43885,reference
2023-08-01,문래,5.10615,reference
2023-09-01,문래,4.56294,reference
2023-10-01,문래,4.75918,reference
2023-11-01,문래,4.21138,reference
2023-12-01,문래,4.45168,reference
2024-01-01,문래,4.39053,reference
2024-02-01,문래,4.1875,reference
2024-03-01,문래,4.6412,reference
2024-04-01,문래,5.04046,reference
2024-05-01,문래,5.04687,reference
2024-06-01,문래,4.53258,reference
2024-07-01,문래,4.49292,reference
2024-08-01,문래,4.31013,reference
2024-09-01,문래,3.94494,reference
2024-10-01,문래,4.4943,reference
2024-11-01,문래,4.08875,reference
2024-12-01,문래,4.75516,reference
2020-01-01,신대방,0.5757,reference
2020-02-01,신대방,0.54276,reference
2020-03-01,신대방,0.60568,reference
2020-04-01,신대방,0.61322,reference
2020-05-01,신대방,0.67275,reference
2020-06-01,신대방,0.61184,reference
2020-07-01,신대방,0.62196,reference
2020-08-01,신대방,0.56489,reference
2020-09-01,신대방,0.45325,reference
2020-10-01,신대방,0.52786,reference
2020-11-01,신대방,0.46727,reference
2020-12-01,신대방,0.31019,reference
2021-01-01,신대방,0.37022,reference
2021-02-01,신대방,0.46752,reference
2021-03-01,신대방,0.58846,reference
2021-04-01,신대방,0.68972,reference
2021-05-01,신대방,0.65251,reference
2021-06-01,신대방,0.60606,reference
2021-07-01,신대방,0.53792,reference
2021-08-01,신대방,0.59129,reference
2021-09-01,신대방,0.56922,reference
2021-10-01,신대방,0.60241,reference
2021-11-01,신대방,0.55829,reference
2021-12-01,신대방,0.49449,reference
2022-01-01,신대방,0.49348,reference
2022-02-01,신대방,0.47626,reference
2022-03-01,신대방,0.55709,reference
2022-04-01,신대방,0.75396,reference
2022-05-01,신대방,0.66489,reference
2022-06-01,신대방,0.62693,reference
2022-07-01,신대방,0.66477,reference
2022-08-01,신대방,1.10325,reference
2022-09-01,신대방,0.63491,reference
2022-10-01,신대방,0.65716,reference
2022-11-01,신대방,0.59122,reference
2022-12-01,신대방,0.56652,reference
2023-01-01,신대방,0.56218,reference
2023-02-01,신대방,0.56526,reference
2023-03-01,신대방,0.68582,reference
2023-04-01,신대방,0.70242,reference
2023-05-01,신대방,0.62988,reference
2023-06-01,신대방,0.58393,reference
2023-07-01,신대방,0.63133,reference
2023-08-01,신대방,0.59154,reference
2023-09-01,신대방,0.52881,reference
2023-10-01,신대방,0.52742,reference
2023-11-01,신대방,0.47997,reference
2023-12-01,신대방,0.51177,reference
2024-01-01,신대방,0.5158,reference
2024-02-01,신대방,0.51454,reference
2024-03-01,신대방,0.58638,reference
2024-04-01,신대방,0.60989,reference
2024-05-01,신대방,0.5393,reference
2024-06-01,신대방,0.50568,reference
2024-07-01,신대방,0.48958,reference
2024-08-01,신대방,0.55118,reference
2024-09-01,신대방,0.49556,reference
2024-10-01,신대방,0.50329,reference
2024-11-01,신대방,0.46708,reference
2024-12-01,신대방,0.46199,reference
2020-01-01,여의,9.06391,reference
2020-02-01,여의,29.30623,reference
2020-03-01,여의,10.07508,reference
2020-04-01,여의,10.30652,reference
2020-05-01,여의,13.244,reference
2020-06-01,여의,10.23952,reference
2020-07-01,여의,11.4942,reference
2020-08-01,여의,9.77752,reference
2020-09-01,여의,7.20386,reference
2020-10-01,여의,9.76287,reference
2020-11-01,여의,9.07472,reference
2020-12-01,여의,6.41369,reference
2021-01-01,여의,7.40814,reference
2021-02-01,여의,58.99043,reference
2021-03-01,여의,100.0,reference
2021-04-01,여의,53.13226,reference
2021-05-01,여의,52.51809,reference
2021-06-01,여의,46.73743,reference
2021-07-01,여의,32.83827,reference
2021-08-01,여의,33.84209,reference
2021-09-01,여의,33.35049,reference
2021-10-01,여의,37.70519,reference
2021-11-01,여의,46.65546,reference
2021-12-01,여의,34.1213,reference
2022-01-01,여의,34.79952,reference
2022-02-01,여의,34.56557,reference
2022-03-01,여의,40.17596,reference
2022-04-01,여의,49.8394,reference
2022-05-01,여의,47.63766,reference
2022-06-01,여의,40.6724,reference
2022-07-01,여의,49.49501,reference
2022-08-01,여의,55.07742,reference
2022-09-01,여의,42.42905,reference
2022-10-01,여의,44.70546,reference
2022-11-01,여의,63.0866,reference
2022-12-01,여의,66.79709,reference
2023-01-01,여의,41.43145,reference
2023-02-01,여의,38.72233,reference
2023-03-01,여의,39.4697,reference
2023-04-01,여의,36.71067,reference
2023-05-01,여의,37.20667,reference
2023-06-01,여의,37.12245,reference
2023-07-01,여의,44.38716,reference
2023-08-01,여의,43.04592,reference
2023-09-01,여의,37.76591,reference
2023-10-01,여의,40.37729,reference
2023-11-01,여의,53.25515,reference
2023-12-01,여의,46.71429,reference
2024-01-01,여의,31.86908,reference
2024-02-01,여의,33.65226,reference
2024-03-01,여의,33.22867,reference
2024-04-01,여의,31.37541,reference
2024-05-01,여의,34.16605,reference
2024-06-01,여의,33.67439,reference
2024-07-01,여의,34.98055,reference
2024-08-01,여의,35.44173,reference
2024-09-01,여의,29.75692,reference
2024-10-01,여의,33.14708,reference
2024-11-01,여의,33.72367,reference
2024-12-01,여의,41.70865,reference
2020-01-01,동화,0.0873,reference
2020-02-01,동화,0.09818,reference
2020-03-01,동화,0.11389,reference
2020-04-01,동화,0.13438,reference
2020-05-01,동화,0.12024,reference
2020-06-01,동화,0.11056,reference
2020-07-01,동화,0.11936,reference
2020-08-01,동화,0.10886,reference
2020-09-01,동화,0.09981,reference
2020-10-01,동화,0.10899,reference
2020-11-01,동화,0.45288,reference
2020-12-01,동화,0.0345,reference
2021-01-01,동화,0.07329,reference
2021-02-01,동화,0.15192,reference
2021-03-01,동화,0.17147,reference
2021-04-01,동화,0.14928,reference
2021-05-01,동화,0.14249,reference
2021-06-01,동화,0.14023,reference
2021-07-01,동화,0.14727,reference
2021-08-01,동화,0.14268,reference
2021-09-01,동화,0.16638,reference
2021-10-01,동화,0.16851,reference
2021-11-01,동화,0.12998,reference
2021-12-01,동화,0.12206,reference
2022-01-01,동화,0.12678,reference
2022-02-01,동화,0.12043,reference
2022-03-01,동화,0.15764,reference
2022-04-01,동화,0.15098,reference
2022-05-01,동화,0.16348,reference
2022-06-01,동화,0.14859,reference
2022-07-01,동화,0.13319,reference
2022-08-01,동화,0.13765,reference
2022-09-01,동화,0.14972,reference
2022-10-01,동화,0.15418,reference
2022-11-01,동화,0.10886,reference
2022-12-01,동화,0.10899,reference
2023-01-01,동화,0.11081,reference
2023-02-01,동화,0.11716,reference
2023-03-01,동화,0.13721,reference
2023-04-01,동화,0.12231,reference
2023-05-01,동화,0.13061,reference
2023-06-01,동화,0.12263,reference
2023-07-01,동화,0.111,reference
2023-08-01,동화,0.11622,reference
2023-09-01,동화,0.13086,reference
2023-10-01,동화,0.14425,reference
2023-11-01,동화,0.10145,reference
2023-12-01,동화,0.10264,reference
2024-01-01,동화,0.10107,reference
2024-02-01,동화,0.10333,reference
2024-03-01,동화,0.12596,reference
2024-04-01,동화,0.14362,reference
2024-05-01,동화,0.14595,reference
2024-06-01,동화,0.12005,reference
2024-07-01,동화,0.10503,reference
2024-08-01,동화,0.12835,reference
2024-09-01,동화,0.14526,reference
2024-10-01,동화,0.16983,reference
2024-11-01,동화,0.1137,reference
2024-12-01,동화,0.11854,reference
2020-01-01,역삼2동,7.25035,candidate
2020-02-01,역삼2동,6.39444,candidate
2020-03-01,역삼2동,5.94318,candidate
2020-04-01,역삼2동,8.32209,candidate
2020-05-01,역삼2동,6.87104,candidate
2020-06-01,역삼2동,7.05579,candidate
2020-07-01,역삼2동,8.79296,candidate
2020-08-01,역삼2동,7.23727,candidate
2020-09-01,역삼2동,5.40772,candidate
2020-10-01,역삼2동,6.45575,candidate
2020-11-01,역삼2동,6.01839,candidate
2020-12-01,역삼2동,1.71183,candidate
2021-01-01,역삼2동,3.40159,candidate
2021-02-01,역삼2동,5.80748,candidate
2021-03-01,역삼2동,7.79072,candidate
2021-04-01,역삼2동,7.36071,candidate
2021-05-01,역삼2동,7.019,candidate
2021-06-01,역삼2동,7.38442,candidate
2021-07-01,역삼2동,6.53423,candidate
2021-08-01,역삼2동,6.60044,candidate
2021-09-01,역삼2동,6.68628,candidate
2021-10-01,역삼2동,7.25526,candidate
2021-11-01,역삼2동,7.93051,candidate
2021-12-01,역삼2동,7.46535,candidate
2022-01-01,역삼2동,7.32147,candidate
2022-02-01,역삼2동,6.8882,candidate
2022-03-01,역삼2동,7.36807,candidate
2022-04-01,역삼2동,8.2853,candidate
2022-05-01,역삼2동,9.06356,candidate
2022-06-01,역삼2동,8.95074,candidate
2022-07-01,역삼2동,9.94481,candidate
2022-08-01,역삼2동,9.03167,candidate
2022-09-01,역삼2동,7.9068,candidate
2022-10-01,역삼2동,8.46351,candidate
2022-11-01,역삼2동,8.318,candidate
2022-12-01,역삼2동,9.12732,candidate
2023-01-01,역삼2동,8.80032,candidate
2023-02-01,역삼2동,8.90169,candidate
2023-03-01,역삼2동,8.55507,candidate
2023-04-01,역삼2동,7.42775,candidate
2023-05-01,역삼2동,7.42203,candidate
2023-06-01,역삼2동,7.37298,candidate
2023-07-01,역삼2동,8.27059,candidate
2023-08-01,역삼2동,7.22174,candidate
2023-09-01,역삼2동,6.27426,candidate
2023-10-01,역삼2동,6.38871,candidate
2023-11-01,역삼2동,6.33721,candidate
2023-12-01,역삼2동,6.72225,candidate
2024-01-01,역삼2동,6.83997,candidate
2024-02-01,역삼2동,6.98875,candidate
2024-03-01,역삼2동,6.64377,candidate
2024-04-01,역삼2동,6.26364,candidate
2024-05-01,역삼2동,5.95953,candidate
2024-06-01,역삼2동,5.89004,candidate
2024-07-01,역삼2동,7.09503,candidate
2024-08-01,역삼2동,6.69609,candidate
2024-09-01,역삼2동,4.90823,candidate
2024-10-01,역삼2동,5.37747,candidate
2024-11-01,역삼2동,5.10688,candidate
2024-12-01,역삼2동,5.74371,candidate
2020-01-01,문래동,61.85325,candidate
2020-02-01,문래동,51.62885,candidate
2020-03-01,문래동,51.6264,candidate
2020-04-01,문래동,61.85162,candidate
2020-05-01,문래동,64.206,candidate
2020-06-01,문래동,60.64827,candidate
2020-07-01,문래동,68.28694,candidate
2020-08-01,문래동,61.07255,candidate
2020-09-01,문래동,52.81504,candidate
2020-10-01,문래동,68.65971,candidate
2020-11-01,문래동,57.57694,candidate
2020-12-01,문래동,25.47966,candidate
2021-01-01,문래동,34.20151,candidate
2021-02-01,문래동,52.85264,candidate
2021-03-01,문래동,60.15205,candidate
2021-04-01,문래동,56.26895,candidate
2021-05-01,문래동,72.80604,candidate
2021-06-01,문래동,71.74085,candidate
2021-07-01,문래동,52.17003,candidate
2021-08-01,문래동,57.15021,candidate
2021-09-01,문래동,56.27549,candidate
2021-10-01,문래동,61.91293,candidate
2021-11-01,문래동,64.56979,candidate
2021-12-01,문래동,57.62272,candidate
2022-01-01,문래동,57.08563,candidate
2022-02-01,문래동,100.0,candidate
2022-03-01,문래동,70.82771,candidate
2022-04-01,문래동,75.34191,candidate
2022-05-01,문래동,82.20559,candidate
2022-06-01,문래동,78.55793,candidate
2022-07-01,문래동,87.8038,candidate
2022-08-01,문래동,88.30083,candidate
2022-09-01,문래동,75.15062,candidate
2022-10-01,문래동,83.15961,candidate
2022-11-01,문래동,75.33455,candidate
2022-12-01,문래동,81.67749,candidate
2023-01-01,문래동,78.76067,candidate
2023-02-01,문래동,78.9209,candidate
2023-03-01,문래동,82.8555,candidate
2023-04-01,문래동,76.22889,candidate
2023-05-01,문래동,79.63212,candidate
2023-06-01,문래동,73.26711,candidate
2023-07-01,문래동,70.73615,candidate
2023-08-01,문래동,66.40915,candidate
2023-09-01,문래동,59.34436,candidate
2023-10-01,문래동,61.89658,candidate
2023-11-01,문래동,54.77212,candidate
2023-12-01,문래동,57.8974,candidate
2024-01-01,문래동,57.10198,candidate
2024-02-01,문래동,54.46147,candidate
2024-03-01,문래동,60.36215,candidate
2024-04-01,문래동,65.55487,candidate
2024-05-01,문래동,65.63825,candidate
2024-06-01,문래동,58.94951,candidate
2024-07-01,문래동,58.43368,candidate
2024-08-01,문래동,56.0564,candidate
2024-09-01,문래동,51.30676,candidate
2024-10-01,문래동,58.45166,candidate
2024-11-01,문래동,53.17719,candidate
2024-12-01,문래동,61.84426,candidate
2020-01-01,서초동,25.23605,candidate
2020-02-01,서초동,26.13611,candidate
2020-03-01,서초동,24.83629,candidate
2020-04-01,서초동,21.09625,candidate
2020-05-01,서초동,23.33537,candidate
2020-06-01,서초동,21.48211,candidate
2020-07-01,서초동,24.83302,candidate
2020-08-01,서초동,21.54915,candidate
2020-09-01,서초동,16.3507,candidate
2020-10-01,서초동,20.4161,candidate
2020-11-01,서초동,19.35744,candidate
2020-12-01,서초동,11.69016,candidate
2021-01-01,서초동,14.70835,candidate
2021-02-01,서초동,18.6217,candidate
2021-03-01,서초동,23.01328,candidate
2021-04-01,서초동,24.16104,candidate
2021-05-01,서초동,26.12139,candidate
2021-06-01,서초동,23.67054,candidate
2021-07-01,서초동,22.05518,candidate
2021-08-01,서초동,23.46372,candidate
2021-09-01,서초동,20.33926,candidate
2021-10-01,서초동,21.90557,candidate
2021-11-01,서초동,23.68281,candidate
2021-12-01,서초동,21.34723,candidate
2022-01-01,서초동,21.46658,candidate
2022-02-01,서초동,19.07786,candidate
2022-03-01,서초동,23.15961,candidate
2022-04-01,서초동,23.64847,candidate
2022-05-01,서초동,24.41528,candidate
2022-06-01,서초동,23.90517,candidate
2022-07-01,서초동,27.88555,candidate
2022-08-01,서초동,34.7664,candidate
2022-09-01,서초동,22.52605,candidate
2022-10-01,서초동,26.43776,candidate
2022-11-01,서초동,29.07664,candidate
2022-12-01,서초동,26.82526,candidate
2023-01-01,서초동,24.5935,candidate
2023-02-01,서초동,24.9393,candidate
2023-03-01,서초동,23.17351,candidate
2023-04-01,서초동,20.13079,candidate
2023-05-01,서초동,21.0096,candidate
2023-06-01,서초동,20.12344,candidate
2023-07-01,서초동,24.28121,candidate
2023-08-01,서초동,20.87471,candidate
2023-09-01,서초동,18.03556,candidate
2023-10-01,서초동,17.7854,candidate
2023-11-01,서초동,18.02329,candidate
2023-12-01,서초동,18.52197,candidate
2024-01-01,서초동,19.70161,candidate
2024-02-01,서초동,19.75229,candidate
2024-03-01,서초동,18.77212,candidate
2024-04-01,서초동,17.37257,candidate
2024-05-01,서초동,18.71326,candidate
2024-06-01,서초동,17.43879,candidate
2024-07-01,서초동,19.09585,candidate
2024-08-01,서초동,18.72716,candidate
2024-09-01,서초동,16.63028,candidate
2024-10-01,서초동,16.79215,candidate
2024-11-01,서초동,38.159,candidate
2024-12-01,서초동,43.30758,candidate
2020-01-01,장안동,35.61332,candidate
2020-02-01,장안동,41.05702,candidate
2020-03-01,장안동,63.01982,candidate
2020-04-01,장안동,36.99979,candidate
2020-05-01,장안동,38.55058,candidate
2020-06-01,장안동,35.74902,candidate
2020-07-01,장안동,38.25955,candidate
2020-08-01,장안동,34.64459,candidate
2020-09-01,장안동,29.06764,candidate
2020-10-01,장안동,33.80012,candidate
2020-11-01,장안동,30.29634,candidate
2020-12-01,장안동,23.52176,candidate
2021-01-01,장안동,26.02902,candidate
2021-02-01,장안동,27.73921,candidate
2021-03-01,장안동,32.60249,candidate
2021-04-01,장안동,37.36685,candidate
2021-05-01,장안동,38.53832,candidate
2021-06-01,장안동,35.72777,candidate
2021-07-01,장안동,33.13386,candidate
2021-08-01,장안동,32.24116,candidate
2021-09-01,장안동,30.6593,candidate
2021-10-01,장안동,31.42039,candidate
2021-11-01,장안동,31.44246,candidate
2021-12-01,장안동,29.47394,candidate
2022-01-01,장안동,29.87042,candidate
2022-02-01,장안동,26.79256,candidate
2022-03-01,장안동,29.73717,candidate
2022-04-01,장안동,35.11547,candidate
2022-05-01,장안동,35.56509,candidate
2022-06-01,장안동,34.16963,candidate
2022-07-01,장안동,35.14898,candidate
2022-08-01,장안동,35.15798,candidate
2022-09-01,장안동,31.84958,candidate
2022-10-01,장안동,34.26527,candidate
2022-11-01,장안동,30.46719,candidate
2022-12-01,장안동,36.43245,candidate
2023-01-01,장안동,31.88882,candidate
2023-02-01,장안동,29.40609,candidate
2023-03-01,장안동,32.87144,candidate
2023-04-01,장안동,35.82505,candidate
2023-05-01,장안동,32.88044,candidate
2023-06-01,장안동,30.98221,candidate
2023-07-01,장안동,30.4533,candidate
2023-08-01,장안동,32.22971,candidate
2023-09-01,장안동,28.87144,candidate
2023-10-01,장안동,27.39423,candidate
2023-11-01,장안동,25.86797,candidate
2023-12-01,장안동,29.67095,candidate
2024-01-01,장안동,28.28857,candidate
2024-02-01,장안동,26.57265,candidate
2024-03-01,장안동,27.49887,candidate
2024-04-01,장안동,27.23319,candidate
2024-05-01,장안동,28.13733,candidate
2024-06-01,장안동,26.26282,candidate
2024-07-01,장안동,29.55242,candidate
2024-08-01,장안동,31.83323,candidate
2024-09-01,장안동,26.15001,candidate
2024-10-01,장안동,26.57101,candidate
2024-11-01,장안동,26.25464,candidate
2024-12-01,장안동,24.38013,candidate
2020-01-01,아현동,7.92724,candidate
2020-02-01,아현동,6.95197,candidate
2020-03-01,아현동,6.27345,candidate
2020-04-01,아현동,5.43633,candidate
2020-05-01,아현동,5.80993,candidate
2020-06-01,아현동,5.32597,candidate
2020-07-01,아현동,6.12548,candidate
2020-08-01,아현동,6.22767,candidate
2020-09-01,아현동,5.22951,candidate
2020-10-01,아현동,5.47475,candidate
2020-11-01,아현동,5.0096,candidate
2020-12-01,아현동,4.36705,candidate
2021-01-01,아현동,5.37829,candidate
2021-02-01,아현동,6.22767,candidate
2021-03-01,아현동,5.24586,candidate
2021-04-01,아현동,5.08399,candidate
2021-05-01,아현동,5.30962,candidate
2021-06-01,아현동,5.08072,candidate
2021-07-01,아현동,5.43715,candidate
2021-08-01,아현동,5.04394,candidate
2021-09-01,아현동,4.6916,candidate
2021-10-01,아현동,5.69711,candidate
2021-11-01,아현동,4.57551,candidate
2021-12-01,아현동,4.51829,candidate
2022-01-01,아현동,4.59431,candidate
2022-02-01,아현동,4.96709,candidate
2022-03-01,아현동,5.38483,candidate
2022-04-01,아현동,4.86899,candidate
2022-05-01,아현동,5.178,candidate
2022-06-01,아현동,5.00878,candidate
2022-07-01,아현동,4.6499,candidate
2022-08-01,아현동,5.52871,candidate
2022-09-01,아현동,4.50684,candidate
2022-10-01,아현동,4.73819,candidate
2022-11-01,아현동,4.95074,candidate
2022-12-01,아현동,4.645,candidate
2023-01-01,아현동,5.29818,candidate
2023-02-01,아현동,4.96873,candidate
2023-03-01,아현동,4.93112,candidate
2023-04-01,아현동,4.40138,candidate
2023-05-01,아현동,4.63519,candidate
2023-06-01,아현동,4.50929,candidate
2023-07-01,아현동,4.68179,candidate
2023-08-01,아현동,4.06458,candidate
2023-09-01,아현동,4.00899,candidate
2023-10-01,아현동,3.90925,candidate
2023-11-01,아현동,4.4488,candidate
2023-12-01,아현동,3.776,candidate
2024-01-01,아현동,4.07684,candidate
2024-02-01,아현동,3.95667,candidate
2024-03-01,아현동,4.03842,candidate
2024-04-01,아현동,4.08256,candidate
2024-05-01,아현동,3.94359,candidate
2024-06-01,아현동,3.8365,candidate
2024-07-01,아현동,3.88636,candidate
2024-08-01,아현동,3.92887,candidate
2024-09-01,아현동,3.91579,candidate
2024-10-01,아현동,4.16431,candidate
2024-11-01,아현동,3.58144,candidate
2024-12-01,아현동,3.73431,candidate
2020-01-01,효창동,39.07197,candidate
2020-02-01,효창동,10.27219,candidate
2020-03-01,효창동,9.02028,candidate
2020-04-01,효창동,9.27425,candidate
2020-05-01,효창동,9.33699,candidate
2020-06-01,효창동,16.0178,candidate
2020-07-01,효창동,11.38665,candidate
2020-08-01,효창동,10.91457,candidate
2020-09-01,효창동,9.08303,candidate
2020-10-01,효창동,9.33699,candidate
2020-11-01,효창동,9.77919,candidate
2020-12-01,효창동,6.1161,candidate
2021-01-01,효창동,8.51534,candidate
2021-02-01,효창동,8.54223,candidate
2021-03-01,효창동,10.52615,candidate
2021-04-01,효창동,9.13681,candidate
2021-05-01,효창동,11.03409,candidate
2021-06-01,효창동,10.92951,candidate
2021-07-01,효창동,9.62383,candidate
2021-08-01,효창동,10.72036,candidate
2021-09-01,효창동,10.08097,candidate
2021-10-01,효창동,10.89067,candidate
2021-11-01,효창동,12.75807,candidate
2021-12-01,효창동,11.33885,candidate
2022-01-01,효창동,11.84678,candidate
2022-02-01,효창동,9.44157,candidate
2022-03-01,효창동,16.04469,candidate
2022-04-01,효창동,25.5998,candidate
2022-05-01,효창동,14.1265,candidate
2022-06-01,효창동,11.48525,candidate
2022-07-01,효창동,11.45537,candidate
2022-08-01,효창동,12.83575,candidate
2022-09-01,효창동,10.86378,candidate
2022-10-01,효창동,12.59374,candidate
2022-11-01,효창동,10.03316,candidate
2022-12-01,효창동,8.99339,candidate
2023-01-01,효창동,8.95754,candidate
2023-02-01,효창동,9.67462,candidate
2023-03-01,효창동,55.96522,candidate
2023-04-01,효창동,14.7898,candidate
2023-05-01,효창동,11.46135,candidate
2023-06-01,효창동,15.8953,candidate
2023-07-01,효창동,11.63464,candidate
2023-08-01,효창동,11.75714,candidate
2023-09-01,효창동,10.7353,candidate
2023-10-01,효창동,13.52893,candidate
2023-11-01,효창동,9.74035,candidate
2023-12-01,효창동,10.26621,candidate
2024-01-01,효창동,8.94857,candidate
2024-02-01,효창동,9.04717,candidate
2024-03-01,효창동,10.47835,candidate
2024-04-01,효창동,11.47927,candidate
2024-05-01,효창동,11.04604,candidate
2024-06-01,효창동,10.2453,candidate
2024-07-01,효창동,19.77352,candidate
2024-08-01,효창동,10.83091,candidate
2024-09-01,효창동,10.40963,candidate
2024-10-01,효창동,10.62176,candidate
2024-11-01,효창동,9.81804,candidate
2024-12-01,효창동,9.36986,candidate
2020-01-01,교남동,11.35677,candidate
2020-02-01,교남동,12.42044,candidate
2020-03-01,교남동,9.74932,candidate
2020-04-01,교남동,27.68233,candidate
2020-05-01,교남동,10.66359,candidate
2020-06-01,교남동,8.5482,candidate
2020-07-01,교남동,9.93456,candidate
2020-08-01,교남동,10.47536,candidate
2020-09-01,교남동,8.30918,candidate
2020-10-01,교남동,12.94332,candidate
2020-11-01,교남동,10.54109,candidate
2020-12-01,교남동,4.94487,candidate
2021-01-01,교남동,5.65,candidate
2021-02-01,교남동,8.50936,candidate
2021-03-01,교남동,10.95341,candidate
2021-04-01,교남동,12.05294,candidate
2021-05-01,교남동,11.9394,candidate
2021-06-01,교남동,11.44043,candidate
2021-07-01,교남동,7.88789,candidate
2021-08-01,교남동,9.76425,candidate
2021-09-01,교남동,11.42251,candidate
2021-10-01,교남동,13.37954,candidate
2021-11-01,교남동,13.28094,candidate
2021-12-01,교남동,8.61692,candidate
2022-01-01,교남동,9.5073,candidate
2022-02-01,교남동,10.29609,candidate
2022-03-01,교남동,14.53882,candidate
2022-04-01,교남동,16.59744,candidate
2022-05-01,교남동,18.64113,candidate
2022-06-01,교남동,15.2081,candidate
2022-07-01,교남동,13.12557,candidate
2022-08-01,교남동,15.53377,candidate
2022-09-01,교남동,15.16328,candidate
2022-10-01,교남동,16.72293,candidate
2022-11-01,교남동,13.56777,candidate
2022-12-01,교남동,10.97433,candidate
2023-01-01,교남동,11.65257,candidate
2023-02-01,교남동,15.82359,candidate
2023-03-01,교남동,17.41014,candidate
2023-04-01,교남동,14.80474,candidate
2023-05-01,교남동,15.59652,candidate
2023-06-01,교남동,14.23107,candidate
2023-07-01,교남동,10.70244,candidate
2023-08-01,교남동,14.21315,candidate
2023-09-01,교남동,12.61167,candidate
2023-10-01,교남동,15.94311,candidate
2023-11-01,교남동,12.91941,candidate
2023-12-01,교남동,10.87274,candidate
2024-01-01,교남동,9.74932,candidate
2024-02-01,교남동,12.01709,candidate
2024-03-01,교남동,15.67121,candidate
2024-04-01,교남동,14.03686,candidate
2024-05-01,교남동,13.55283,candidate
2024-06-01,교남동,12.1366,candidate
2024-07-01,교남동,9.02626,candidate
2024-08-01,교남동,12.74911,candidate
2024-09-01,교남동,12.59673,candidate
2024-10-01,교남동,15.71902,candidate
2024-11-01,교남동,13.04191,candidate
2024-12-01,교남동,9.57303,candidate
2020-01-01,도곡동,57.06773,candidate
2020-02-01,도곡동,54.89557,candidate
2020-03-01,도곡동,53.78708,candidate
2020-04-01,도곡동,57.73701,candidate
2020-05-01,도곡동,59.28769,candidate
2020-06-01,도곡동,64.97056,candidate
2020-07-01,도곡동,64.91977,candidate
2020-08-01,도곡동,57.73402,candidate
2020-09-01,도곡동,49.84911,candidate
2020-10-01,도곡동,100.0,candidate
2020-11-01,도곡동,60.39319,candidate
2020-12-01,도곡동,47.11822,candidate
2021-01-01,도곡동,47.91598,candidate
2021-02-01,도곡동,50.17478,candidate
2021-03-01,도곡동,64.0294,candidate
2021-04-01,도곡동,62.35919,candidate
2021-05-01,도곡동,57.62048,candidate
2021-06-01,도곡동,56.1176,candidate
2021-07-01,도곡동,53.01024,candidate
2021-08-01,도곡동,54.00519,candidate
2021-09-01,도곡동,51.64779,candidate
2021-10-01,도곡동,56.63748,candidate
2021-11-01,도곡동,57.10956,candidate
2021-12-01,도곡동,51.02034,candidate
2022-01-01,도곡동,56.29985,candidate
2022-02-01,도곡동,47.53951,candidate
2022-03-01,도곡동,52.86683,candidate
2022-04-01,도곡동,58.83952,candidate
2022-05-01,도곡동,63.33323,candidate
2022-06-01,도곡동,62.97768,candidate
2022-07-01,도곡동,90.7616,candidate
2022-08-01,도곡동,66.27326,candidate
2022-09-01,도곡동,56.62852,candidate
2022-10-01,도곡동,56.35364,candidate
2022-11-01,도곡동,57.67127,candidate
2022-12-01,도곡동,79.69165,candidate
2023-01-01,도곡동,68.28109,candidate
2023-02-01,도곡동,56.6823,candidate
2023-03-01,도곡동,59.74782,candidate
2023-04-01,도곡동,80.23245,candidate
2023-05-01,도곡동,50.34509,candidate
2023-06-01,도곡동,48.76154,candidate
2023-07-01,도곡동,49.59813,candidate
2023-08-01,도곡동,47.72774,candidate
2023-09-01,도곡동,52.00035,candidate
2023-10-01,도곡동,47.03456,candidate
2023-11-01,도곡동,45.71991,candidate
2023-12-01,도곡동,59.39227,candidate
2024-01-01,도곡동,49.30831,candidate
2024-02-01,도곡동,45.57351,candidate
2024-03-01,도곡동,50.20167,candidate
2024-04-01,도곡동,45.96791,candidate
2024-05-01,도곡동,41.51304,candidate
2024-06-01,도곡동,44.53972,candidate
2024-07-01,도곡동,49.48459,candidate
2024-08-01,도곡동,48.28946,candidate
2024-09-01,도곡동,39.30801,candidate
2024-10-01,도곡동,39.99521,candidate
2024-11-01,도곡동,38.87477,candidate
2024-12-01,도곡동,38.67758,candidate
2020-01-01,양재동,53.99324,candidate
2020-02-01,양재동,48.93184,candidate
2020-03-01,양재동,42.95915,candidate
2020-04-01,양재동,48.1311,candidate
2020-05-01,양재동,56.52693,candidate
2020-06-01,양재동,57.33962,candidate
2020-07-01,양재동,57.97006,candidate
2020-08-01,양재동,47.15408,candidate
2020-09-01,양재동,36.2156,candidate
2020-10-01,양재동,47.65305,candidate
2020-11-01,양재동,45.93205,candidate
2020-12-01,양재동,23.30216,candidate
2021-01-01,양재동,31.73085,candidate
2021-02-01,양재동,40.86766,candidate
2021-03-01,양재동,52.14377,candidate
2021-04-01,양재동,51.36096,candidate
2021-05-01,양재동,53.02518,candidate
2021-06-01,양재동,55.09576,candidate
2021-07-01,양재동,46.95987,candidate
2021-08-01,양재동,49.15294,candidate
2021-09-01,양재동,48.40299,candidate
2021-10-01,양재동,58.56464,candidate
2021-11-01,양재동,68.04505,candidate
2021-12-01,양재동,57.11852,candidate
2022-01-01,양재동,51.34303,candidate
2022-02-01,양재동,44.25587,candidate
2022-03-01,양재동,51.51931,candidate
2022-04-01,양재동,60.01673,candidate
2022-05-01,양재동,64.12501,candidate
2022-06-01,양재동,62.12315,candidate
2022-07-01,양재동,66.63479,candidate
2022-08-01,양재동,64.4716,candidate
2022-09-01,양재동,56.1415,candidate
2022-10-01,양재동,61.55248,candidate
2022-11-01,양재동,57.89536,candidate
2022-12-01,양재동,64.90184,candidate
2023-01-01,양재동,55.99211,candidate
2023-02-01,양재동,56.15046,candidate
2023-03-01,양재동,63.21969,candidate
2023-04-01,양재동,62.33529,candidate
2023-05-01,양재동,57.64737,candidate
2023-06-01,양재동,53.7572,candidate
2023-07-01,양재동,54.68343,candidate
2023-08-01,양재동,55.20332,candidate
2023-09-01,양재동,47.56939,candidate
2023-10-01,양재동,49.5802,candidate
2023-11-01,양재동,49.74453,candidate
2023-12-01,양재동,51.59102,candidate
2024-01-01,양재동,50.96357,candidate
2024-02-01,양재동,50.96955,candidate
2024-03-01,양재동,53.94842,candidate
2024-04-01,양재동,50.73351,candidate
2024-05-01,양재동,49.18581,candidate
2024-06-01,양재동,45.31357,candidate
2024-07-01,양재동,48.46574,candidate
2024-08-01,양재동,47.35426,candidate
2024-09-01,양재동,39.46039,candidate
2024-10-01,양재동,41.1545,candidate
2024-11-01,양재동,42.39146,candidate
2024-12-01,양재동,43.74794,candidate
2020-01-01,풍납동,38.73435,candidate
2020-02-01,풍납동,32.74373,candidate
2020-03-01,풍납동,32.05354,candidate
2020-04-01,풍납동,40.08186,candidate
2020-05-01,풍납동,36.07517,candidate
2020-06-01,풍납동,40.48821,candidate
2020-07-01,풍납동,39.49027,candidate
2020-08-01,풍납동,36.93268,candidate
2020-09-01,풍납동,31.51274,candidate
2020-10-01,풍납동,30.219,candidate
2020-11-01,풍납동,29.31966,candidate
2020-12-01,풍납동,28.1066,candidate
2021-01-01,풍납동,29.40631,candidate
2021-02-01,풍납동,30.03675,candidate
2021-03-01,풍납동,34.10021,candidate
2021-04-01,풍납동,31.38725,candidate
2021-05-01,풍납동,28.27093,candidate
2021-06-01,풍납동,32.47183,candidate
2021-07-01,풍납동,27.94526,candidate
2021-08-01,풍납동,27.42537,candidate
2021-09-01,풍납동,28.09166,candidate
2021-10-01,풍납동,27.87953,candidate
2021-11-01,풍납동,28.86551,candidate
2021-12-01,풍납동,24.53016,candidate
2022-01-01,풍납동,24.41363,candidate
2022-02-01,풍납동,23.24539,candidate
2022-03-01,풍납동,25.76712,candidate
2022-04-01,풍납동,29.64235,candidate
2022-05-01,풍납동,29.68119,candidate
2022-06-01,풍납동,27.76898,candidate
2022-07-01,풍납동,29.23003,candidate
2022-08-01,풍납동,33.35624,candidate
2022-09-01,풍납동,26.98019,candidate
2022-10-01,풍납동,26.64555,candidate
2022-11-01,풍납동,25.76115,candidate
2022-12-01,풍납동,24.05808,candidate
2023-01-01,풍납동,24.07601,candidate
2023-02-01,풍납동,22.78526,candidate
2023-03-01,풍납동,26.29298,candidate
2023-04-01,풍납동,25.17553,candidate
2023-05-01,풍납동,26.05993,candidate
2023-06-01,풍납동,26.42445,candidate
2023-07-01,풍납동,28.37849,candidate
2023-08-01,풍납동,25.41157,candidate
2023-09-01,풍납동,22.68666,candidate
2023-10-01,풍납동,23.20057,candidate
2023-11-01,풍납동,22.30123,candidate
2023-12-01,풍납동,22.35501,candidate
2024-01-01,풍납동,25.90158,candidate
2024-02-01,풍납동,23.44258,candidate
2024-03-01,풍납동,24.88272,candidate
2024-04-01,풍납동,24.08198,candidate
2024-05-01,풍납동,25.14266,candidate
2024-06-01,풍납동,24.52717,candidate
2024-07-01,풍납동,29.02387,candidate
2024-08-01,풍납동,29.11948,candidate
2024-09-01,풍납동,24.04912,candidate
2024-10-01,풍납동,27.2461,candidate
2024-11-01,풍납동,23.89375,candidate
2024-12-01,풍납동,20.14102,candidate
