행정동,연도,분기,나이,매출금액
성수2가1동,2020,1,0,50578261411
성수2가1동,2020,1,10,229381707
성수2가1동,2020,1,20,7148897296
성수2가1동,2020,1,30,7500420637
성수2가1동,2020,1,40,11611267656
성수2가1동,2020,1,50,11476883762
성수2가1동,2020,1,60,7652751048
성수2가1동,2020,2,0,56368125932
성수2가1동,2020,2,10,453771626
성수2가1동,2020,2,20,8215086731
성수2가1동,2020,2,30,9792114364
성수2가1동,2020,2,40,10733186088
성수2가1동,2020,2,50,13212830715
성수2가1동,2020,2,60,8935142160
성수2가1동,2020,3,0,53711931089
성수2가1동,2020,3,10,670582847
성수2가1동,2020,3,20,8355683483
성수2가1동,2020,3,30,9190872413
성수2가1동,2020,3,40,10568672136
성수2가1동,2020,3,50,10958753335
성수2가1동,2020,3,60,7930606979
성수2가1동,2020,4,0,55298252424
성수2가1동,2020,4,10,473532600
성수2가1동,2020,4,20,8319183772
성수2가1동,2020,4,30,10067306445
성수2가1동,2020,4,40,10401672220
성수2가1동,2020,4,50,12608984838
성수2가1동,2020,4,60,8947191148
성수2가1동,2021,1,0,46822000526
성수2가1동,2021,1,10,100058338
성수2가1동,2021,1,20,5137260025
성수2가1동,2021,1,30,8346291397
성수2가1동,2021,1,40,9818589607
성수2가1동,2021,1,50,11576287462
성수2가1동,2021,1,60,7303567384
성수2가1동,2021,2,0,50593946374
성수2가1동,2021,2,10,206957605
성수2가1동,2021,2,20,6678409201
성수2가1동,2021,2,30,8815373173
성수2가1동,2021,2,40,10979140492
성수2가1동,2021,2,50,11087440937
성수2가1동,2021,2,60,7498051871
성수2가1동,2021,3,0,50042464855
성수2가1동,2021,3,10,131301755
성수2가1동,2021,3,20,6017269146
성수2가1동,2021,3,30,8942455389
성수2가1동,2021,3,40,9456434157
성수2가1동,2021,3,50,12056215122
성수2가1동,2021,3,60,8750999257
성수2가1동,2021,4,0,73776681837
성수2가1동,2021,4,10,391730022
성수2가1동,2021,4,20,14025428714
성수2가1동,2021,4,30,14388303628
성수2가1동,2021,4,40,13391937211
성수2가1동,2021,4,50,15944384617
성수2가1동,2021,4,60,8759931000
성수2가1동,2022,1,0,72602732384
성수2가1동,2022,1,10,215613592
성수2가1동,2022,1,20,17269670805
성수2가1동,2022,1,30,14452033033
성수2가1동,2022,1,40,12949110157
성수2가1동,2022,1,50,13554113975
성수2가1동,2022,1,60,8181797580
성수2가1동,2022,2,0,79661072602
성수2가1동,2022,2,10,542688429
성수2가1동,2022,2,20,15143792858
성수2가1동,2022,2,30,17029384202
성수2가1동,2022,2,40,15371419556
성수2가1동,2022,2,50,16186314537
성수2가1동,2022,2,60,9618195653
성수2가1동,2022,3,0,86119015520
성수2가1동,2022,3,10,662815963
성수2가1동,2022,3,20,19493410235
성수2가1동,2022,3,30,17680829975
성수2가1동,2022,3,40,15910779948
성수2가1동,2022,3,50,15076195984
성수2가1동,2022,3,60,10129270842
성수2가1동,2022,4,0,93902163163
성수2가1동,2022,4,10,792873958
성수2가1동,2022,4,20,20453790097
성수2가1동,2022,4,30,18319462815
성수2가1동,2022,4,40,17704650866
성수2가1동,2022,4,50,19811068274
성수2가1동,2022,4,60,9411824092
성수2가1동,2023,1,0,85895017237
성수2가1동,2023,1,10,664182258
성수2가1동,2023,1,20,19839438230
성수2가1동,2023,1,30,17490604592
성수2가1동,2023,1,40,11531770665
성수2가1동,2023,1,50,16183910780
성수2가1동,2023,1,60,12573213306
성수2가1동,2023,2,0,85006644740
성수2가1동,2023,2,10,612020344
성수2가1동,2023,2,20,21632204855
성수2가1동,2023,2,30,19894677068
성수2가1동,2023,2,40,11784448081
성수2가1동,2023,2,50,13250312560
성수2가1동,2023,2,60,10241547508
성수2가1동,2023,3,0,80772602335
성수2가1동,2023,3,10,808682878
성수2가1동,2023,3,20,17978577226
성수2가1동,2023,3,30,16176568126
성수2가1동,2023,3,40,13160967537
성수2가1동,2023,3,50,14614237517
성수2가1동,2023,3,60,10583717179
성수2가1동,2023,4,0,81487247055
성수2가1동,2023,4,10,1024944820
성수2가1동,2023,4,20,20321374413
성수2가1동,2023,4,30,15530193917
성수2가1동,2023,4,40,10953258688
성수2가1동,2023,4,50,14104068539
성수2가1동,2023,4,60,9651402038
성수2가1동,2024,1,0,68555658906
성수2가1동,2024,1,10,262122846
성수2가1동,2024,1,20,12237835044
성수2가1동,2024,1,30,14532855255
성수2가1동,2024,1,40,10552045787
성수2가1동,2024,1,50,13354752821
성수2가1동,2024,1,60,10469447787
성수2가1동,2024,2,0,86114047627
성수2가1동,2024,2,10,404174716
성수2가1동,2024,2,20,16117731807
성수2가1동,2024,2,30,23074042024
성수2가1동,2024,2,40,13548065461
성수2가1동,2024,2,50,14216995702
성수2가1동,2024,2,60,11000679981
성수2가1동,2024,3,0,83550271243
성수2가1동,2024,3,10,533412352
성수2가1동,2024,3,20,16335971762
성수2가1동,2024,3,30,17481542094
성수2가1동,2024,3,40,13906158492
성수2가1동,2024,3,50,15390713407
성수2가1동,2024,3,60,11184050497
성수2가1동,2024,4,0,83583528481
성수2가1동,2024,4,10,807263542
성수2가1동,2024,4,20,15707325632
성수2가1동,2024,4,30,16883200646
성수2가1동,2024,4,40,13183341917
성수2가1동,2024,4,50,17229457340
성수2가1동,2024,4,60,11138304159
여의동,2020,1,0,223733377263
여의동,2020,1,10,391198691
여의동,2020,1,20,25248916642
여의동,2020,1,30,42588467342
여의동,2020,1,40,41101812491
여의동,2020,1,50,37307358371
여의동,2020,1,60,18925357038
여의동,2020,2,0,243362360062
여의동,2020,2,10,726871090
여의동,2020,2,20,27531016182
여의동,2020,2,30,49062511908
여의동,2020,2,40,44615982687
여의동,2020,2,50,40173935795
여의동,2020,2,60,21324270315
여의동,2020,3,0,240236368126
여의동,2020,3,10,514266196
여의동,2020,3,20,27784850947
여의동,2020,3,30,46354008324
여의동,2020,3,40,43965726399
여의동,2020,3,50,42187184282
여의동,2020,3,60,19710770895
여의동,2020,4,0,242949550497
여의동,2020,4,10,716465201
여의동,2020,4,20,26334884776
여의동,2020,4,30,43207657943
여의동,2020,4,40,41750363589
여의동,2020,4,50,37939029195
여의동,2020,4,60,20815111593
여의동,2021,1,0,257328979780
여의동,2021,1,10,414088415
여의동,2021,1,20,26208671509
여의동,2021,1,30,45943610858
여의동,2021,1,40,44063086945
여의동,2021,1,50,43845064831
여의동,2021,1,60,22507833223
여의동,2021,2,0,293688371006
여의동,2021,2,10,676808389
여의동,2021,2,20,33862627850
여의동,2021,2,30,58164931092
여의동,2021,2,40,50750559288
여의동,2021,2,50,41058485556
여의동,2021,2,60,28565271318
여의동,2021,3,0,250051907451
여의동,2021,3,10,583402131
여의동,2021,3,20,29126632916
여의동,2021,3,30,47637593280
여의동,2021,3,40,44276299485
여의동,2021,3,50,37901340693
여의동,2021,3,60,27824046569
여의동,2021,4,0,311464142065
여의동,2021,4,10,715608090
여의동,2021,4,20,35277930387
여의동,2021,4,30,57544215719
여의동,2021,4,40,51312433755
여의동,2021,4,50,42035637359
여의동,2021,4,60,26339077630
여의동,2022,1,0,274430985076
여의동,2022,1,10,484263389
여의동,2022,1,20,28578390970
여의동,2022,1,30,52816460139
여의동,2022,1,40,44009030861
여의동,2022,1,50,42443297541
여의동,2022,1,60,27309142512
여의동,2022,2,0,342530594698
여의동,2022,2,10,740259345
여의동,2022,2,20,37046599203
여의동,2022,2,30,66994982299
여의동,2022,2,40,58967788751
여의동,2022,2,50,46266531561
여의동,2022,2,60,33112976973
여의동,2022,3,0,333932586857
여의동,2022,3,10,745828085
여의동,2022,3,20,37710565376
여의동,2022,3,30,66093072695
여의동,2022,3,40,59160500356
여의동,2022,3,50,46556987308
여의동,2022,3,60,29063512238
여의동,2022,4,0,346717243159
여의동,2022,4,10,825604363
여의동,2022,4,20,36799181829
여의동,2022,4,30,63421503783
여의동,2022,4,40,59207059465
여의동,2022,4,50,44432796985
여의동,2022,4,60,35124935862
여의동,2023,1,0,344445574284
여의동,2023,1,10,495194846
여의동,2023,1,20,29612346396
여의동,2023,1,30,66360320735
여의동,2023,1,40,61126625122
여의동,2023,1,50,45382691232
여의동,2023,1,60,39313939302
여의동,2023,2,0,348020900226
여의동,2023,2,10,968510938
여의동,2023,2,20,34375923932
여의동,2023,2,30,68355658200
여의동,2023,2,40,60253844054
여의동,2023,2,50,48888513917
여의동,2023,2,60,37703090903
여의동,2023,3,0,341622118930
여의동,2023,3,10,794292154
여의동,2023,3,20,33272709532
여의동,2023,3,30,65929768117
여의동,2023,3,40,60533231727
여의동,2023,3,50,48848345966
여의동,2023,3,60,35810685373
여의동,2023,4,0,351711875127
여의동,2023,4,10,826026714
여의동,2023,4,20,33298182309
여의동,2023,4,30,63939561289
여의동,2023,4,40,59690411758
여의동,2023,4,50,46599681392
여의동,2023,4,60,36709772127
여의동,2024,1,0,335272512578
여의동,2024,1,10,450586741
여의동,2024,1,20,25508152869
여의동,2024,1,30,65589846640
여의동,2024,1,40,59727219802
여의동,2024,1,50,50575678256
여의동,2024,1,60,36865100726
여의동,2024,2,0,356320972548
여의동,2024,2,10,721871823
여의동,2024,2,20,31032113585
여의동,2024,2,30,72063070141
여의동,2024,2,40,61648207657
여의동,2024,2,50,48222370104
여의동,2024,2,60,42456656269
여의동,2024,3,0,347197913732
여의동,2024,3,10,729123899
여의동,2024,3,20,29243013583
여의동,2024,3,30,66276033015
여의동,2024,3,40,60569686224
여의동,2024,3,50,51167163671
여의동,2024,3,60,34639237513
여의동,2024,4,0,363347897787
여의동,2024,4,10,927269772
여의동,2024,4,20,29964239332
여의동,2024,4,30,67139685074
여의동,2024,4,40,60178024201
여의동,2024,4,50,48813286064
여의동,2024,4,60,36323325592
