period,group,ratio
2020-01-01,연남동,3.23743
2020-02-01,연남동,2.57925
2020-03-01,연남동,2.36915
2020-04-01,연남동,2.65246
2020-05-01,연남동,1.93045
2020-06-01,연남동,2.28389
2020-07-01,연남동,3.5874
2020-08-01,연남동,2.524
2020-09-01,연남동,1.68852
2020-10-01,연남동,2.87909
2020-11-01,연남동,2.49506
2020-12-01,연남동,0.79726
2021-01-01,연남동,1.51383
2021-02-01,연남동,2.66993
2021-03-01,연남동,2.81564
2021-04-01,연남동,2.77057
2021-05-01,연남동,3.17944
2021-06-01,연남동,2.90036
2021-07-01,연남동,1.80971
2021-08-01,연남동,2.11864
2021-09-01,연남동,2.29761
2021-10-01,연남동,2.7302
2021-11-01,연남동,2.77411
2021-12-01,연남동,2.78174
2022-01-01,연남동,2.86503
2022-02-01,연남동,2.19019
2022-03-01,연남동,2.28848
2022-04-01,연남동,2.91192
2022-05-01,연남동,3.25889
2022-06-01,연남동,2.95961
2022-07-01,연남동,3.3073
2022-08-01,연남동,3.22537
2022-09-01,연남동,2.73125
2022-10-01,연남동,2.98049
2022-11-01,연남동,2.59279
2022-12-01,연남동,2.99128
2023-01-01,연남동,2.86996
2023-02-01,연남동,2.72081
2023-03-01,연남동,2.49299
2023-04-01,연남동,2.33472
2023-05-01,연남동,2.39609
2023-06-01,연남동,2.20479
2023-07-01,연남동,2.3013
2023-08-01,연남동,2.23181
2023-09-01,연남동,2.0995
2023-10-01,연남동,2.31151
2023-11-01,연남동,1.96613
2023-12-01,연남동,2.31215
2024-01-01,연남동,2.05635
2024-02-01,연남동,2.06656
2024-03-01,연남동,1.92216
2024-04-01,연남동,1.73274
2024-05-01,연남동,1.77839
2024-06-01,연남동,1.67116
2024-07-01,연남동,1.68315
2024-08-01,연남동,1.68174
2024-09-01,연남동,1.40804
2024-10-01,연남동,1.47494
2024-11-01,연남동,1.43342
2024-12-01,연남동,1.72678
2020-01-01,이태원,3.23247
2020-02-01,이태원,3.82101
2020-03-01,이태원,3.31226
2020-04-01,이태원,2.60878
2020-05-01,이태원,17.99235
2020-06-01,이태원,1.11343
2020-07-01,이태원,1.69295
2020-08-01,이태원,1.55234
2020-09-01,이태원,1.1303
2020-10-01,이태원,6.8811
2020-11-01,이태원,5.7467
2020-12-01,이태원,6.97519
2021-01-01,이태원,0.99472
2021-02-01,이태원,1.50167
2021-03-01,이태원,1.75896
2021-04-01,이태원,1.60408
2021-05-01,이태원,1.88147
2021-06-01,이태원,1.85593
2021-07-01,이태원,1.19513
2021-08-01,이태원,1.43273
2021-09-01,이태원,1.6767
2021-10-01,이태원,3.09462
2021-11-01,이태원,2.32543
2021-12-01,이태원,1.7505
2022-01-01,이태원,1.75711
2022-02-01,이태원,1.45051
2022-03-01,이태원,1.64096
2022-04-01,이태원,2.22851
2022-05-01,이태원,2.89762
2022-06-01,이태원,2.90924
2022-07-01,이태원,2.83862
2022-08-01,이태원,2.81578
2022-09-01,이태원,2.44922
2022-10-01,이태원,100.0
2022-11-01,이태원,11.46434
2022-12-01,이태원,2.09216
2023-01-01,이태원,1.57234
2023-02-01,이태원,1.78628
2023-03-01,이태원,1.7036
2023-04-01,이태원,1.61738
2023-05-01,이태원,1.67673
2023-06-01,이태원,1.70214
2023-07-01,이태원,1.79644
2023-08-01,이태원,1.65547
2023-09-01,이태원,1.53614
2023-10-01,이태원,2.69501
2023-11-01,이태원,1.3468
2023-12-01,이태원,1.52638
2024-01-01,이태원,1.60092
2024-02-01,이태원,1.46568
2024-03-01,이태원,1.45261
2024-04-01,이태원,1.39217
2024-05-01,이태원,1.47286
2024-06-01,이태원,1.48475
2024-07-01,이태원,1.49125
2024-08-01,이태원,1.45255
2024-09-01,이태원,1.35841
2024-10-01,이태원,1.86485
2024-11-01,이태원,1.32297
2024-12-01,이태원,1.43985
2020-01-01,홍대,4.996
2020-02-01,홍대,3.42494
2020-03-01,홍대,2.59358
2020-04-01,홍대,2.8324
2020-05-01,홍대,3.45016
2020-06-01,홍대,2.1922
2020-07-01,홍대,3.2165
2020-08-01,홍대,2.83899
2020-09-01,홍대,1.83657
2020-10-01,홍대,3.11152
2020-11-01,홍대,2.61332
2020-12-01,홍대,1.31474
2021-01-01,홍대,1.9313
2021-02-01,홍대,2.93573
2021-03-01,홍대,2.86375
2021-04-01,홍대,2.48842
2021-05-01,홍대,3.16364
2021-06-01,홍대,3.31827
2021-07-01,홍대,2.11308
2021-08-01,홍대,2.47521
2021-09-01,홍대,2.71701
2021-10-01,홍대,3.23382
2021-11-01,홍대,3.39456
2021-12-01,홍대,3.45522
2022-01-01,홍대,3.71257
2022-02-01,홍대,3.23674
2022-03-01,홍대,3.0253
2022-04-01,홍대,3.44147
2022-05-01,홍대,4.35929
2022-06-01,홍대,3.99845
2022-07-01,홍대,5.11186
2022-08-01,홍대,4.71455
2022-09-01,홍대,3.71382
2022-10-01,홍대,4.5931
2022-11-01,홍대,3.63411
2022-12-01,홍대,4.38214
2023-01-01,홍대,4.52979
2023-02-01,홍대,4.63088
2023-03-01,홍대,3.53193
2023-04-01,홍대,3.29779
2023-05-01,홍대,3.77674
2023-06-01,홍대,3.44499
2023-07-01,홍대,4.11202
2023-08-01,홍대,4.01096
2023-09-01,홍대,3.26368
2023-10-01,홍대,3.79563
2023-11-01,홍대,3.41074
2023-12-01,홍대,4.58222
2024-01-01,홍대,4.21121
2024-02-01,홍대,4.2811
2024-03-01,홍대,3.38676
2024-04-01,홍대,2.74299
2024-05-01,홍대,3.28162
2024-06-01,홍대,3.13644
2024-07-01,홍대,3.73093
2024-08-01,홍대,3.80449
2024-09-01,홍대,2.91331
2024-10-01,홍대,3.15135
2024-11-01,홍대,2.85264
2024-12-01,홍대,3.62485
2020-01-01,삼청동,0.85831
2020-02-01,삼청동,0.5529
2020-03-01,삼청동,0.60461
2020-04-01,삼청동,0.88015
2020-05-01,삼청동,1.02457
2020-06-01,삼청동,0.76014
2020-07-01,삼청동,0.97526
2020-08-01,삼청동,0.65908
2020-09-01,삼청동,0.65623
2020-10-01,삼청동,1.09171
2020-11-01,삼청동,0.94985
2020-12-01,삼청동,0.31671
2021-01-01,삼청동,0.47761
2021-02-01,삼청동,0.81062
2021-03-01,삼청동,0.90013
2021-04-01,삼청동,0.90718
2021-05-01,삼청동,1.04184
2021-06-01,삼청동,1.06215
2021-07-01,삼청동,0.59774
2021-08-01,삼청동,0.76118
2021-09-01,삼청동,0.93351
2021-10-01,삼청동,1.07759
2021-11-01,삼청동,1.06091
2021-12-01,삼청동,0.74336
2022-01-01,삼청동,0.83751
2022-02-01,삼청동,0.69089
2022-03-01,삼청동,0.84339
2022-04-01,삼청동,1.14473
2022-05-01,삼청동,1.41915
2022-06-01,삼청동,1.14596
2022-07-01,삼청동,0.97853
2022-08-01,삼청동,1.03603
2022-09-01,삼청동,1.13547
2022-10-01,삼청동,1.4023
2022-11-01,삼청동,1.12787
2022-12-01,삼청동,0.86192
2023-01-01,삼청동,0.86537
2023-02-01,삼청동,0.91618
2023-03-01,삼청동,1.02057
2023-04-01,삼청동,1.06231
2023-05-01,삼청동,0.93153
2023-06-01,삼청동,0.78269
2023-07-01,삼청동,0.68545
2023-08-01,삼청동,0.68431
2023-09-01,삼청동,0.82834
2023-10-01,삼청동,0.98567
2023-11-01,삼청동,0.70872
2023-12-01,삼청동,0.65449
2024-01-01,삼청동,0.63473
2024-02-01,삼청동,0.67507
2024-03-01,삼청동,0.71642
2024-04-01,삼청동,0.72235
2024-05-01,삼청동,0.73624
2024-06-01,삼청동,0.62336
2024-07-01,삼청동,0.57976
2024-08-01,삼청동,0.56536
2024-09-01,삼청동,0.65514
2024-10-01,삼청동,0.81558
2024-11-01,삼청동,0.76192
2024-12-01,삼청동,0.54047
2020-01-01,화양동,2.535
2020-02-01,화양동,1.82539
2020-03-01,화양동,1.54752
2020-04-01,화양동,1.65784
2020-05-01,화양동,1.65882
2020-06-01,화양동,1.48603
2020-07-01,화양동,1.86064
2020-08-01,화양동,1.55092
2020-09-01,화양동,1.12356
2020-10-01,화양동,1.59989
2020-11-01,화양동,1.45961
2020-12-01,화양동,0.88699
2021-01-01,화양동,1.21382
2021-02-01,화양동,2.7231
2021-03-01,화양동,1.63711
2021-04-01,화양동,1.51922
2021-05-01,화양동,1.6192
2021-06-01,화양동,1.49863
2021-07-01,화양동,1.23478
2021-08-01,화양동,1.33314
2021-09-01,화양동,1.38261
2021-10-01,화양동,1.49533
2021-11-01,화양동,1.68875
2021-12-01,화양동,1.71979
2022-01-01,화양동,1.61288
2022-02-01,화양동,1.39414
2022-03-01,화양동,1.46735
2022-04-01,화양동,1.65004
2022-05-01,화양동,1.97096
2022-06-01,화양동,1.71867
2022-07-01,화양동,1.939
2022-08-01,화양동,1.8138
2022-09-01,화양동,1.60962
2022-10-01,화양동,1.67073
2022-11-01,화양동,1.65387
2022-12-01,화양동,1.95373
2023-01-01,화양동,1.87247
2023-02-01,화양동,1.88872
2023-03-01,화양동,1.77383
2023-04-01,화양동,1.55791
2023-05-01,화양동,1.69604
2023-06-01,화양동,1.51192
2023-07-01,화양동,1.59682
2023-08-01,화양동,1.81205
2023-09-01,화양동,1.51168
2023-10-01,화양동,1.52444
2023-11-01,화양동,1.49174
2023-12-01,화양동,1.72184
2024-01-01,화양동,1.63863
2024-02-01,화양동,1.58564
2024-03-01,화양동,1.48047
2024-04-01,화양동,1.29032
2024-05-01,화양동,1.42901
2024-06-01,화양동,1.31583
2024-07-01,화양동,1.33645
2024-08-01,화양동,1.3273
2024-09-01,화양동,1.20023
2024-10-01,화양동,1.18934
2024-11-01,화양동,1.21547
2024-12-01,화양동,1.37349
2020-01-01,서촌,13.58313
2020-02-01,서촌,10.39378
2020-03-01,서촌,9.47211
2020-04-01,서촌,14.75097
2020-05-01,서촌,16.76549
2020-06-01,서촌,13.04537
2020-07-01,서촌,17.47673
2020-08-01,서촌,11.98583
2020-09-01,서촌,10.09345
2020-10-01,서촌,16.9821
2020-11-01,서촌,14.46247
2020-12-01,서촌,4.8287
2021-01-01,서촌,7.49803
2021-02-01,서촌,15.51972
2021-03-01,서촌,16.09551
2021-04-01,서촌,15.00587
2021-05-01,서촌,17.76563
2021-06-01,서촌,16.8269
2021-07-01,서촌,14.99365
2021-08-01,서촌,18.54191
2021-09-01,서촌,20.4746
2021-10-01,서촌,23.29134
2021-11-01,서촌,23.49747
2021-12-01,서촌,15.33415
2022-01-01,서촌,17.88442
2022-02-01,서촌,15.42015
2022-03-01,서촌,18.1486
2022-04-01,서촌,20.05482
2022-05-01,서촌,27.35774
2022-06-01,서촌,22.82882
2022-07-01,서촌,18.12199
2022-08-01,서촌,21.21701
2022-09-01,서촌,19.76377
2022-10-01,서촌,22.96763
2022-11-01,서촌,19.40996
2022-12-01,서촌,15.55398
2023-01-01,서촌,16.5083
2023-02-01,서촌,18.27155
2023-03-01,서촌,19.01584
2023-04-01,서촌,17.60586
2023-05-01,서촌,18.02457
2023-06-01,서촌,14.95374
2023-07-01,서촌,14.07977
2023-08-01,서촌,14.21361
2023-09-01,서촌,15.5607
2023-10-01,서촌,24.00916
2023-11-01,서촌,17.83188
2023-12-01,서촌,15.61889
2024-01-01,서촌,17.52564
2024-02-01,서촌,17.65384
2024-03-01,서촌,19.51773
2024-04-01,서촌,18.10842
2024-05-01,서촌,18.20893
2024-06-01,서촌,14.64454
2024-07-01,서촌,16.52107
2024-08-01,서촌,16.04055
2024-09-01,서촌,18.75355
2024-10-01,서촌,24.49519
2024-11-01,서촌,21.2154
2024-12-01,서촌,14.64575
2020-01-01,한남동,21.67402
2020-02-01,한남동,16.23042
2020-03-01,한남동,17.23607
2020-04-01,한남동,20.56974
2020-05-01,한남동,16.96114
2020-06-01,한남동,17.06609
2020-07-01,한남동,22.5117
2020-08-01,한남동,18.15048
2020-09-01,한남동,14.92095
2020-10-01,한남동,24.09395
2020-11-01,한남동,19.24697
2020-12-01,한남동,9.59318
2021-01-01,한남동,14.50506
2021-02-01,한남동,18.80636
2021-03-01,한남동,23.2005
2021-04-01,한남동,22.63734
2021-05-01,한남동,23.82762
2021-06-01,한남동,22.15924
2021-07-01,한남동,17.33886
2021-08-01,한남동,19.1603
2021-09-01,한남동,19.7506
2021-10-01,한남동,40.05119
2021-11-01,한남동,48.16949
2021-12-01,한남동,39.50644
2022-01-01,한남동,35.98263
2022-02-01,한남동,26.47478
2022-03-01,한남동,29.51659
2022-04-01,한남동,31.95506
2022-05-01,한남동,36.12762
2022-06-01,한남동,32.99444
2022-07-01,한남동,34.25553
2022-08-01,한남동,34.0486
2022-09-01,한남동,34.13392
2022-10-01,한남동,34.93963
2022-11-01,한남동,24.12257
2022-12-01,한남동,26.55876
2023-01-01,한남동,28.34109
2023-02-01,한남동,100.0
2023-03-01,한남동,81.49369
2023-04-01,한남동,59.54716
2023-05-01,한남동,59.20813
2023-06-01,한남동,49.53674
2023-07-01,한남동,43.63117
2023-08-01,한남동,33.74129
2023-09-01,한남동,28.65687
2023-10-01,한남동,26.85573
2023-11-01,한남동,24.03805
2023-12-01,한남동,25.60068
2024-01-01,한남동,23.28301
2024-02-01,한남동,26.6027
2024-03-01,한남동,35.39273
2024-04-01,한남동,26.50165
2024-05-01,한남동,26.20106
2024-06-01,한남동,26.63683
2024-07-01,한남동,24.88568
2024-08-01,한남동,23.05686
2024-09-01,한남동,25.02072
2024-10-01,한남동,26.48459
2024-11-01,한남동,22.69351
2024-12-01,한남동,23.40273
2020-01-01,북촌,13.07963
2020-02-01,북촌,6.99023
2020-03-01,북촌,6.46604
2020-04-01,북촌,9.63846
2020-05-01,북촌,11.00827
2020-06-01,북촌,7.75213
2020-07-01,북촌,10.44
2020-08-01,북촌,7.27148
2020-09-01,북촌,7.08523
2020-10-01,북촌,12.1069
2020-11-01,북촌,9.30723
2020-12-01,북촌,3.81593
2021-01-01,북촌,5.73895
2021-02-01,북촌,10.6773
2021-03-01,북촌,10.46714
2021-04-01,북촌,10.14263
2021-05-01,북촌,12.90696
2021-06-01,북촌,16.61043
2021-07-01,북촌,6.47316
2021-08-01,북촌,7.8994
2021-09-01,북촌,11.51794
2021-10-01,북촌,13.47912
2021-11-01,북촌,11.44296
2021-12-01,북촌,8.78116
2022-01-01,북촌,11.51781
2022-02-01,북촌,9.68603
2022-03-01,북촌,10.50974
2022-04-01,북촌,14.27287
2022-05-01,북촌,17.64483
2022-06-01,북촌,13.85389
2022-07-01,북촌,12.52333
2022-08-01,북촌,15.14952
2022-09-01,북촌,16.34074
2022-10-01,북촌,18.47849
2022-11-01,북촌,15.18472
2022-12-01,북촌,11.3575
2023-01-01,북촌,12.68121
2023-02-01,북촌,14.4708
2023-03-01,북촌,13.54483
2023-04-01,북촌,14.07507
2023-05-01,북촌,12.79234
2023-06-01,북촌,10.03392
2023-07-01,북촌,9.03795
2023-08-01,북촌,9.14504
2023-09-01,북촌,11.28145
2023-10-01,북촌,14.10611
2023-11-01,북촌,9.23803
2023-12-01,북촌,8.5014
2024-01-01,북촌,9.40318
2024-02-01,북촌,10.21224
2024-03-01,북촌,10.75215
2024-04-01,북촌,10.92388
2024-05-01,북촌,10.79649
2024-06-01,북촌,8.54856
2024-07-01,북촌,9.25321
2024-08-01,북촌,8.06482
2024-09-01,북촌,9.75779
2024-10-01,북촌,12.23429
2024-11-01,북촌,10.93288
2024-12-01,북촌,8.26463
2020-01-01,합정망원,14.74828
2020-02-01,합정망원,13.34273
2020-03-01,합정망원,12.94915
2020-04-01,합정망원,14.33266
2020-05-01,합정망원,14.82958
2020-06-01,합정망원,12.3864
2020-07-01,합정망원,15.60639
2020-08-01,합정망원,12.4376
2020-09-01,합정망원,9.72352
2020-10-01,합정망원,13.70272
2020-11-01,합정망원,10.99913
2020-12-01,합정망원,4.27643
2021-01-01,합정망원,7.97519
2021-02-01,합정망원,12.88197
2021-03-01,합정망원,14.00452
2021-04-01,합정망원,12.82553
2021-05-01,합정망원,15.03423
2021-06-01,합정망원,14.31614
2021-07-01,합정망원,10.9568
2021-08-01,합정망원,12.71548
2021-09-01,합정망원,13.22677
2021-10-01,합정망원,13.94083
2021-11-01,합정망원,12.64413
2021-12-01,합정망원,12.12115
2022-01-01,합정망원,14.25379
2022-02-01,합정망원,11.7058
2022-03-01,합정망원,12.662
2022-04-01,합정망원,13.95198
2022-05-01,합정망원,15.16202
2022-06-01,합정망원,13.95682
2022-07-01,합정망원,15.66618
2022-08-01,합정망원,15.09698
2022-09-01,합정망원,13.35698
2022-10-01,합정망원,14.08327
2022-11-01,합정망원,12.34313
2022-12-01,합정망원,13.86464
2023-01-01,합정망원,14.58864
2023-02-01,합정망원,14.05881
2023-03-01,합정망원,13.72798
2023-04-01,합정망원,12.87162
2023-05-01,합정망원,12.91704
2023-06-01,합정망원,12.39406
2023-07-01,합정망원,12.96864
2023-08-01,합정망원,14.65623
2023-09-01,합정망원,11.08755
2023-10-01,합정망원,12.38277
2023-11-01,합정망원,10.95801
2023-12-01,합정망원,12.62585
2024-01-01,합정망원,12.62545
2024-02-01,합정망원,11.83144
2024-03-01,합정망원,12.91785
2024-04-01,합정망원,12.17785
2024-05-01,합정망원,12.14789
2024-06-01,합정망원,11.04777
2024-07-01,합정망원,11.26505
2024-08-01,합정망원,12.18497
2024-09-01,합정망원,10.96164
2024-10-01,합정망원,11.0862
2024-11-01,합정망원,9.91474
2024-12-01,합정망원,10.91152
2020-01-01,대학로,25.27509
2020-02-01,대학로,14.78644
2020-03-01,대학로,9.19772
2020-04-01,대학로,11.39069
2020-05-01,대학로,12.90427
2020-06-01,대학로,10.65459
2020-07-01,대학로,13.87915
2020-08-01,대학로,11.91757
2020-09-01,대학로,7.37172
2020-10-01,대학로,12.31706
2020-11-01,대학로,11.28346
2020-12-01,대학로,5.00393
2021-01-01,대학로,7.04049
2021-02-01,대학로,10.91985
2021-03-01,대학로,12.51069
2021-04-01,대학로,11.87887
2021-05-01,대학로,14.54833
2021-06-01,대학로,12.61134
2021-07-01,대학로,9.57302
2021-08-01,대학로,12.42953
2021-09-01,대학로,11.7574
2021-10-01,대학로,14.44943
2021-11-01,대학로,15.47202
2021-12-01,대학로,15.2335
2022-01-01,대학로,14.18579
2022-02-01,대학로,11.26693
2022-03-01,대학로,11.85334
2022-04-01,대학로,14.89757
2022-05-01,대학로,20.00604
2022-06-01,대학로,18.07872
2022-07-01,대학로,20.81604
2022-08-01,대학로,20.29185
2022-09-01,대학로,17.89611
2022-10-01,대학로,20.94155
2022-11-01,대학로,18.66123
2022-12-01,대학로,21.71057
2023-01-01,대학로,19.42085
2023-02-01,대학로,19.14027
2023-03-01,대학로,17.23634
2023-04-01,대학로,16.36116
2023-05-01,대학로,18.58773
2023-06-01,대학로,15.77476
2023-07-01,대학로,19.00268
2023-08-01,대학로,18.91587
2023-09-01,대학로,15.48263
2023-10-01,대학로,17.21873
2023-11-01,대학로,15.77019
2023-12-01,대학로,20.0864
2024-01-01,대학로,17.7698
2024-02-01,대학로,15.75447
2024-03-01,대학로,14.90711
2024-04-01,대학로,13.38385
2024-05-01,대학로,15.75044
2024-06-01,대학로,14.56325
2024-07-01,대학로,16.36345
2024-08-01,대학로,16.418
2024-09-01,대학로,13.23886
2024-10-01,대학로,14.21226
2024-11-01,대학로,14.05989
2024-12-01,대학로,18.56247
2020-01-01,잠실,50.45329
2020-02-01,잠실,37.13032
2020-03-01,잠실,32.5013
2020-04-01,잠실,35.53433
2020-05-01,잠실,39.58277
2020-06-01,잠실,36.43027
2020-07-01,잠실,44.09755
2020-08-01,잠실,39.0617
2020-09-01,잠실,27.29211
2020-10-01,잠실,43.3879
2020-11-01,잠실,39.15923
2020-12-01,잠실,22.2124
2021-01-01,잠실,29.50794
2021-02-01,잠실,38.96292
2021-03-01,잠실,45.17038
2021-04-01,잠실,43.03788
2021-05-01,잠실,47.71305
2021-06-01,잠실,46.2831
2021-07-01,잠실,36.41544
2021-08-01,잠실,39.50508
2021-09-01,잠실,41.34562
2021-10-01,잠실,49.66637
2021-11-01,잠실,52.53734
2021-12-01,잠실,55.86819
2022-01-01,잠실,52.47009
2022-02-01,잠실,41.22219
2022-03-01,잠실,46.69598
2022-04-01,잠실,74.73158
2022-05-01,잠실,61.96643
2022-06-01,잠실,59.91767
2022-07-01,잠실,70.52045
2022-08-01,잠실,69.61219
2022-09-01,잠실,62.69445
2022-10-01,잠실,73.77591
2022-11-01,잠실,69.71202
2022-12-01,잠실,100.0
2023-01-01,잠실,73.39916
2023-02-01,잠실,66.70718
2023-03-01,잠실,66.89347
2023-04-01,잠실,73.00298
2023-05-01,잠실,66.31372
2023-06-01,잠실,66.25482
2023-07-01,잠실,75.01206
2023-08-01,잠실,77.58898
2023-09-01,잠실,59.65515
2023-10-01,잠실,61.22545
2023-11-01,잠실,67.51248
2023-12-01,잠실,94.0799
2024-01-01,잠실,61.93802
2024-02-01,잠실,61.53997
2024-03-01,잠실,61.78348
2024-04-01,잠실,66.25482
2024-05-01,잠실,61.73565
2024-06-01,잠실,57.11436
2024-07-01,잠실,67.20318
2024-08-01,잠실,69.72184
2024-09-01,잠실,59.72887
2024-10-01,잠실,55.79196
2024-11-01,잠실,58.90895
2024-12-01,잠실,82.69374
2020-01-01,낙성대,10.52008
2020-02-01,낙성대,12.38923
2020-03-01,낙성대,9.23924
2020-04-01,낙성대,9.47732
2020-05-01,낙성대,10.2632
2020-06-01,낙성대,9.80228
2020-07-01,낙성대,10.03138
2020-08-01,낙성대,10.55725
2020-09-01,낙성대,8.75556
2020-10-01,낙성대,10.27218
2020-11-01,낙성대,9.24049
2020-12-01,낙성대,7.50918
2021-01-01,낙성대,8.11336
2021-02-01,낙성대,8.68622
2021-03-01,낙성대,10.20264
2021-04-01,낙성대,9.5216
2021-05-01,낙성대,10.04475
2021-06-01,낙성대,9.12855
2021-07-01,낙성대,8.09352
2021-08-01,낙성대,8.56864
2021-09-01,낙성대,8.1426
2021-10-01,낙성대,8.95542
2021-11-01,낙성대,8.87648
2021-12-01,낙성대,9.19058
2022-01-01,낙성대,9.08198
2022-02-01,낙성대,8.16662
2022-03-01,낙성대,9.46375
2022-04-01,낙성대,9.91736
2022-05-01,낙성대,10.89558
2022-06-01,낙성대,10.93714
2022-07-01,낙성대,10.38642
2022-08-01,낙성대,11.05764
2022-09-01,낙성대,9.91903
2022-10-01,낙성대,10.68319
2022-11-01,낙성대,9.72689
2022-12-01,낙성대,9.22817
2023-01-01,낙성대,9.01745
2023-02-01,낙성대,9.53329
2023-03-01,낙성대,9.8405
2023-04-01,낙성대,9.00158
2023-05-01,낙성대,9.12333
2023-06-01,낙성대,8.40366
2023-07-01,낙성대,9.73128
2023-08-01,낙성대,9.88248
2023-09-01,낙성대,8.45608
2023-10-01,낙성대,9.47732
2023-11-01,낙성대,9.01995
2023-12-01,낙성대,9.14171
2024-01-01,낙성대,9.49946
2024-02-01,낙성대,9.1154
2024-03-01,낙성대,9.21919
2024-04-01,낙성대,8.26791
2024-05-01,낙성대,8.12777
2024-06-01,낙성대,7.41102
2024-07-01,낙성대,7.81326
2024-08-01,낙성대,8.99239
2024-09-01,낙성대,7.1673
2024-10-01,낙성대,8.07828
2024-11-01,낙성대,7.53946
2024-12-01,낙성대,8.32095
2020-01-01,방배,11.53005
2020-02-01,방배,12.38401
2020-03-01,방배,10.34277
2020-04-01,방배,23.4285
2020-05-01,방배,12.45752
2020-06-01,방배,11.34981
2020-07-01,방배,12.06009
2020-08-01,방배,10.65332
2020-09-01,방배,14.83374
2020-10-01,방배,12.04318
2020-11-01,방배,12.14279
2020-12-01,방배,10.35217
2021-01-01,방배,10.93589
2021-02-01,방배,12.33681
2021-03-01,방배,12.17287
2021-04-01,방배,10.80306
2021-05-01,방배,14.37596
2021-06-01,방배,10.6433
2021-07-01,방배,10.07086
2021-08-01,방배,10.33358
2021-09-01,방배,10.05269
2021-10-01,방배,10.69697
2021-11-01,방배,10.575
2021-12-01,방배,9.80166
2022-01-01,방배,9.7601
2022-02-01,방배,8.74198
2022-03-01,방배,10.46536
2022-04-01,방배,10.4829
2022-05-01,방배,12.55255
2022-06-01,방배,11.02381
2022-07-01,방배,13.00929
2022-08-01,방배,12.65592
2022-09-01,방배,11.33248
2022-10-01,방배,11.93124
2022-11-01,방배,11.54634
2022-12-01,방배,10.08673
2023-01-01,방배,10.13852
2023-02-01,방배,11.56785
2023-03-01,방배,10.55642
2023-04-01,방배,9.56253
2023-05-01,방배,10.03911
2023-06-01,방배,9.37979
2023-07-01,방배,19.12047
2023-08-01,방배,9.67447
2023-09-01,방배,9.59866
2023-10-01,방배,9.61098
2023-11-01,방배,9.08386
2023-12-01,방배,8.76892
2024-01-01,방배,9.44391
2024-02-01,방배,8.17978
2024-03-01,방배,9.12939
2024-04-01,방배,9.42114
2024-05-01,방배,9.14422
2024-06-01,방배,8.89068
2024-07-01,방배,11.08688
2024-08-01,방배,9.36225
2024-09-01,방배,8.22154
2024-10-01,방배,11.47408
2024-11-01,방배,9.62852
2024-12-01,방배,9.33886
2020-01-01,상봉,15.42227
2020-02-01,상봉,13.54351
2020-03-01,상봉,11.14515
2020-04-01,상봉,12.21338
2020-05-01,상봉,14.27488
2020-06-01,상봉,13.90063
2020-07-01,상봉,15.41725
2020-08-01,상봉,13.96725
2020-09-01,상봉,11.60314
2020-10-01,상봉,14.19427
2020-11-01,상봉,12.88816
2020-12-01,상봉,9.30273
2021-01-01,상봉,10.96951
2021-02-01,상봉,12.00725
2021-03-01,상봉,14.16461
2021-04-01,상봉,13.64751
2021-05-01,상봉,14.1857
2021-06-01,상봉,13.82023
2021-07-01,상봉,12.48133
2021-08-01,상봉,11.92121
2021-09-01,상봉,12.16472
2021-10-01,상봉,13.69158
2021-11-01,상봉,14.40958
2021-12-01,상봉,13.37748
2022-01-01,상봉,12.91447
2022-02-01,상봉,11.55072
2022-03-01,상봉,13.39064
2022-04-01,상봉,14.7713
2022-05-01,상봉,17.95053
2022-06-01,상봉,16.82048
2022-07-01,상봉,17.69511
2022-08-01,상봉,16.86851
2022-09-01,상봉,15.28109
2022-10-01,상봉,16.58594
2022-11-01,상봉,15.34019
2022-12-01,상봉,16.62291
2023-01-01,상봉,16.06509
2023-02-01,상봉,15.43835
2023-03-01,상봉,16.48048
2023-04-01,상봉,15.64844
2023-05-01,상봉,16.71355
2023-06-01,상봉,16.05089
2023-07-01,상봉,16.63627
2023-08-01,상봉,16.59137
2023-09-01,상봉,29.12805
2023-10-01,상봉,15.74222
2023-11-01,상봉,14.92459
2023-12-01,상봉,15.86564
2024-01-01,상봉,15.4962
2024-02-01,상봉,15.30469
2024-03-01,상봉,16.76158
2024-04-01,상봉,16.01329
2024-05-01,상봉,17.31021
2024-06-01,상봉,15.99429
2024-07-01,상봉,18.64765
2024-08-01,상봉,16.78455
2024-09-01,상봉,14.84335
2024-10-01,상봉,15.20152
2024-11-01,상봉,15.41893
2024-12-01,상봉,16.44414
2020-01-01,용산해방촌,9.72898
2020-02-01,용산해방촌,8.07452
2020-03-01,용산해방촌,9.76177
2020-04-01,용산해방촌,11.17773
2020-05-01,용산해방촌,31.33553
2020-06-01,용산해방촌,7.51085
2020-07-01,용산해방촌,11.43168
2020-08-01,용산해방촌,10.2726
2020-09-01,용산해방촌,9.49737
2020-10-01,용산해방촌,13.42802
2020-11-01,용산해방촌,10.51695
2020-12-01,용산해방촌,3.46596
2021-01-01,용산해방촌,6.5911
2021-02-01,용산해방촌,13.46081
2021-03-01,용산해방촌,13.56481
2021-04-01,용산해방촌,13.60157
2021-05-01,용산해방촌,17.343
2021-06-01,용산해방촌,18.18694
2021-07-01,용산해방촌,11.11591
2021-08-01,용산해방촌,14.93169
2021-09-01,용산해방촌,17.25383
2021-10-01,용산해방촌,18.47702
2021-11-01,용산해방촌,16.50011
2021-12-01,용산해방촌,13.70912
2022-01-01,용산해방촌,14.19218
2022-02-01,용산해방촌,12.71315
2022-03-01,용산해방촌,17.07965
2022-04-01,용산해방촌,19.96712
2022-05-01,용산해방촌,23.81214
2022-06-01,용산해방촌,19.73468
2022-07-01,용산해방촌,19.48323
2022-08-01,용산해방촌,22.43169
2022-09-01,용산해방촌,21.94738
2022-10-01,용산해방촌,22.15852
2022-11-01,용산해방촌,13.07716
2022-12-01,용산해방촌,13.73857
2023-01-01,용산해방촌,13.94219
2023-02-01,용산해방촌,15.18961
2023-03-01,용산해방촌,16.06509
2023-04-01,용산해방촌,14.92209
2023-05-01,용산해방촌,16.10644
2023-06-01,용산해방촌,19.25497
2023-07-01,용산해방촌,18.88281
2023-08-01,용산해방촌,18.51482
2023-09-01,용산해방촌,17.66399
2023-10-01,용산해방촌,23.65864
2023-11-01,용산해방촌,18.74184
2023-12-01,용산해방촌,17.09448
2024-01-01,용산해방촌,18.67647
2024-02-01,용산해방촌,20.81336
2024-03-01,용산해방촌,21.69426
2024-04-01,용산해방촌,21.48834
2024-05-01,용산해방촌,24.44223
2024-06-01,용산해방촌,24.83339
2024-07-01,용산해방촌,26.82283
2024-08-01,용산해방촌,24.36433
2024-09-01,용산해방촌,23.78353
2024-10-01,용산해방촌,31.98629
2024-11-01,용산해방촌,30.60771
2024-12-01,용산해방촌,24.90419
